sale_id,date_id,product_id,store_id,customer_id,revenue,cost,profit,quantity,discount,returns
1,878,29,10,26,165.0,123.66,41.34,3,0.0,0
2,1011,3,1,8,1270.75,739.57,531.18,2,0.15,0
3,131,13,7,39,540.0,324.15,215.85,4,0.1,0
4,24,22,2,44,123.2,74.33,48.87,5,0.2,0
5,229,10,7,11,1064.0,788.17,275.83,4,0.0,0
6,540,17,3,33,288.8,194.96,93.84,1,0.2,0
7,1040,20,4,10,1296.0,754.67,541.33,3,0.2,1
8,1087,30,1,39,461.7,255.73,205.97,3,0.05,1
9,630,8,1,16,4895.0,2776.1,2118.9,5,0.0,0
10,142,25,9,50,70.0,47.74,22.26,2,0.0,1
11,339,9,9,39,1728.0,1271.43,456.57,4,0.0,0
12,412,23,5,26,254.36,185.66,68.7,3,0.05,0
13,508,8,2,22,801.0,529.29,271.71,1,0.1,0
14,15,3,1,15,715.0,516.18,198.82,1,0.0,0
15,488,9,8,14,1600.0,1111.47,488.53,5,0.0,1
16,969,8,8,27,1691.0,962.83,728.17,2,0.0,0
17,868,14,8,47,80.75,54.97,25.78,1,0.15,0
18,125,13,6,7,300.0,176.41,123.59,2,0.0,0
19,865,6,5,30,768.0,564.21,203.79,2,0.2,0
20,201,2,9,1,2016.0,1450.99,565.01,1,0.2,0
21,995,16,4,26,1540.0,963.72,576.28,1,0.0,1
22,544,30,8,19,387.6,287.39,100.21,4,0.15,1
23,997,5,4,19,7700.0,5126.94,2573.06,2,0.0,0
24,643,2,1,38,11592.0,8507.11,3084.89,4,0.1,0
25,117,17,2,12,191.52,107.94,83.58,1,0.1,0
26,827,4,10,16,2772.0,1546.63,1225.37,5,0.1,0
27,1071,11,5,14,7290.0,4396.77,2893.23,3,0.0,0
28,615,15,6,49,2420.0,1552.81,867.19,1,0.0,1
29,205,3,9,14,2925.0,1686.24,1238.76,5,0.0,0
30,141,29,4,24,165.0,105.21,59.79,3,0.0,0
31,620,20,9,1,2475.0,1822.47,652.53,5,0.0,0
32,276,9,2,7,1840.0,1112.22,727.78,5,0.0,0
33,703,7,5,33,28080.0,20528.37,7551.63,4,0.0,0
34,190,21,7,18,40.5,24.98,15.52,1,0.0,0
35,537,6,8,36,1641.6,906.05,735.55,4,0.1,0
36,306,18,1,24,3510.0,2034.46,1475.54,5,0.1,0
37,632,12,1,23,12155.0,7291.86,4863.14,2,0.15,0
38,833,20,3,16,576.0,410.2,165.8,2,0.2,1
39,51,6,6,27,1008.0,586.49,421.51,2,0.0,0
40,784,28,1,31,79.8,56.92,22.88,2,0.0,0
41,626,27,4,15,60.78,35.78,25.0,1,0.15,0
42,143,25,5,23,166.25,114.03,52.22,5,0.05,0
43,679,1,2,17,2592.0,1924.58,667.42,2,0.1,0
44,223,20,7,23,1218.38,817.83,400.55,3,0.05,0
45,789,29,10,13,173.25,119.85,53.4,3,0.0,0
46,404,12,7,5,18427.5,11292.06,7135.44,3,0.1,0
47,616,17,5,43,1672.0,1054.16,617.84,4,0.0,0
48,261,7,7,43,19448.0,13606.34,5841.66,4,0.15,0
49,617,13,9,1,495.0,293.06,201.94,3,0.0,0
50,660,15,8,29,4554.0,2935.68,1618.32,2,0.1,1
51,348,22,2,19,160.65,108.69,51.96,5,0.15,0
52,482,22,5,15,44.8,24.86,19.94,2,0.0,0
53,974,20,2,30,1453.5,966.77,486.73,4,0.15,0
54,787,16,7,16,2499.0,1718.12,780.88,2,0.15,1
55,219,25,7,15,53.2,39.45,13.75,2,0.2,0
56,103,18,4,8,1456.0,1034.17,421.83,4,0.0,0
57,650,25,8,40,191.19,136.91,54.28,5,0.05,0
58,326,24,8,29,1209.6,725.09,484.51,3,0.2,0
59,1068,16,4,18,7560.0,5236.88,2323.12,4,0.0,0
60,688,11,9,6,4320.0,2575.81,1744.19,2,0.0,0
61,439,3,7,27,1491.75,959.47,532.28,3,0.1,0
62,861,13,10,45,120.0,87.14,32.86,1,0.2,0
63,977,1,6,20,4224.0,3076.46,1147.54,4,0.2,0
64,452,16,4,18,3165.4,1759.35,1406.05,4,0.05,0
65,829,24,3,30,423.36,278.07,145.29,2,0.1,1
66,56,3,7,9,2730.0,1528.96,1201.04,4,0.0,0
67,434,15,6,22,7480.0,5239.01,2240.99,4,0.0,0
68,517,27,2,31,52.49,34.53,17.96,1,0.15,1
69,717,8,2,50,961.2,534.63,426.57,1,0.2,0
70,42,20,3,16,897.75,613.96,283.79,2,0.05,0
71,447,15,5,50,3927.0,2635.72,1291.28,3,0.0,1
72,235,25,3,20,29.92,16.61,13.31,1,0.1,0
73,769,13,4,5,669.38,479.35,190.03,5,0.15,0
74,618,28,10,8,167.2,93.33,73.87,5,0.2,0
75,759,3,9,42,2145.0,1544.22,600.78,3,0.0,0
76,217,14,6,41,306.85,178.16,128.69,4,0.15,0
77,1069,21,5,40,243.0,157.15,85.85,5,0.2,0
78,550,11,4,6,4617.0,2764.53,1852.47,3,0.05,0
79,777,11,1,32,5670.0,3671.38,1998.62,3,0.0,0
80,530,11,5,39,4617.0,2548.72,2068.28,3,0.1,1
81,176,8,7,32,3382.0,2022.66,1359.34,5,0.2,0
82,1006,15,1,6,7590.0,4788.38,2801.62,3,0.0,0
83,756,16,9,34,4389.0,3288.79,1100.21,3,0.05,0
84,721,23,8,18,344.25,205.21,139.04,3,0.0,0
85,647,4,9,49,2530.0,1500.99,1029.01,2,0.0,0
86,1075,20,5,7,1215.0,723.53,491.47,2,0.0,0
87,29,23,9,9,280.5,208.93,71.57,3,0.0,0
88,259,21,8,7,44.55,27.04,17.51,1,0.1,0
89,698,6,1,17,2304.0,1646.03,657.97,4,0.0,0
90,152,19,1,10,1824.0,1208.52,615.48,2,0.2,0
91,509,4,9,49,3960.0,2650.13,1309.87,4,0.1,0
92,1071,13,8,29,486.0,324.5,161.5,3,0.2,0
93,124,20,2,49,765.0,453.04,311.96,2,0.15,0
94,322,8,3,36,1068.0,587.97,480.03,1,0.0,0
95,963,10,1,15,678.3,411.42,266.88,3,0.15,0
96,146,22,4,17,119.0,84.58,34.42,5,0.15,0
97,236,18,4,42,1235.0,883.43,351.57,2,0.0,0
98,340,26,5,39,148.5,94.72,53.78,5,0.0,0
99,623,23,7,18,420.75,272.97,147.78,5,0.1,0
100,82,29,7,48,126.22,75.74,50.48,3,0.1,0
101,43,25,5,37,29.4,20.62,8.78,1,0.2,0
102,906,30,5,12,541.5,366.57,174.93,5,0.05,0
103,187,16,6,27,3780.0,2585.62,1194.38,3,0.0,0
104,676,14,8,19,364.8,256.13,108.67,4,0.2,0
105,181,11,5,21,1368.0,862.98,505.02,1,0.2,0
106,3,22,9,30,123.2,72.38,50.82,4,0.0,0
107,1021,21,8,49,51.75,31.23,20.52,1,0.0,0
108,590,15,8,8,1776.5,1193.41,583.09,1,0.15,0
109,325,10,9,1,1596.0,907.55,688.45,5,0.05,1
110,233,15,2,42,3971.0,2924.76,1046.24,2,0.05,0
111,560,14,8,31,162.45,107.26,55.19,2,0.05,0
112,1041,24,3,5,1209.6,856.4,353.2,3,0.2,0
113,1040,9,1,19,921.6,615.06,306.54,3,0.2,1
114,1003,28,3,29,198.55,122.91,75.64,5,0.05,0
115,773,15,6,13,4158.0,2605.38,1552.62,2,0.1,0
116,842,2,6,48,7616.0,5580.14,2035.86,4,0.15,0
117,312,16,1,9,7560.0,4659.98,2900.02,5,0.1,0
118,902,4,9,30,888.25,514.15,374.1,1,0.15,0
119,317,3,8,17,2106.0,1450.07,655.93,3,0.1,0
120,673,28,9,25,116.28,80.67,35.61,3,0.15,0
121,74,20,2,16,1147.5,802.51,344.99,3,0.0,0
122,202,25,2,29,53.55,32.66,20.89,2,0.15,0
123,665,26,1,19,75.9,48.28,27.62,3,0.0,0
124,844,19,3,11,1920.0,1290.04,629.96,2,0.0,0
125,494,16,10,10,2660.0,1802.37,857.63,2,0.05,0
126,20,29,8,19,302.5,170.84,131.66,5,0.0,1
127,613,21,7,45,141.08,101.45,39.63,3,0.05,0
128,788,28,8,7,75.81,50.37,25.44,2,0.05,0
129,605,1,7,18,1026.0,741.81,284.19,1,0.1,0
130,101,30,10,48,215.04,157.16,57.88,4,0.2,0
131,472,20,6,15,453.6,272.22,181.38,2,0.1,0
132,281,21,2,41,51.75,36.62,15.13,1,0.0,0
133,748,24,3,6,1386.0,969.5,416.5,3,0.0,0
134,271,26,9,24,108.9,79.79,29.11,5,0.1,0
135,527,30,8,19,273.6,156.78,116.82,3,0.2,1
136,289,25,4,44,128.8,91.57,37.23,4,0.2,0
137,809,1,5,35,678.3,423.07,255.23,1,0.05,0
138,537,19,7,41,3420.0,2342.59,1077.41,3,0.0,0
139,672,30,10,15,122.4,87.49,34.91,1,0.15,1
140,619,21,7,8,99.0,73.19,25.81,2,0.0,0
141,1009,4,2,16,6325.0,3970.39,2354.61,5,0.0,0
142,859,19,3,27,960.0,621.95,338.05,1,0.2,0
143,573,2,6,14,9576.0,7087.3,2488.7,4,0.05,0
144,204,22,6,35,75.6,47.6,28.0,3,0.0,0
145,251,28,8,6,71.06,48.17,22.89,2,0.15,1
146,104,26,6,16,19.71,13.07,6.64,2,0.2,0
147,425,19,4,15,2448.0,1418.64,1029.36,3,0.2,1
148,6,9,3,9,1760.0,1249.08,510.92,5,0.0,0
149,53,5,1,23,6615.0,4066.6,2548.4,2,0.1,0
150,108,5,7,34,1666.0,937.48,728.52,1,0.15,0
151,742,17,10,7,1504.8,894.32,610.48,4,0.1,0
152,1068,10,8,42,378.0,283.39,94.61,1,0.0,0
153,874,22,2,32,112.0,81.74,30.26,4,0.0,0
154,304,3,3,18,3176.88,2119.21,1057.67,5,0.15,0
155,781,20,9,19,1701.0,1141.52,559.48,4,0.1,0
156,235,28,9,47,68.59,43.92,24.67,2,0.05,0
157,695,27,8,26,265.2,150.9,114.3,4,0.15,0
158,523,12,3,44,24700.0,14035.65,10664.35,4,0.0,0
159,885,4,6,9,5225.0,3486.61,1738.39,5,0.0,0
160,676,22,2,27,80.64,55.08,25.56,3,0.2,0
161,106,10,10,20,470.4,313.09,157.31,3,0.0,0
162,988,8,2,23,4895.0,2804.72,2090.28,5,0.0,0
163,464,26,7,36,55.44,37.98,17.46,5,0.1,0
164,548,1,3,18,3240.0,2009.46,1230.54,3,0.0,0
165,294,19,7,5,2346.0,1587.38,758.62,2,0.15,0
166,1087,7,7,27,28080.0,16328.01,11751.99,4,0.0,0
167,665,25,10,39,40.25,23.39,16.86,1,0.0,0
168,102,22,2,18,53.31,33.84,19.47,4,0.15,0
169,849,9,4,49,1280.0,792.36,487.64,5,0.0,0
170,997,17,5,3,794.2,593.18,201.02,2,0.05,0
171,419,10,4,50,470.4,282.76,187.64,2,0.2,0
172,16,16,7,12,2926.0,1920.97,1005.03,2,0.05,0
173,726,3,7,48,833.62,461.62,372.0,1,0.05,1
174,642,19,7,37,4692.0,3181.31,1510.69,4,0.15,0
175,830,1,6,11,3192.0,2286.77,905.23,5,0.05,1
176,181,14,2,16,324.9,204.72,120.18,4,0.1,0
177,636,24,6,15,1108.8,647.13,461.67,3,0.2,0
178,234,17,9,13,1083.0,753.2,329.8,3,0.0,0
179,303,8,2,10,3070.5,1795.32,1275.18,3,0.0,0
180,155,6,8,30,1824.0,1214.59,609.41,5,0.2,0
181,662,28,6,10,174.8,112.53,62.27,4,0.0,0
182,563,19,1,23,5400.0,3305.24,2094.76,5,0.0,0
183,117,12,5,5,3276.0,2191.04,1084.96,1,0.1,0
184,85,15,10,42,3740.0,2509.54,1230.46,2,0.0,0
185,127,15,2,22,1980.0,1344.87,635.13,1,0.1,0
186,897,15,9,34,10450.0,6508.05,3941.95,5,0.0,1
187,794,14,6,44,403.75,285.79,117.96,5,0.0,0
188,135,11,2,36,7200.0,4322.87,2877.13,4,0.0,0
189,308,11,2,38,4320.0,2644.04,1675.96,2,0.0,0
190,803,5,10,46,2082.5,1378.17,704.33,1,0.0,0
191,673,27,3,43,390.0,264.89,125.11,5,0.0,0
192,742,1,6,20,2640.0,1632.43,1007.57,2,0.0,0
193,394,8,3,10,979.0,703.79,275.21,1,0.0,0
194,1079,2,6,50,18900.0,12652.59,6247.41,5,0.0,0
195,371,27,10,11,286.0,180.8,105.2,4,0.0,0
196,487,15,10,19,8800.0,5779.86,3020.14,4,0.0,0
197,961,29,4,24,248.19,159.42,88.77,5,0.05,0
198,783,17,9,27,638.4,376.62,261.78,2,0.2,0
199,513,2,8,24,14000.0,9691.92,4308.08,5,0.0,0
200,256,10,2,49,616.0,394.16,221.84,2,0.0,0
201,896,3,4,29,1852.5,1172.59,679.91,3,0.0,0
202,766,8,7,6,2803.5,1557.73,1245.77,3,0.0,1
203,687,26,3,9,26.4,19.36,7.04,1,0.0,0
204,285,25,8,29,201.25,147.15,54.1,5,0.0,0
205,442,27,3,36,248.62,157.79,90.83,5,0.1,0
206,487,10,2,4,532.0,360.58,171.42,2,0.05,0
207,129,4,8,39,5500.0,3720.15,1779.85,5,0.0,0
208,295,10,7,1,1610.0,962.96,647.04,5,0.0,0
209,176,17,6,5,1624.5,1058.31,566.19,5,0.1,1
210,42,13,8,3,630.0,378.46,251.54,4,0.0,0
211,139,12,4,47,5200.0,3465.18,1734.82,1,0.2,0
212,274,2,6,35,7728.0,5243.9,2484.1,3,0.2,0
213,952,23,8,41,129.2,74.54,54.66,2,0.2,0
214,938,2,5,13,2016.0,1189.23,826.77,1,0.2,0
215,636,17,7,35,1672.0,931.85,740.15,4,0.0,0
216,586,12,1,42,18525.0,10649.93,7875.07,3,0.0,0
217,820,24,8,25,749.7,486.74,262.96,3,0.0,0
218,1064,9,2,47,1536.0,977.08,558.92,4,0.0,1
219,370,18,5,21,715.0,440.14,274.86,1,0.0,0
220,914,20,7,11,1620.0,1035.87,584.13,4,0.0,0
221,723,20,7,18,607.5,415.67,191.83,1,0.0,0
222,1051,26,3,2,42.24,28.36,13.88,2,0.2,0
223,72,5,2,16,8925.0,5592.15,3332.85,3,0.0,0
224,315,22,8,24,95.76,67.28,28.48,3,0.05,0
225,1085,12,7,21,26325.0,19535.89,6789.11,3,0.0,0
226,382,16,9,25,7700.0,4638.14,3061.86,5,0.0,0
227,914,7,10,19,18720.0,10755.15,7964.85,4,0.0,0
228,926,6,8,6,1101.6,682.42,419.18,3,0.15,0
229,595,29,5,11,83.6,52.02,31.58,2,0.2,0
230,412,26,3,16,92.4,57.49,34.91,4,0.0,0
231,958,26,9,9,104.5,58.85,45.65,5,0.0,0
232,981,17,7,50,1337.6,889.48,448.12,4,0.2,0
233,650,21,2,29,175.95,114.98,60.97,4,0.15,0
234,373,25,3,28,154.0,86.41,67.59,5,0.2,0
235,314,10,3,11,856.8,509.88,346.92,3,0.15,1
236,1063,29,5,6,198.0,134.05,63.95,3,0.0,0
237,257,21,5,40,247.5,161.0,86.5,5,0.0,0
238,316,6,10,47,2880.0,2069.3,810.7,5,0.0,0
239,59,3,1,42,3412.5,2321.27,1091.23,5,0.0,0
240,854,20,1,32,2250.0,1526.36,723.64,5,0.0,0
241,502,26,7,20,88.0,60.52,27.48,4,0.0,0
242,852,16,8,14,3780.0,2187.61,1592.39,3,0.1,0
243,654,24,6,26,772.8,482.31,290.49,2,0.2,0
244,654,8,8,8,2916.97,1748.97,1168.0,3,0.05,0
245,595,13,10,27,228.0,166.55,61.45,2,0.2,0
246,641,7,3,32,28405.0,18456.2,9948.8,5,0.05,0
247,48,3,7,33,2730.0,1618.97,1111.03,4,0.0,0
248,104,10,8,39,627.2,412.28,214.92,4,0.0,0
249,883,5,5,47,7980.0,5032.59,2947.41,3,0.2,0
250,105,19,9,13,1814.4,1102.65,711.75,3,0.1,0
251,923,25,9,18,133.88,90.0,43.88,5,0.15,0
252,199,13,6,22,675.0,473.17,201.83,5,0.0,0
253,1043,13,9,3,180.0,103.93,76.07,1,0.0,0
254,971,17,8,10,1624.5,938.89,685.61,5,0.1,1
255,653,6,7,40,1490.4,919.99,570.41,3,0.1,0
256,1091,16,10,20,6048.0,3346.52,2701.48,4,0.2,0
257,225,14,10,20,81.22,52.38,28.84,1,0.1,1
258,467,24,1,38,940.8,616.08,324.72,4,0.0,0
259,779,5,4,3,15618.75,8933.6,6685.15,5,0.15,0
260,643,14,3,27,207.57,135.0,72.57,2,0.05,0
261,966,28,1,46,64.98,38.43,26.55,2,0.1,0
262,980,17,7,21,794.2,581.69,212.51,2,0.05,0
263,726,22,5,40,151.2,112.11,39.09,4,0.0,0
264,612,8,5,50,2496.45,1476.54,1019.91,3,0.15,0
265,650,16,6,36,4830.0,2774.23,2055.77,3,0.0,0
266,778,29,7,23,115.5,64.5,51.0,2,0.0,1
267,162,12,8,42,15746.25,10169.18,5577.07,3,0.15,0
268,556,30,9,45,324.0,185.28,138.72,3,0.0,0
269,491,8,1,43,4450.0,3015.27,1434.73,5,0.0,0
270,847,11,8,7,2880.0,2139.56,740.44,2,0.0,1
271,324,14,8,31,182.4,135.48,46.92,2,0.2,0
272,122,30,2,42,600.0,394.22,205.78,5,0.0,0
273,77,30,3,27,204.0,152.88,51.12,2,0.0,0
274,1015,6,5,3,552.0,366.3,185.7,1,0.0,0
275,687,10,8,42,1512.0,980.96,531.04,5,0.1,1
276,1033,15,5,13,2530.0,1473.72,1056.28,1,0.0,0
277,527,23,3,1,193.8,118.03,75.77,3,0.2,0
278,396,6,10,41,1689.6,1073.81,615.79,4,0.2,0
279,821,22,2,12,31.65,19.46,12.19,2,0.05,0
280,535,13,4,29,427.5,260.94,166.56,3,0.0,0
281,24,9,6,45,704.0,481.22,222.78,2,0.0,0
282,328,13,9,46,459.0,263.23,195.77,3,0.15,1
283,605,12,10,15,12350.0,7973.61,4376.39,2,0.0,0
284,766,14,9,31,399.0,272.44,126.56,5,0.2,0
285,507,22,10,6,133.0,87.2,45.8,5,0.05,0
286,230,2,9,33,4788.0,3147.31,1640.69,2,0.1,0
287,1066,15,2,44,5049.0,3365.81,1683.19,2,0.15,0
288,1046,15,1,30,4752.0,3008.42,1743.58,2,0.1,0
289,947,22,5,47,25.27,15.18,10.09,1,0.05,0
290,447,19,2,3,2856.0,1970.86,885.14,4,0.0,0
291,124,30,2,31,120.0,75.81,44.19,1,0.0,0
292,861,12,7,29,24700.0,13981.43,10718.57,4,0.05,1
293,273,21,6,8,89.1,56.01,33.09,2,0.1,0
294,457,27,1,49,36.4,23.39,13.01,1,0.0,0
295,869,18,7,15,1235.0,764.75,470.25,2,0.05,0
296,232,2,7,40,2660.0,1572.64,1087.36,1,0.0,0
297,69,15,10,44,1870.0,1305.46,564.54,1,0.0,0
298,480,18,4,49,520.0,338.41,181.59,1,0.0,0
299,654,19,10,50,4140.0,2526.86,1613.14,3,0.0,0
300,1068,8,7,20,3604.5,2383.81,1220.69,3,0.0,0
301,359,21,7,36,243.0,180.9,62.1,4,0.0,1
302,781,26,9,21,87.78,50.9,36.88,4,0.05,0
303,970,8,4,20,1352.8,869.32,483.48,2,0.2,0
304,846,14,9,34,144.4,86.43,57.97,2,0.05,0
305,162,30,8,24,102.6,71.3,31.3,1,0.1,0
306,550,13,10,39,108.0,60.97,47.03,1,0.2,0
307,445,16,4,22,3570.0,2114.73,1455.27,3,0.0,0
308,241,24,8,16,1695.75,1002.02,693.73,5,0.15,1
309,659,25,5,25,144.9,98.49,46.41,4,0.1,0
310,737,17,8,30,334.4,249.55,84.85,1,0.2,0
311,656,30,4,24,393.3,219.91,173.39,3,0.05,0
312,299,1,5,36,6210.0,4309.75,1900.25,5,0.1,0
313,402,11,4,25,7560.0,4529.54,3030.46,5,0.2,0
314,692,9,8,47,1459.2,851.66,607.54,4,0.05,0
315,347,5,9,32,8505.0,6362.29,2142.71,2,0.1,1
316,1074,2,2,43,3024.0,1667.06,1356.94,1,0.2,0
317,474,3,3,1,655.2,420.12,235.08,2,0.1,0
318,990,22,8,2,27.72,18.3,9.42,1,0.1,0
319,1085,24,5,35,1701.0,1106.4,594.6,3,0.0,0
320,882,26,3,7,19.8,11.48,8.32,1,0.1,0
321,1079,9,6,18,1728.0,1079.33,648.67,4,0.0,0
322,499,23,4,20,72.25,54.07,18.18,1,0.15,0
323,65,3,7,25,1989.0,1283.3,705.7,4,0.1,0
324,351,3,8,28,2369.25,1766.19,603.06,3,0.1,1
325,1082,30,1,15,259.2,178.45,80.75,2,0.2,0
326,556,2,2,44,6804.0,4509.02,2294.98,3,0.1,0
327,645,1,4,38,2208.0,1576.82,631.18,2,0.2,0
328,158,10,3,37,478.8,343.27,135.53,2,0.1,0
329,680,13,3,45,162.0,113.25,48.75,1,0.1,0
330,201,14,4,5,230.85,162.47,68.38,3,0.1,1
331,813,25,6,2,49.98,37.41,12.57,3,0.2,0
332,729,18,7,28,1491.75,995.26,496.49,2,0.15,0
333,605,26,4,46,20.9,12.62,8.28,1,0.0,0
334,316,24,7,21,1512.0,859.28,652.72,3,0.0,1
335,911,12,5,7,12350.0,7255.36,5094.64,2,0.0,0
336,1050,14,2,2,114.0,75.34,38.66,1,0.0,0
337,665,28,7,1,124.55,78.16,46.39,3,0.05,0
338,498,19,9,11,4800.0,2773.29,2026.71,4,0.0,0
339,1010,5,2,11,16100.0,10210.95,5889.05,4,0.0,0
340,158,12,5,16,22230.0,14968.21,7261.79,4,0.1,0
341,278,10,1,26,772.8,520.9,251.9,3,0.2,0
342,675,15,6,28,13200.0,8053.15,5146.85,5,0.0,0
343,412,16,6,12,5880.0,3576.74,2303.26,4,0.0,0
344,1006,19,4,21,5520.0,3937.41,1582.59,4,0.0,0
345,234,30,10,13,513.0,300.61,212.39,5,0.1,0
346,56,24,8,46,837.9,594.52,243.38,2,0.05,0
347,142,27,7,44,260.0,175.93,84.07,4,0.0,0
348,316,23,7,25,96.9,72.49,24.41,1,0.05,0
349,821,18,9,45,1392.3,776.0,616.3,4,0.1,1
350,175,4,4,43,3135.0,2129.92,1005.08,3,0.0,0
351,819,25,6,28,20.82,11.86,8.96,1,0.0,0
352,1063,18,10,45,3900.0,2492.71,1407.29,5,0.0,0
353,1025,5,6,2,16100.0,9806.29,6293.71,4,0.0,1
354,176,4,3,23,3135.0,2009.74,1125.26,3,0.0,0
355,990,12,8,7,24310.0,16758.16,7551.84,4,0.15,0
356,615,2,2,2,7854.0,4491.49,3362.51,3,0.15,0
357,500,17,3,36,760.0,503.1,256.9,2,0.0,1
358,475,26,7,41,24.64,16.71,7.93,2,0.0,0
359,60,24,10,13,1285.2,817.27,467.93,4,0.1,0
360,440,7,5,49,3978.0,2268.85,1709.15,1,0.1,0
361,383,12,6,13,28600.0,17230.66,11369.34,4,0.0,0
362,1081,21,6,39,218.7,137.45,81.25,4,0.1,0
363,721,28,8,40,82.08,56.2,25.88,2,0.2,0
364,174,22,3,21,26.6,16.25,10.35,1,0.0,0
365,290,17,7,27,2185.0,1452.94,732.06,5,0.0,0
366,997,21,9,45,89.1,51.98,37.12,2,0.1,0
367,384,11,8,40,1584.0,984.94,599.06,1,0.2,0
368,280,7,7,36,25415.0,16494.18,8920.82,5,0.15,0
369,852,23,8,32,170.0,112.72,57.28,2,0.0,0
370,452,10,1,18,299.88,182.25,117.63,2,0.1,0
371,1015,18,9,8,3737.5,2255.87,1481.63,5,0.0,0
372,752,18,1,49,2574.0,1528.21,1045.79,4,0.1,0
373,507,10,1,29,840.0,606.85,233.15,3,0.0,0
374,241,25,4,14,141.31,87.63,53.68,5,0.15,0
375,877,6,10,9,768.0,454.19,313.81,2,0.2,0
376,719,18,5,39,4387.5,2697.13,1690.37,5,0.0,0
377,593,19,5,33,1140.0,846.51,293.49,1,0.0,0
378,122,9,3,45,640.0,370.72,269.28,2,0.0,0
379,507,25,7,32,63.0,42.62,20.38,2,0.1,0
380,769,15,2,41,2194.5,1433.28,761.22,1,0.05,0
381,756,15,8,21,12100.0,8757.76,3342.24,5,0.0,0
382,191,24,8,41,907.2,510.45,396.75,3,0.2,0
383,447,14,4,32,169.57,121.36,48.21,3,0.0,0
384,268,19,8,22,1320.0,752.29,567.71,1,0.0,0
385,942,1,2,11,4104.0,2257.75,1846.25,4,0.05,1
386,415,23,3,42,267.75,194.09,73.66,3,0.0,0
387,192,21,6,17,40.5,27.66,12.84,1,0.0,0
388,107,13,5,47,159.6,108.7,50.9,2,0.05,0
389,3,7,8,5,10296.0,6128.57,4167.43,2,0.1,0
390,20,1,6,8,4488.0,2587.04,1900.96,4,0.15,0
391,785,3,2,7,2047.5,1486.89,560.61,3,0.0,0
392,273,21,3,5,222.75,122.89,99.86,5,0.1,0
393,902,12,4,41,11732.5,7898.5,3834.0,2,0.05,0
394,445,3,2,9,497.25,346.09,151.16,1,0.1,0
395,880,11,3,16,4590.0,2601.84,1988.16,3,0.15,0
396,584,25,1,43,99.75,65.19,34.56,3,0.0,0
397,803,10,1,16,633.08,362.47,270.61,4,0.05,0
398,146,17,1,24,1140.0,715.2,424.8,3,0.0,0
399,862,12,9,44,10400.0,6699.71,3700.29,2,0.2,1
400,150,1,10,5,1200.0,711.78,488.22,1,0.0,1
401,816,17,5,41,904.4,572.56,331.84,5,0.2,0
402,169,21,9,35,213.75,129.42,84.33,5,0.0,0
403,1048,30,4,10,720.0,452.27,267.73,5,0.0,0
404,136,10,7,47,560.0,335.38,224.62,2,0.0,1
405,238,15,10,39,2090.0,1427.92,662.08,1,0.0,0
406,360,4,1,46,2524.5,1394.21,1130.29,2,0.15,0
407,711,17,9,47,1539.0,960.91,578.09,3,0.0,0
408,551,24,2,50,378.0,268.92,109.08,1,0.0,0
409,131,9,10,41,304.0,194.88,109.12,1,0.05,0
410,1024,28,10,11,131.1,78.79,52.31,3,0.0,0
411,237,8,9,1,676.4,488.76,187.64,1,0.2,0
412,967,12,7,10,9880.0,5503.88,4376.12,2,0.2,0
413,859,8,6,16,3026.0,1857.92,1168.08,4,0.15,0
414,764,4,9,44,1155.0,686.81,468.19,1,0.0,0
415,95,13,2,30,201.6,144.94,56.66,3,0.2,0
416,936,1,6,13,2916.0,2061.32,854.68,3,0.1,0
417,497,15,6,38,7040.0,4964.45,2075.55,4,0.2,0
418,503,5,1,27,3500.0,2304.08,1195.92,1,0.0,0
419,20,11,1,49,6336.0,4420.1,1915.9,4,0.2,0
420,421,17,4,27,1596.0,1188.24,407.76,4,0.0,0
421,574,3,1,15,2778.75,1917.81,860.94,5,0.05,0
422,174,19,2,33,1938.0,1383.72,554.28,2,0.15,0
423,128,14,3,16,285.0,205.25,79.75,3,0.0,1
424,805,23,6,21,202.3,120.72,81.58,4,0.0,1
425,279,25,10,7,80.5,46.92,33.58,2,0.0,0
426,833,4,9,23,1672.0,1022.7,649.3,2,0.05,0
427,246,3,3,44,1716.0,1185.65,530.35,3,0.2,0
428,441,27,6,10,46.96,28.16,18.8,1,0.15,0
429,1052,2,5,17,6720.0,4975.62,1744.38,2,0.0,0
430,512,4,8,7,2200.0,1215.26,984.74,2,0.0,0
431,456,5,4,26,4998.0,3378.95,1619.05,3,0.15,0
432,531,30,2,2,114.0,83.28,30.72,1,0.0,0
433,264,3,6,8,679.25,380.47,298.78,1,0.05,1
434,888,27,7,32,58.66,40.28,18.38,1,0.05,0
435,440,30,3,18,290.7,211.25,79.45,3,0.05,0
436,504,21,5,32,162.0,104.62,57.38,4,0.1,0
437,785,5,7,13,18375.0,12424.27,5950.73,5,0.0,0
438,40,13,6,31,630.0,407.57,222.43,5,0.2,1
439,1029,11,7,18,4140.0,2541.03,1598.97,2,0.0,0
440,576,2,8,34,6048.0,4032.79,2015.21,3,0.2,0
441,327,4,4,43,2640.0,1733.79,906.21,2,0.0,0
442,115,25,4,37,78.4,57.78,20.62,4,0.0,1
443,356,6,4,38,1555.2,1084.94,470.26,3,0.2,0
444,58,23,6,37,446.25,295.69,150.56,5,0.0,0
445,1009,18,5,12,2990.0,1698.47,1291.53,4,0.0,0
446,449,1,9,31,714.0,523.78,190.22,1,0.0,0
447,268,11,3,21,1980.0,1147.49,832.51,1,0.0,0
448,291,25,2,34,120.75,75.43,45.32,3,0.0,1
449,811,19,2,22,2142.0,1236.56,905.44,3,0.0,0
450,895,26,8,42,62.7,43.35,19.35,3,0.0,0
451,731,8,10,12,3916.0,2728.66,1187.34,4,0.0,0
452,364,24,1,45,2693.25,1939.55,753.7,5,0.05,0
453,67,6,10,21,2040.0,1382.98,657.02,5,0.0,0
454,1017,5,6,48,4025.0,2492.93,1532.07,1,0.0,0
455,182,27,6,29,58.5,34.63,23.87,1,0.0,0
456,718,9,2,47,432.0,270.94,161.06,1,0.0,0
457,341,29,7,32,297.0,195.78,101.22,4,0.0,0
458,982,26,10,42,48.4,30.99,17.41,2,0.0,0
459,69,10,1,21,714.0,403.3,310.7,3,0.0,0
460,769,6,2,36,504.0,337.08,166.92,1,0.0,0
461,989,23,1,28,168.3,122.51,45.79,2,0.1,0
462,208,11,4,13,5508.0,3639.81,1868.19,4,0.15,1
463,544,22,5,20,53.2,29.79,23.41,2,0.0,0
464,1006,5,1,24,3823.75,2170.08,1653.67,1,0.05,0
465,984,7,2,2,11440.0,7752.18,3687.82,2,0.0,1
466,970,28,2,20,137.18,88.87,48.31,4,0.05,0
467,187,21,9,25,81.0,58.89,22.11,2,0.0,0
468,913,2,5,29,10080.0,6000.1,4079.9,4,0.0,0
469,127,5,2,6,8400.0,5529.63,2870.37,3,0.2,1
470,466,18,1,25,1729.0,1284.86,444.14,5,0.05,0
471,973,19,4,31,3420.0,2151.05,1268.95,3,0.0,0
472,72,17,10,34,1372.75,1024.83,347.92,5,0.15,0
473,920,6,3,14,864.0,482.57,381.43,2,0.0,0
474,892,7,3,39,14820.0,10850.62,3969.38,3,0.0,1
475,138,3,7,36,2340.0,1439.63,900.37,4,0.1,0
476,939,30,1,45,486.0,318.09,167.91,5,0.1,0
477,849,5,3,37,12600.0,8841.11,3758.89,5,0.1,1
478,217,19,2,19,5700.0,4135.8,1564.2,5,0.0,0
479,995,19,10,31,1320.0,798.71,521.29,1,0.0,0
480,823,2,7,22,3136.0,2192.53,943.47,2,0.0,1
481,763,1,6,20,3780.0,2716.19,1063.81,3,0.0,0
482,202,28,4,9,87.21,55.69,31.52,3,0.15,0
483,552,24,7,39,378.0,241.29,136.71,1,0.0,1
484,834,24,8,49,1344.0,839.71,504.29,5,0.2,0
485,326,3,5,46,3705.0,2138.27,1566.73,5,0.05,0
486,60,6,4,13,408.0,227.1,180.9,1,0.0,0
487,739,23,4,18,224.4,144.25,80.15,3,0.2,0
488,254,22,1,16,87.78,58.71,29.07,3,0.05,0
489,972,19,9,23,3420.0,2453.96,966.04,3,0.0,0
490,186,10,1,25,252.0,181.63,70.37,1,0.0,0
491,439,28,4,42,54.91,32.47,22.44,2,0.15,0
492,1052,1,1,31,2448.0,1431.2,1016.8,2,0.15,0
493,459,9,10,20,510.72,372.36,138.36,3,0.05,0
494,941,9,4,30,734.4,480.39,254.01,3,0.15,0
495,210,1,9,43,2916.0,1981.33,934.67,3,0.1,0
496,612,22,2,31,30.8,23.03,7.77,1,0.0,0
497,568,9,5,13,518.4,364.48,153.92,2,0.1,1
498,828,22,6,44,26.66,14.8,11.86,2,0.15,0
499,606,9,7,26,1033.6,575.78,457.82,4,0.15,0
500,389,11,4,44,8415.0,5949.23,2465.77,5,0.15,1
501,735,17,5,11,2090.0,1272.3,817.7,5,0.0,0
502,530,24,9,49,678.3,495.1,183.2,2,0.15,0
503,456,12,4,48,10374.0,7340.83,3033.17,3,0.05,0
504,534,19,5,30,1083.0,607.28,475.72,1,0.05,0
505,146,16,4,33,1120.0,768.48,351.52,1,0.2,0
506,847,2,3,9,4480.0,2830.64,1649.36,2,0.0,0
507,938,5,6,46,5040.0,2853.46,2186.54,2,0.2,0
508,363,11,1,1,9720.0,5753.04,3966.96,4,0.0,0
509,325,16,2,9,7980.0,5400.05,2579.95,5,0.05,0
510,978,13,1,3,825.0,574.31,250.69,5,0.0,1
511,660,25,9,13,34.21,18.84,15.37,1,0.15,0
512,464,23,6,20,95.2,59.66,35.54,2,0.0,0
513,343,3,1,20,2500.88,1739.53,761.35,3,0.05,0
514,692,14,3,22,456.0,319.21,136.79,4,0.0,0
515,827,1,4,15,1344.0,936.52,407.48,2,0.0,0
516,347,4,6,46,1410.75,1023.23,387.52,1,0.05,0
517,1096,20,1,39,516.38,295.17,221.21,1,0.15,0
518,99,23,2,27,180.88,103.96,76.92,4,0.05,0
519,314,7,1,20,21216.0,12097.28,9118.72,4,0.15,0
520,281,14,2,33,546.25,331.32,214.93,5,0.0,0
521,1020,7,10,13,14352.0,9395.24,4956.76,3,0.2,0
522,840,10,3,3,1064.0,778.92,285.08,5,0.05,0
523,985,11,4,1,1683.0,955.61,727.39,1,0.15,0
524,1012,5,2,50,20125.0,13981.09,6143.91,5,0.0,0
525,525,21,4,30,128.25,82.45,45.8,3,0.0,0
526,358,28,1,19,123.12,84.38,38.74,3,0.2,0
527,238,4,1,1,1776.5,1207.02,569.48,2,0.15,0
528,897,20,5,47,427.5,304.8,122.7,1,0.0,0
529,821,13,8,18,303.45,218.52,84.93,4,0.15,0
530,342,4,3,45,1188.0,691.27,496.73,1,0.2,0
531,989,26,10,44,96.8,65.08,31.72,4,0.0,0
532,60,28,3,31,129.2,94.0,35.2,4,0.0,0
533,130,9,6,1,1280.0,894.37,385.63,5,0.2,0
534,459,22,6,34,66.64,45.99,20.65,5,0.15,0
535,510,16,6,43,5600.0,4019.72,1580.28,4,0.0,0
536,112,1,3,33,2150.4,1395.97,754.43,4,0.2,0
537,1007,11,4,22,6210.0,4045.11,2164.89,3,0.0,0
538,776,13,4,6,598.5,425.09,173.41,4,0.05,0
539,1021,15,6,8,8602.0,5855.16,2746.84,4,0.15,0
540,845,2,9,36,1792.0,1018.18,773.82,1,0.2,0
541,624,29,9,36,102.85,70.38,32.47,2,0.15,1
542,745,27,1,15,286.0,189.34,96.66,4,0.0,0
543,969,23,6,46,323.0,183.94,139.06,4,0.0,0
544,5,11,6,41,5346.0,3498.41,1847.59,3,0.1,0
545,94,29,3,32,49.28,34.17,15.11,2,0.2,0
546,220,9,10,13,608.0,447.51,160.49,2,0.0,0
547,937,27,4,46,175.5,123.1,52.4,3,0.0,0
548,253,25,8,30,173.25,99.95,73.3,5,0.1,0
549,1087,24,1,36,1814.4,1210.25,604.15,4,0.2,1
550,363,23,10,12,229.5,144.01,85.49,2,0.0,0
551,660,17,7,27,1857.25,1304.67,552.58,5,0.15,0
552,703,10,8,9,718.2,481.56,236.64,2,0.05,1
553,1050,10,9,21,1428.0,847.47,580.53,5,0.15,0
554,596,22,6,44,45.22,30.75,14.47,2,0.15,1
555,1032,18,6,46,598.0,371.03,226.97,1,0.2,0
556,855,22,9,19,89.6,49.51,40.09,4,0.2,0
557,781,5,1,43,3675.0,2217.48,1457.52,1,0.0,0
558,587,22,5,10,22.61,15.98,6.63,1,0.15,0
559,67,12,8,7,22100.0,15140.82,6959.18,5,0.2,0
560,460,24,9,25,423.36,299.26,124.1,2,0.1,0
561,590,23,1,25,306.85,227.48,79.37,4,0.05,1
562,641,18,1,1,2242.5,1511.7,730.8,3,0.0,0
563,908,27,4,41,148.2,98.95,49.25,3,0.2,0
564,403,25,4,19,147.0,109.76,37.24,4,0.0,0
565,356,24,9,8,2268.0,1441.77,826.23,4,0.0,0
566,267,6,10,17,528.0,339.64,188.36,1,0.0,1
567,82,5,6,39,2380.0,1752.81,627.19,1,0.2,0
568,617,16,10,36,4620.0,3265.45,1354.55,3,0.0,0
569,451,6,9,5,1428.0,904.19,523.81,5,0.0,0
570,189,12,4,14,17550.0,10918.9,6631.1,3,0.0,0
571,1087,16,9,49,1890.0,1292.36,597.64,1,0.0,0
572,500,2,6,25,2660.0,1599.51,1060.49,1,0.05,0
573,51,30,9,50,340.2,241.73,98.47,3,0.1,0
574,90,10,4,21,1190.0,880.17,309.83,5,0.0,0
575,1093,1,2,14,2592.0,1780.91,811.09,2,0.2,0
576,422,18,7,42,580.12,398.66,181.46,1,0.15,0
577,680,2,2,5,3360.0,2381.71,978.29,1,0.0,0
578,467,30,5,27,255.36,172.63,82.73,4,0.05,0
579,35,13,2,35,133.88,92.92,40.96,1,0.15,0
580,94,23,2,23,238.0,144.7,93.3,5,0.0,0
581,178,10,8,25,851.2,580.64,270.56,4,0.2,0
582,1093,8,3,48,3844.8,2727.87,1116.93,4,0.2,0
583,296,10,6,1,1288.0,851.39,436.61,5,0.2,0
584,11,19,10,26,5940.0,4392.01,1547.99,5,0.1,0
585,705,7,7,42,35100.0,20434.9,14665.1,5,0.0,0
586,518,7,2,12,19760.0,11082.94,8677.06,5,0.2,0
587,945,21,9,5,109.01,61.42,47.59,3,0.15,0
588,998,11,6,9,3960.0,2403.83,1556.17,2,0.0,0
589,397,11,8,29,5103.0,3479.66,1623.34,3,0.1,0
590,313,19,10,24,4104.0,2395.62,1708.38,3,0.05,0
591,454,23,7,18,151.72,104.07,47.65,3,0.0,0
592,983,15,8,23,6897.0,4554.33,2342.67,3,0.05,0
593,168,27,5,9,308.75,186.07,122.68,5,0.0,1
594,157,24,2,2,1695.75,943.24,752.51,5,0.15,0
595,830,25,10,14,17.64,10.62,7.02,1,0.1,1
596,967,21,3,24,171.0,124.54,46.46,4,0.0,0
597,596,5,8,33,16625.0,10463.06,6161.94,5,0.0,0
598,490,28,10,44,60.8,39.69,21.11,2,0.2,0
599,367,19,10,43,2244.0,1562.72,681.28,2,0.15,1
600,83,8,8,15,756.5,471.97,284.53,1,0.0,0
601,424,17,6,25,1516.2,1101.23,414.97,4,0.05,0
602,664,4,9,41,3036.0,2120.29,915.71,3,0.2,0
603,357,13,7,24,860.62,627.95,232.67,5,0.15,0
604,516,13,4,34,600.0,428.07,171.93,4,0.0,0
605,988,29,10,1,302.5,192.99,109.51,5,0.0,0
606,1054,21,5,14,108.0,62.8,45.2,2,0.0,0
607,243,22,4,27,67.83,38.84,28.99,3,0.15,0
608,982,7,10,11,22880.0,13699.04,9180.96,4,0.0,0
609,330,5,9,3,21000.0,11784.83,9215.17,5,0.0,0
610,369,17,7,39,1776.5,983.69,792.81,5,0.15,0
611,581,3,4,29,2933.12,2122.0,811.12,5,0.05,0
612,842,20,3,38,648.0,441.89,206.11,2,0.1,0
613,702,30,8,39,810.0,482.73,327.27,5,0.0,0
614,223,1,4,34,4845.0,3071.53,1773.47,5,0.15,0
615,198,6,8,40,2160.0,1567.19,592.81,5,0.0,0
616,241,3,8,43,1111.5,731.21,380.29,2,0.1,0
617,884,17,7,24,306.85,201.28,105.57,1,0.15,0
618,988,26,7,23,96.8,67.59,29.21,5,0.2,0
619,201,14,3,17,273.6,163.2,110.4,4,0.2,0
620,581,20,9,27,1282.5,706.78,575.72,3,0.0,0
621,15,19,9,8,6600.0,4125.04,2474.96,5,0.0,0
622,647,14,6,7,207.57,141.21,66.36,2,0.05,0
623,868,19,6,40,3060.0,1926.24,1133.76,3,0.15,0
624,989,6,6,36,2508.0,1506.69,1001.31,5,0.05,0
625,706,25,7,48,75.6,54.64,20.96,2,0.2,0
626,471,15,3,7,2217.6,1397.34,820.26,2,0.1,0
627,107,6,7,41,215.04,122.19,92.85,1,0.2,0
628,892,3,2,17,1235.0,699.02,535.98,2,0.0,0
629,788,30,7,40,630.0,436.16,193.84,5,0.0,0
630,359,21,8,29,60.75,43.75,17.0,1,0.0,1
631,1062,10,4,3,1512.0,987.58,524.42,5,0.1,0
632,348,22,1,24,64.26,35.35,28.91,2,0.15,0
633,566,25,7,23,119.7,79.87,39.83,4,0.05,0
634,141,30,2,36,306.0,219.08,86.92,3,0.15,1
635,713,12,5,15,43875.0,28121.76,15753.24,5,0.0,0
636,10,9,3,27,1760.0,1164.64,595.36,5,0.0,0
637,697,4,9,17,5280.0,3741.82,1538.18,5,0.2,0
638,907,13,10,31,228.0,140.89,87.11,2,0.2,0
639,944,29,10,2,209.0,125.73,83.27,4,0.0,0
640,452,22,4,21,66.64,43.54,23.1,4,0.0,0
641,540,8,5,6,2874.7,2011.59,863.11,4,0.15,0
642,366,16,6,23,2772.0,1673.78,1098.22,2,0.1,1
643,390,16,4,16,2464.0,1485.99,978.01,2,0.2,0
644,512,27,10,23,104.0,59.42,44.58,2,0.2,1
645,1009,20,1,49,2587.5,1861.97,725.53,5,0.0,0
646,646,16,10,18,6440.0,4809.9,1630.1,4,0.0,1
647,574,13,4,49,675.0,378.56,296.44,5,0.0,0
648,980,18,1,33,2037.75,1471.42,566.33,3,0.05,0
649,937,4,9,30,2524.5,1392.73,1131.77,3,0.15,0
650,778,19,2,21,3402.0,2457.5,944.5,3,0.1,0
651,539,8,5,31,4227.5,2634.51,1592.99,5,0.0,0
652,432,14,6,24,323.0,206.77,116.23,4,0.0,0
653,469,27,2,47,87.36,52.17,35.19,3,0.2,0
654,781,7,3,48,10374.0,7377.3,2996.7,2,0.05,0
655,1024,5,9,35,9660.0,6253.15,3406.85,3,0.2,0
656,98,13,2,45,168.0,99.64,68.36,2,0.0,0
657,198,15,6,17,5940.0,3932.7,2007.3,3,0.0,1
658,528,12,1,27,6175.0,4467.45,1707.55,1,0.0,1
659,408,19,10,42,6300.0,4699.01,1600.99,5,0.0,0
660,666,22,9,32,128.8,80.66,48.14,4,0.0,0
661,297,28,3,41,124.55,84.23,40.32,3,0.05,0
662,147,3,3,22,1300.0,797.39,502.61,2,0.0,0
663,548,20,7,18,1296.0,936.44,359.56,4,0.2,0
664,1067,15,7,11,4752.0,2635.56,2116.44,2,0.2,0
665,516,24,2,14,798.0,455.34,342.66,2,0.05,0
666,970,18,1,2,2223.0,1562.77,660.23,4,0.1,0
667,538,20,3,6,1710.0,1018.94,691.06,4,0.0,0
668,908,21,3,9,171.0,99.88,71.12,5,0.2,0
669,731,28,6,31,133.76,88.03,45.73,4,0.2,0
670,912,5,9,12,14962.5,9595.58,5366.92,5,0.1,0
671,891,17,9,20,1028.85,676.92,351.93,3,0.05,0
672,905,10,6,27,798.0,487.35,310.65,3,0.0,0
673,280,12,5,31,37375.0,25697.33,11677.67,5,0.0,0
674,978,10,1,50,985.6,599.82,385.78,4,0.2,0
675,15,18,6,13,2574.0,1640.72,933.28,4,0.1,0
676,799,27,7,15,165.75,105.16,60.59,3,0.0,0
677,557,10,9,18,1008.0,726.46,281.54,4,0.0,0
678,594,4,8,40,4180.0,2884.6,1295.4,4,0.0,0
679,657,1,3,4,6900.0,4051.59,2848.41,5,0.0,0
680,552,5,8,47,3150.0,1789.32,1360.68,1,0.0,0
681,445,11,7,20,6120.0,3933.55,2186.45,4,0.0,0
682,677,3,3,4,1872.0,1176.52,695.48,3,0.2,0
683,372,7,5,25,5720.0,4260.94,1459.06,1,0.0,0
684,789,25,8,16,36.75,23.6,13.15,1,0.0,0
685,1068,22,4,31,128.52,95.39,33.13,4,0.15,1
686,325,21,1,48,243.0,139.59,103.41,5,0.1,0
687,612,7,6,4,11440.0,6831.89,4608.11,2,0.0,0
688,31,6,5,38,501.6,355.05,146.55,1,0.05,0
689,87,19,8,45,5100.0,3183.83,1916.17,5,0.0,0
690,323,16,2,44,8400.0,6183.83,2216.17,5,0.0,1
691,123,2,6,42,4760.0,3128.61,1631.39,2,0.15,0
692,1000,8,6,36,2349.6,1711.35,638.25,3,0.2,0
693,44,23,7,23,178.5,130.26,48.24,2,0.0,0
694,897,18,5,35,2470.0,1638.45,831.55,4,0.0,0
695,663,24,8,18,1932.0,1276.87,655.13,5,0.2,0
696,318,15,5,17,13200.0,8458.77,4741.23,5,0.0,0
697,1037,13,3,2,720.0,448.43,271.57,5,0.2,0
698,657,24,2,43,1932.0,1212.33,719.67,5,0.2,0
699,1019,25,9,10,201.25,123.67,77.58,5,0.0,0
700,227,4,9,43,1045.0,749.31,295.69,1,0.0,0
701,65,7,2,32,8840.0,4918.25,3921.75,2,0.0,0
702,796,22,8,34,101.15,67.57,33.58,5,0.15,0
703,453,20,2,1,455.17,295.08,160.09,2,0.15,1
704,164,15,1,24,8882.5,6552.17,2330.33,5,0.15,0
705,756,26,1,40,65.34,36.47,28.87,3,0.1,0
706,623,3,4,34,715.0,496.95,218.05,1,0.0,0
707,389,7,9,43,10296.0,6950.47,3345.53,2,0.1,0
708,851,24,2,50,1680.0,1150.63,529.37,5,0.0,0
709,875,29,2,11,99.0,62.4,36.6,2,0.1,0
710,324,18,10,29,2340.0,1544.44,795.56,3,0.0,1
711,762,14,7,47,269.33,161.1,108.23,3,0.1,0
712,769,25,9,48,110.25,81.84,28.41,3,0.0,0
713,814,1,1,19,3570.0,2333.07,1236.93,5,0.0,1
714,619,1,5,15,2112.0,1294.62,817.38,2,0.2,0
715,566,30,9,33,486.0,357.3,128.7,5,0.1,0
716,78,15,6,10,3740.0,2331.58,1408.42,2,0.0,0
717,478,9,5,6,1216.0,807.2,408.8,5,0.05,0
718,159,24,6,31,758.1,542.15,215.95,2,0.05,0
719,196,20,5,3,1923.75,1088.26,835.49,5,0.05,0
720,685,12,7,27,6240.0,4393.45,1846.55,1,0.2,0
721,24,21,7,4,133.65,74.61,59.04,3,0.1,0
722,307,11,9,45,4320.0,2419.65,1900.35,2,0.0,0
723,805,15,10,37,6545.0,3890.46,2654.54,5,0.0,0
724,808,5,3,22,1978.37,1314.21,664.16,1,0.05,0
725,818,9,2,26,904.4,637.39,267.01,5,0.05,0
726,277,16,9,13,6118.0,4162.99,1955.01,4,0.05,0
727,1074,8,4,5,2883.6,1834.01,1049.59,3,0.2,0
728,184,4,7,28,2970.0,1746.65,1223.35,3,0.0,0
729,50,25,5,11,99.23,70.88,28.35,3,0.1,0
730,299,15,1,15,4301.0,2687.11,1613.89,2,0.15,0
731,176,4,1,16,5225.0,3781.6,1443.4,5,0.0,0
732,29,11,2,20,7524.0,4172.43,3351.57,4,0.05,0
733,434,7,9,34,11934.0,7716.59,4217.41,3,0.1,0
734,290,23,1,25,415.44,272.26,143.18,5,0.15,0
735,124,10,4,45,1400.0,784.86,615.14,5,0.0,0
736,18,3,7,43,1823.25,1313.5,509.75,3,0.15,0
737,221,1,5,42,4560.0,3401.57,1158.43,4,0.0,0
738,204,29,6,32,222.75,126.43,96.32,5,0.1,0
739,938,18,1,3,1053.0,643.37,409.63,2,0.1,0
740,322,1,6,44,4320.0,2916.2,1403.8,3,0.0,0
741,1027,9,1,41,1048.8,763.61,285.19,3,0.05,0
742,61,18,5,15,1105.0,806.03,298.97,2,0.0,0
743,180,24,7,34,1596.0,1077.47,518.53,5,0.2,0
744,493,19,3,28,3240.0,1995.38,1244.62,3,0.1,0
745,424,21,3,38,200.81,142.58,58.23,5,0.15,0
746,633,23,9,9,299.2,173.25,125.95,4,0.2,1
747,324,11,2,36,9180.0,5266.36,3913.64,5,0.15,0
748,299,24,1,49,1376.55,1021.73,354.82,3,0.05,0
749,561,5,4,7,6300.0,3498.01,2801.99,2,0.0,1
750,547,20,10,40,729.0,434.8,294.2,2,0.1,0
751,736,3,8,9,2860.0,1918.9,941.1,5,0.2,0
752,766,6,7,32,2016.0,1174.84,841.16,4,0.0,0
753,837,25,1,18,112.0,78.23,33.77,4,0.0,1
754,419,3,3,29,3241.88,2229.03,1012.85,5,0.05,0
755,506,14,7,50,85.5,59.6,25.9,1,0.1,0
756,641,13,10,48,776.25,510.18,266.07,5,0.1,0
757,79,17,2,29,1033.6,749.93,283.67,4,0.2,0
758,504,17,9,26,342.0,214.6,127.4,1,0.1,0
759,101,7,5,29,11648.0,8208.76,3439.24,4,0.0,0
760,341,14,5,40,109.01,71.23,37.78,1,0.15,0
761,926,3,9,8,936.0,624.4,311.6,2,0.2,1
762,278,13,7,21,690.0,404.19,285.81,4,0.0,0
763,414,29,8,6,173.25,119.26,53.99,3,0.0,1
764,336,23,2,6,97.54,62.41,35.13,1,0.15,0
765,1073,23,7,47,516.38,382.1,134.28,5,0.1,0
766,780,2,3,22,11760.0,8019.22,3740.78,5,0.2,0
767,297,6,1,27,1656.0,1152.63,503.37,3,0.0,1
768,592,21,3,8,85.5,47.09,38.41,2,0.0,0
769,26,15,8,32,9680.0,5335.13,4344.87,5,0.2,1
770,488,7,10,43,19760.0,12488.92,7271.08,4,0.05,0
771,14,8,9,18,4160.75,2752.38,1408.37,5,0.15,0
772,101,6,3,4,806.4,466.97,339.43,3,0.0,0
773,612,11,2,4,1881.0,1408.39,472.61,1,0.05,0
774,583,20,10,37,2137.5,1588.72,548.78,5,0.0,0
775,738,30,1,6,396.0,246.99,149.01,3,0.0,0
776,139,25,7,36,35.0,22.55,12.45,1,0.0,0
777,563,11,9,27,8100.0,5582.24,2517.76,5,0.0,0
778,224,19,9,6,3876.0,2665.64,1210.36,4,0.15,1
779,589,14,10,21,243.67,162.05,81.62,3,0.1,0
780,266,20,10,32,2103.75,1422.92,680.83,5,0.15,0
781,369,29,10,15,181.5,99.88,81.62,3,0.0,0
782,242,24,4,40,1516.2,847.71,668.49,4,0.05,0
783,435,1,4,45,3060.0,2166.6,893.4,3,0.0,0
784,1038,18,6,50,780.0,535.99,244.01,1,0.0,0
785,60,27,3,13,132.6,81.89,50.71,3,0.2,0
786,972,26,1,42,39.71,23.07,16.64,2,0.05,0
787,687,15,7,48,2112.0,1381.7,730.3,1,0.2,0
788,647,18,9,2,1345.5,924.49,421.01,2,0.1,0
789,725,3,3,18,877.5,655.25,222.25,1,0.0,0
790,340,19,10,25,2916.0,1671.94,1244.06,2,0.1,0
791,632,23,6,46,93.5,59.16,34.34,1,0.0,0
792,487,12,8,20,11700.0,7142.42,4557.58,2,0.1,0
793,77,25,4,6,107.1,59.44,47.66,4,0.1,0
794,1025,5,4,22,13685.0,9918.56,3766.44,4,0.15,0
795,671,5,2,34,8400.0,5837.28,2562.72,2,0.0,0
796,1070,4,1,20,1262.25,908.35,353.9,1,0.15,0
797,683,15,1,7,10560.0,7199.77,3360.23,5,0.2,0
798,640,21,4,21,103.5,62.86,40.64,2,0.0,0
799,904,22,2,18,53.2,32.17,21.03,2,0.0,0
800,1053,4,4,35,3564.0,2187.22,1376.78,3,0.1,0
801,581,19,4,11,1140.0,766.82,373.18,1,0.0,0
802,909,2,3,2,9044.0,5065.46,3978.54,4,0.15,0
803,177,14,7,12,406.12,274.49,131.63,5,0.1,0
804,914,20,6,20,972.0,573.12,398.88,3,0.2,0
805,1093,3,8,37,1755.0,1250.56,504.44,2,0.0,1
806,960,4,8,20,3971.0,2368.06,1602.94,4,0.05,0
807,529,30,6,26,193.8,142.14,51.66,2,0.15,0
808,666,15,8,2,2403.5,1376.19,1027.31,1,0.05,0
809,350,10,6,39,1890.0,1231.5,658.5,5,0.0,0
810,220,11,9,42,1368.0,835.06,532.94,1,0.2,0
811,847,8,10,16,3560.0,2651.41,908.59,5,0.0,0
812,698,7,10,28,22464.0,15892.5,6571.5,4,0.1,0
813,484,6,2,48,1536.0,994.29,541.71,5,0.2,0
814,949,11,9,7,6840.0,4183.39,2656.61,4,0.0,0
815,223,22,10,50,106.4,69.04,37.36,4,0.0,0
816,186,7,3,38,3744.0,2169.07,1574.93,1,0.2,0
817,1089,10,7,40,1795.5,1057.79,737.71,5,0.05,0
818,649,10,10,44,917.7,636.48,281.22,3,0.05,1
819,183,19,1,40,5130.0,3691.18,1438.82,5,0.05,0
820,128,12,9,4,5525.0,3657.58,1867.42,1,0.15,1
821,225,28,5,2,68.59,47.36,21.23,2,0.05,0
822,652,23,7,26,371.45,244.79,126.66,4,0.05,0
823,973,5,4,36,10640.0,7819.3,2820.7,4,0.2,0
824,316,10,3,9,336.0,228.37,107.63,1,0.0,0
825,997,22,7,9,30.8,20.9,9.9,1,0.0,0
826,934,29,10,28,247.5,158.62,88.88,5,0.0,0
827,922,13,6,15,256.5,172.09,84.41,2,0.05,0
828,485,23,9,18,244.8,162.86,81.94,4,0.1,0
829,78,19,8,46,3060.0,2038.12,1021.88,3,0.0,1
830,164,5,9,49,9476.25,6191.69,3284.56,3,0.05,0
831,182,8,8,41,680.85,460.76,220.09,1,0.15,0
832,640,20,1,22,2070.0,1142.96,927.04,5,0.2,0
833,961,19,6,27,2736.0,1666.01,1069.99,3,0.2,0
834,623,24,10,17,392.7,253.15,139.55,1,0.15,0
835,106,22,5,48,78.4,47.62,30.78,5,0.0,0
836,1036,3,5,17,1404.0,851.1,552.9,2,0.1,0
837,30,24,2,39,831.6,580.29,251.31,2,0.1,0
838,758,26,3,17,45.98,26.95,19.03,2,0.05,0
839,68,11,2,10,6120.0,3554.68,2565.32,5,0.2,0
840,846,25,7,16,95.2,64.5,30.7,4,0.15,0
841,707,2,5,49,3780.0,2205.71,1574.29,1,0.0,0
842,618,16,9,15,5236.0,3618.71,1617.29,4,0.15,0
843,298,17,7,1,1048.8,670.98,377.82,3,0.2,0
844,1086,22,1,7,160.65,99.73,60.92,5,0.15,0
845,559,11,5,18,1620.0,1103.01,516.99,1,0.0,0
846,496,24,10,50,756.0,466.82,289.18,2,0.1,0
847,369,11,9,1,1584.0,892.73,691.27,1,0.2,0
848,1076,4,8,23,2524.5,1531.51,992.99,2,0.15,0
849,49,20,2,4,2008.12,1463.5,544.62,5,0.15,0
850,250,23,2,6,467.5,292.28,175.22,5,0.0,0
851,379,29,2,45,121.0,73.68,47.32,2,0.0,0
852,156,21,8,18,145.35,106.2,39.15,4,0.15,0
853,663,9,3,50,368.0,259.59,108.41,1,0.0,0
854,682,2,5,17,6384.0,3599.81,2784.19,2,0.05,1
855,411,20,7,12,1890.0,1093.88,796.12,4,0.0,0
856,448,20,2,29,803.25,447.39,355.86,3,0.0,0
857,514,25,8,2,140.0,95.28,44.72,4,0.0,0
858,78,22,7,18,40.46,24.92,15.54,2,0.15,0
859,8,17,8,31,1588.4,1141.76,446.64,4,0.05,0
860,144,18,4,1,2210.0,1577.05,632.95,4,0.15,0
861,736,11,5,26,1683.0,1261.25,421.75,1,0.15,0
862,749,18,6,6,2288.0,1609.15,678.85,4,0.2,0
863,362,18,1,25,1755.0,1209.5,545.5,2,0.0,1
864,736,16,2,41,5236.0,3078.21,2157.79,4,0.15,0
865,52,24,10,16,1675.8,942.8,733.0,4,0.05,0
866,631,16,9,29,1540.0,951.5,588.5,1,0.0,0
867,88,13,2,14,605.62,446.96,158.66,5,0.05,0
868,306,24,10,15,504.0,351.33,152.67,1,0.0,0
869,40,16,10,3,2499.0,1698.71,800.29,2,0.15,0
870,103,29,5,7,110.88,64.77,46.11,4,0.1,0
871,218,4,8,39,5225.0,2939.7,2285.3,5,0.0,0
872,691,26,7,21,22.44,14.93,7.51,1,0.15,0
873,437,25,1,38,59.5,33.48,26.02,2,0.0,0
874,851,6,6,36,729.6,436.83,292.77,2,0.05,0
875,274,4,10,25,2530.0,1836.59,693.41,2,0.0,0
876,15,6,2,46,2640.0,1671.77,968.23,5,0.0,0
877,975,23,3,14,158.95,96.04,62.91,2,0.15,0
878,490,6,10,45,432.0,253.15,178.85,1,0.1,0
879,181,21,5,23,171.0,113.12,57.88,4,0.0,0
880,1086,4,10,24,6682.5,3968.44,2714.06,5,0.1,0
881,427,9,1,13,217.6,126.17,91.43,1,0.2,0
882,972,16,3,11,1330.0,903.03,426.97,1,0.0,0
883,891,9,6,40,1216.0,694.2,521.8,4,0.0,0
884,361,6,1,32,3240.0,1827.92,1412.08,5,0.0,0
885,911,19,10,21,4560.0,3189.34,1370.66,4,0.0,1
886,472,25,2,21,39.2,23.42,15.78,2,0.0,0
887,410,13,4,5,567.0,366.78,200.22,4,0.1,1
888,297,7,10,30,11362.0,7097.81,4264.19,2,0.05,0
889,398,21,6,18,94.5,54.38,40.12,2,0.0,0
890,123,9,3,8,1216.0,770.51,445.49,4,0.05,0
891,451,29,5,39,52.36,37.12,15.24,2,0.2,1
892,349,19,9,15,1539.0,1110.23,428.77,1,0.05,0
893,444,19,8,30,3060.0,2129.77,930.23,3,0.0,0
894,506,8,6,28,4450.0,3241.22,1208.78,5,0.0,0
895,306,30,10,1,576.0,321.41,254.59,4,0.0,0
896,1033,2,7,34,12236.0,8711.34,3524.66,4,0.05,0
897,201,15,8,16,1782.0,1248.5,533.5,1,0.1,0
898,833,7,3,23,12480.0,8480.51,3999.49,3,0.0,0
899,983,22,5,11,98.56,65.45,33.11,4,0.2,0
900,932,15,3,46,7920.0,5607.14,2312.86,4,0.0,0
901,951,23,1,41,76.71,55.9,20.81,1,0.05,0
902,67,10,7,49,606.9,448.63,158.27,3,0.15,0
903,425,26,2,40,47.69,35.12,12.57,3,0.15,0
904,746,29,1,8,242.0,155.62,86.38,4,0.0,0
905,751,6,9,46,475.2,328.78,146.42,1,0.1,0
906,686,8,9,8,3631.2,2679.21,951.99,4,0.15,0
907,430,25,4,21,89.25,58.08,31.17,3,0.0,0
908,112,3,6,23,1383.2,899.48,483.72,4,0.05,0
909,963,23,9,44,403.75,258.56,145.19,5,0.0,0
910,135,7,8,6,4940.0,3604.17,1335.83,1,0.05,0
911,158,4,3,18,888.25,514.82,373.43,1,0.15,0
912,419,17,1,19,1356.6,893.03,463.57,4,0.15,0
913,711,14,8,48,128.25,75.39,52.86,1,0.0,0
914,476,27,9,42,103.74,69.06,34.68,3,0.05,0
915,669,16,10,43,6440.0,4248.43,2191.57,5,0.2,0
916,271,29,5,11,181.5,117.4,64.1,3,0.0,1
917,97,5,6,19,7840.0,5282.01,2557.99,4,0.0,0
918,585,6,3,46,912.0,544.99,367.01,2,0.0,0
919,649,19,3,29,4140.0,2429.76,1710.24,3,0.0,0
920,72,22,6,23,47.6,30.45,17.15,2,0.0,1
921,1093,10,2,2,1436.4,1010.8,425.6,4,0.05,1
922,656,5,1,48,18112.5,11161.94,6950.56,5,0.1,0
923,971,29,5,49,222.06,128.67,93.39,5,0.15,0
924,906,11,2,47,6840.0,3952.73,2887.27,4,0.0,0
925,631,1,7,40,2508.0,1558.67,949.33,2,0.05,0
926,400,19,9,15,3780.0,2096.05,1683.95,3,0.0,0
927,913,22,2,33,100.8,65.33,35.47,4,0.0,0
928,1048,2,6,26,5712.0,4116.99,1595.01,2,0.15,0
929,764,1,5,23,3780.0,2818.01,961.99,3,0.0,0
930,180,7,8,48,15808.0,10093.42,5714.58,4,0.2,0
931,869,24,7,9,1890.0,1072.04,817.96,5,0.1,0
932,973,28,9,22,32.49,22.78,9.71,1,0.1,0
933,839,21,5,27,64.8,41.63,23.17,2,0.1,0
934,281,7,3,25,16146.0,10464.5,5681.5,3,0.1,0
935,619,27,10,20,257.4,179.66,77.74,4,0.1,0
936,6,5,5,20,15400.0,10483.74,4916.26,4,0.0,1
937,855,6,8,45,960.0,550.92,409.08,2,0.0,0
938,137,20,6,38,1620.0,1032.29,587.71,4,0.1,0
939,975,23,2,24,397.38,264.28,133.1,5,0.15,0
940,334,19,1,10,4104.0,2978.12,1125.88,3,0.05,0
941,335,2,5,24,12852.0,9413.07,3438.93,4,0.15,0
942,594,10,9,41,239.4,140.95,98.45,1,0.1,0
943,194,20,3,35,972.0,596.07,375.93,3,0.2,0
944,617,9,6,7,1584.0,982.6,601.4,5,0.1,0
945,281,17,5,24,1660.6,1026.35,634.25,4,0.05,1
946,210,7,3,33,7488.0,4400.57,3087.43,2,0.2,1
947,1077,28,9,46,218.02,152.89,65.13,5,0.15,0
948,944,30,2,8,228.0,147.27,80.73,2,0.0,0
949,743,5,8,39,15400.0,11457.94,3942.06,5,0.2,0
950,624,1,2,15,2112.0,1454.85,657.15,2,0.2,0
951,630,5,4,9,3657.5,2516.96,1140.54,1,0.05,0
952,160,1,8,49,4560.0,2687.07,1872.93,4,0.0,0
953,1052,19,1,31,1440.0,804.47,635.53,1,0.0,0
954,22,25,2,8,192.5,128.5,64.0,5,0.0,0
955,720,1,2,10,4374.0,2709.99,1664.01,3,0.1,0
956,1026,25,10,16,181.12,102.09,79.03,5,0.1,0
957,29,17,4,46,836.0,488.52,347.48,2,0.0,0
958,9,24,2,14,1848.0,1277.99,570.01,5,0.2,0
959,380,15,2,12,6897.0,4378.34,2518.66,3,0.05,0
960,835,4,6,8,3520.0,2301.89,1218.11,4,0.0,0
961,740,23,5,36,93.5,57.56,35.94,1,0.0,0
962,581,15,10,48,5329.5,3971.73,1357.77,3,0.15,0
963,835,10,7,13,179.2,127.32,51.88,1,0.2,1
964,753,6,1,44,1795.2,1025.12,770.08,4,0.15,0
965,175,4,3,26,3553.0,2373.8,1179.2,4,0.15,0
966,346,3,6,13,2632.5,1761.12,871.38,3,0.0,1
967,252,8,7,47,3916.0,2752.8,1163.2,4,0.0,0
968,560,25,7,23,107.1,71.82,35.28,4,0.15,0
969,993,17,5,10,1672.0,960.46,711.54,4,0.0,0
970,473,21,3,2,21.42,12.01,9.41,1,0.15,0
971,55,6,7,39,1512.0,923.15,588.85,3,0.0,0
972,157,22,9,50,85.12,54.75,30.37,4,0.2,0
973,1020,16,9,17,8050.0,5730.77,2319.23,5,0.0,0
974,37,25,1,28,34.91,22.34,12.57,1,0.05,0
975,907,15,1,3,3762.0,2565.24,1196.76,2,0.1,0
976,337,16,7,9,4819.5,3025.76,1793.74,3,0.15,0
977,1005,22,9,44,144.9,93.31,51.59,5,0.1,0
978,321,17,1,26,1299.6,868.4,431.2,3,0.05,0
979,723,25,5,21,47.25,31.57,15.68,1,0.0,0
980,751,12,10,2,20377.5,11604.38,8773.12,3,0.05,0
981,732,14,6,4,209.0,124.76,84.24,2,0.0,0
982,174,30,2,20,114.0,66.57,47.43,1,0.0,0
983,77,15,7,37,8882.5,5359.02,3523.48,5,0.05,0
984,46,11,7,37,7560.0,5023.68,2536.32,4,0.0,0
985,205,23,4,22,275.4,196.17,79.23,4,0.1,0
986,342,20,5,24,2430.0,1578.02,851.98,4,0.0,0
987,155,27,9,14,185.25,103.65,81.6,3,0.0,1
988,824,26,4,40,10.47,7.53,2.94,1,0.15,0
989,690,9,2,37,1824.0,1159.01,664.99,5,0.05,0
990,158,21,5,33,121.84,83.18,38.66,3,0.05,0
991,849,13,5,40,570.0,390.06,179.94,5,0.05,0
992,39,21,9,12,224.44,133.0,91.44,5,0.05,1
993,958,9,9,40,1094.4,760.96,333.44,4,0.1,0
994,411,12,8,10,13650.0,9545.26,4104.74,2,0.0,0
995,892,14,6,5,144.4,91.33,53.07,2,0.2,0
996,329,9,10,16,1536.0,879.69,656.31,4,0.0,0
997,503,26,5,30,79.2,59.26,19.94,4,0.1,0
998,76,7,3,18,8840.0,5318.85,3521.15,2,0.0,0
999,361,21,1,47,194.4,107.69,86.71,4,0.2,0
1000,172,11,10,20,1624.5,1184.84,439.66,1,0.05,0
1001,185,13,3,16,121.5,84.67,36.83,1,0.1,1
1002,1069,22,10,50,189.0,122.72,66.28,5,0.0,0
1003,251,25,6,22,163.62,102.75,60.87,5,0.15,0
1004,484,30,7,14,192.0,112.33,79.67,2,0.0,1
1005,901,14,5,38,85.74,56.3,29.44,1,0.05,0
1006,232,11,9,28,5814.0,3484.15,2329.85,4,0.15,0
1007,297,12,8,46,17940.0,10972.72,6967.28,3,0.2,0
1008,72,27,1,45,110.5,72.99,37.51,2,0.0,0
1009,744,29,2,35,96.8,61.8,35.0,2,0.2,0
1010,805,30,5,20,57.12,40.06,17.06,1,0.2,0
1011,329,30,8,41,345.6,243.08,102.52,3,0.2,0
1012,70,9,2,50,1033.6,720.82,312.78,4,0.05,1
1013,682,23,7,7,173.4,104.42,68.98,2,0.15,0
1014,862,20,9,48,1282.5,883.7,398.8,3,0.05,0
1015,377,21,8,42,99.0,62.38,36.62,2,0.0,0
1016,643,19,2,8,2760.0,1803.03,956.97,2,0.0,1
1017,267,28,10,44,133.76,98.7,35.06,4,0.2,0
1018,274,9,3,44,1472.0,906.04,565.96,5,0.2,0
1019,173,14,6,12,342.95,253.42,89.53,4,0.05,1
1020,460,1,1,36,2856.0,1701.44,1154.56,5,0.15,0
1021,948,7,5,45,9880.0,6226.44,3653.56,2,0.0,0
1022,533,5,2,24,5985.0,3432.22,2552.78,2,0.1,0
1023,892,25,8,44,133.0,79.12,53.88,4,0.0,0
1024,546,10,8,25,505.4,364.53,140.87,2,0.05,0
1025,580,24,4,27,758.1,537.11,220.99,2,0.05,0
1026,537,8,10,29,1691.0,1127.19,563.81,2,0.0,0
1027,176,1,8,9,2907.0,1829.99,1077.01,3,0.15,0
1028,786,23,7,48,446.25,251.96,194.29,5,0.0,0
1029,107,11,4,31,2721.6,2008.17,713.43,3,0.1,1
1030,94,1,5,33,3192.0,1948.72,1243.28,5,0.05,0
1031,760,5,9,3,19250.0,11589.62,7660.38,5,0.0,0
1032,695,29,8,9,66.0,45.68,20.32,1,0.0,0
1033,534,4,6,3,1985.5,1438.17,547.33,2,0.05,0
1034,739,30,7,19,356.4,255.15,101.25,3,0.1,1
1035,1059,11,7,11,5508.0,4125.01,1382.99,3,0.15,0
1036,310,18,8,4,1560.0,875.02,684.98,2,0.0,0
1037,964,9,3,46,1155.2,662.17,493.03,4,0.05,1
1038,1014,2,8,23,15295.0,9812.54,5482.46,5,0.05,0
1039,304,4,6,6,2024.0,1228.21,795.79,2,0.2,0
1040,1042,27,5,37,390.0,260.02,129.98,5,0.0,1
1041,1078,25,10,12,189.0,113.25,75.75,4,0.0,0
1042,194,29,6,2,126.23,94.2,32.03,3,0.15,0
1043,766,19,2,21,2520.0,1426.86,1093.14,2,0.0,0
1044,983,15,5,39,2420.0,1800.37,619.63,1,0.0,0
1045,928,11,10,9,2592.0,1450.84,1141.16,2,0.2,0
1046,662,26,1,48,22.77,16.86,5.91,1,0.1,0
1047,817,9,3,16,761.6,422.0,339.6,4,0.0,0
1048,796,25,7,19,59.5,36.28,23.22,2,0.0,0
1049,636,29,10,9,154.28,87.82,66.46,3,0.15,0
1050,410,16,8,25,5880.0,3896.16,1983.84,4,0.0,0
1051,866,26,6,40,41.8,28.26,13.54,2,0.05,0
1052,1052,11,8,44,3672.0,2523.57,1148.43,2,0.15,0
1053,1015,17,9,6,1245.45,793.94,451.51,3,0.05,1
1054,979,10,3,9,739.2,443.32,295.88,3,0.2,0
1055,98,18,2,3,1820.0,1186.88,633.12,5,0.0,0
1056,952,22,10,17,79.8,53.24,26.56,3,0.0,0
1057,34,4,8,12,1848.0,1161.64,686.36,2,0.2,0
1058,610,11,10,47,6336.0,4334.15,2001.85,4,0.2,0
1059,543,11,3,14,3420.0,2391.97,1028.03,2,0.0,0
1060,218,14,9,2,85.74,49.16,36.58,1,0.05,0
1061,978,15,7,43,10285.0,6657.94,3627.06,5,0.15,0
1062,739,23,7,20,93.5,53.95,39.55,1,0.0,0
1063,33,23,4,2,169.58,115.27,54.31,2,0.05,0
1064,893,27,9,13,61.75,43.47,18.28,1,0.0,0
1065,865,1,2,11,2040.0,1408.66,631.34,2,0.15,1
1066,966,1,8,38,2280.0,1388.44,891.56,2,0.0,0
1067,803,2,6,1,1416.1,1018.92,397.18,1,0.15,0
1068,852,28,8,48,171.0,119.05,51.95,5,0.1,1
1069,76,16,7,32,5355.0,3721.31,1633.69,5,0.1,1
1070,1000,8,1,34,930.05,618.74,311.31,1,0.05,0
1071,549,29,7,31,47.02,31.72,15.3,1,0.05,0
1072,919,23,7,2,153.0,106.37,46.63,2,0.0,0
1073,898,8,9,15,3593.38,2220.1,1373.28,5,0.15,0
1074,960,5,5,47,12635.0,9054.45,3580.55,4,0.05,0
1075,738,26,8,11,121.0,73.39,47.61,5,0.0,0
1076,989,5,3,13,6930.0,4493.67,2436.33,2,0.1,0
1077,1012,10,4,14,1610.0,1207.26,402.74,5,0.0,0
1078,535,12,3,12,30875.0,21963.34,8911.66,5,0.0,0
1079,234,20,4,8,2137.5,1383.55,753.95,5,0.0,1
1080,728,25,1,50,236.25,172.29,63.96,5,0.0,0
1081,1056,20,2,46,513.0,364.13,148.87,1,0.05,1
1082,228,4,10,40,836.0,553.85,282.15,1,0.2,0
1083,343,21,2,14,182.25,126.79,55.46,3,0.0,0
1084,1037,16,2,10,5040.0,3597.71,1442.29,3,0.0,0
1085,414,15,7,50,2310.0,1656.18,653.82,1,0.0,0
1086,588,17,3,6,1083.0,750.56,332.44,3,0.0,0
1087,503,5,9,27,7000.0,4972.48,2027.52,2,0.0,0
1088,839,29,8,34,132.0,84.28,47.72,3,0.0,0
1089,1060,3,2,22,2223.0,1659.22,563.78,3,0.05,0
1090,126,13,1,43,270.0,151.62,118.38,2,0.1,0
1091,1065,10,7,26,1344.0,821.0,523.0,5,0.2,0
1092,705,1,5,34,8100.0,5589.48,2510.52,5,0.0,0
1093,421,29,9,40,245.44,156.7,88.74,5,0.15,0
1094,829,25,4,20,19.6,12.89,6.71,1,0.0,0
1095,259,17,9,19,836.0,545.35,290.65,2,0.0,0
1096,698,25,3,2,33.6,22.11,11.49,1,0.2,0
1097,623,24,7,33,392.7,220.69,172.01,1,0.15,0
1098,1040,12,2,4,7410.0,4517.08,2892.92,1,0.05,0
1099,929,11,4,48,7290.0,5051.46,2238.54,5,0.1,1
1100,1093,28,10,15,153.9,93.4,60.5,3,0.0,0
1101,287,23,7,34,195.5,120.34,75.16,2,0.0,0
1102,740,15,2,10,7744.0,4897.39,2846.61,4,0.2,0
1103,871,29,3,31,104.5,59.11,45.39,2,0.05,0
1104,825,19,9,34,2150.4,1296.13,854.27,4,0.2,0
1105,868,15,8,47,7040.0,4101.28,2938.72,4,0.2,0
1106,993,23,8,9,374.0,245.28,128.72,5,0.2,0
1107,933,16,1,48,2268.0,1414.93,853.07,2,0.1,1
1108,837,4,2,24,4400.0,2455.45,1944.55,5,0.0,0
1109,761,10,6,20,877.8,487.7,390.1,3,0.05,0
1110,864,2,5,19,5600.0,3997.42,1602.58,2,0.0,0
1111,251,18,6,5,679.25,438.96,240.29,1,0.05,0
1112,927,29,6,25,158.4,109.93,48.47,4,0.2,0
1113,284,17,8,49,1485.8,950.64,535.16,4,0.15,0
1114,667,3,10,43,3550.62,2227.83,1322.79,5,0.05,1
1115,695,18,1,43,2652.0,1605.72,1046.28,4,0.15,0
1116,340,23,1,37,309.83,210.38,99.45,3,0.1,0
1117,175,7,10,35,19760.0,11076.96,8683.04,5,0.2,0
1118,388,25,8,33,38.5,26.24,12.26,1,0.0,0
1119,39,9,4,16,1596.0,904.82,691.18,5,0.05,0
1120,657,13,10,3,552.0,406.7,145.3,4,0.2,0
1121,370,14,1,34,297.83,179.13,118.7,3,0.05,0
1122,204,18,3,19,1170.0,703.3,466.7,2,0.0,0
1123,629,14,3,4,522.5,306.34,216.16,5,0.0,0
1124,611,13,2,21,313.5,228.42,85.08,2,0.05,0
1125,248,2,4,16,13860.0,8278.55,5581.45,5,0.1,0
1126,1034,13,2,18,172.5,110.91,61.59,1,0.0,0
1127,992,1,7,41,2640.0,1594.12,1045.88,2,0.0,1
1128,208,8,9,42,1602.0,1063.17,538.83,2,0.0,0
1129,1025,7,3,24,29900.0,21121.5,8778.5,5,0.0,0
1130,868,30,9,29,120.0,85.5,34.5,1,0.0,1
1131,593,21,3,1,40.61,24.56,16.05,1,0.05,0
1132,779,12,4,38,34125.0,19079.18,15045.82,5,0.0,0
1133,144,10,2,26,224.0,129.46,94.54,1,0.2,0
1134,573,29,7,14,222.75,165.17,57.58,5,0.1,0
1135,702,21,5,49,243.0,145.6,97.4,4,0.0,1
1136,700,7,8,39,21060.0,15432.84,5627.16,3,0.0,0
1137,5,20,8,1,420.75,246.02,174.73,1,0.15,0
1138,1002,25,7,35,30.8,22.34,8.46,1,0.2,0
1139,64,29,8,44,46.75,34.8,11.95,1,0.0,0
1140,734,13,3,50,165.0,106.02,58.98,1,0.0,1
1141,911,1,4,48,912.0,552.88,359.12,1,0.2,1
1142,733,7,2,40,13728.0,9521.22,4206.78,3,0.2,0
1143,1012,12,1,18,25415.0,17571.77,7843.23,4,0.15,0
1144,402,27,7,8,184.28,119.79,64.49,3,0.1,0
1145,397,22,10,44,132.3,77.41,54.89,5,0.1,0
1146,134,5,5,37,6300.0,4383.41,1916.59,2,0.1,0
1147,48,23,9,40,227.59,150.67,76.92,3,0.15,0
1148,875,21,1,21,144.0,107.86,36.14,4,0.2,0
1149,1062,15,8,24,10560.0,5899.8,4660.2,5,0.2,0
1150,97,9,7,35,716.8,394.98,321.82,4,0.0,0
1151,168,29,10,2,88.83,56.39,32.44,2,0.15,0
1152,512,7,3,22,15600.0,10533.1,5066.9,3,0.0,0
1153,983,14,1,38,250.8,150.5,100.3,3,0.2,0
1154,489,11,1,22,7200.0,4300.91,2899.09,5,0.2,0
1155,899,25,2,41,119.7,68.82,50.88,4,0.1,1
1156,69,13,6,45,102.0,58.7,43.3,1,0.2,1
1157,906,2,5,40,10640.0,6068.69,4571.31,4,0.0,0
1158,107,10,7,26,141.12,98.84,42.28,1,0.1,0
1159,22,15,7,30,8712.0,5870.55,2841.45,4,0.1,0
1160,54,15,9,22,11550.0,6602.0,4948.0,5,0.0,0
1161,139,19,4,37,2040.0,1329.63,710.37,2,0.15,0
1162,986,24,10,29,924.0,533.64,390.36,2,0.0,0
1163,262,10,10,28,1309.0,917.45,391.55,5,0.15,0
1164,299,5,8,20,20125.0,12240.28,7884.72,5,0.0,1
1165,1061,19,3,4,2592.0,1850.26,741.74,2,0.1,0
1166,112,14,6,13,90.44,66.17,24.27,2,0.15,0
1167,700,7,8,45,25272.0,17399.34,7872.66,4,0.1,0
1168,688,20,5,27,1620.0,924.97,695.03,3,0.0,0
1169,87,16,4,1,2023.0,1205.82,817.18,2,0.15,0
1170,490,16,6,48,5600.0,3528.35,2071.65,4,0.0,0
1171,14,12,1,5,21450.0,14177.13,7272.87,3,0.0,0
1172,902,7,10,49,14820.0,11041.82,3778.18,3,0.0,0
1173,582,6,4,17,912.0,656.19,255.81,2,0.0,0
1174,402,1,3,17,1260.0,902.52,357.48,1,0.0,0
1175,228,11,4,20,6840.0,4267.67,2572.33,4,0.0,0
1176,351,17,10,28,513.0,296.97,216.03,1,0.0,1
1177,389,7,9,25,17160.0,11495.65,5664.35,3,0.0,1
1178,501,30,1,49,540.0,317.42,222.58,5,0.1,0
1179,305,11,4,4,5184.0,2982.31,2201.69,3,0.2,0
1180,1002,7,2,31,28600.0,16687.72,11912.28,5,0.0,0
1181,1043,12,8,34,31200.0,19168.18,12031.82,4,0.0,0
1182,990,23,8,31,252.45,159.09,93.36,3,0.1,1
1183,75,7,4,13,14144.0,8442.23,5701.77,4,0.2,0
1184,871,29,7,37,88.0,54.98,33.02,2,0.2,0
1185,276,25,2,19,144.9,89.88,55.02,4,0.1,0
1186,953,17,10,22,1371.8,882.77,489.03,4,0.05,0
1187,1019,11,5,25,2070.0,1321.36,748.64,1,0.0,0
1188,156,12,2,19,27787.5,18321.14,9466.36,5,0.1,0
1189,567,30,4,7,108.0,67.18,40.82,1,0.0,0
1190,684,7,6,17,15912.0,11347.05,4564.95,3,0.15,0
1191,563,7,10,9,23400.0,12909.94,10490.06,5,0.0,0
1192,710,26,7,26,118.8,80.91,37.89,5,0.2,0
1193,1050,25,3,26,84.0,58.35,25.65,2,0.0,0
1194,479,17,10,36,1033.6,736.83,296.77,4,0.15,0
1195,176,11,4,28,6840.0,4362.12,2477.88,4,0.0,0
1196,62,12,3,37,11050.0,8162.31,2887.69,2,0.0,0
1197,727,11,4,27,8262.0,5787.74,2474.26,4,0.15,0
1198,614,11,10,2,7920.0,4407.02,3512.98,5,0.2,0
1199,677,19,10,39,5760.0,3618.3,2141.7,5,0.2,0
1200,801,3,9,25,734.82,420.12,314.7,2,0.05,0
1201,925,21,5,6,81.0,55.48,25.52,2,0.0,0
1202,1001,1,3,13,1254.0,760.88,493.12,1,0.05,0
1203,1074,3,8,4,2369.25,1308.32,1060.93,3,0.1,0
1204,842,13,3,8,216.0,136.88,79.12,2,0.1,0
1205,797,29,4,9,93.5,59.51,33.99,2,0.0,0
1206,973,6,10,37,1231.2,727.14,504.06,3,0.1,0
1207,940,9,4,1,547.2,307.96,239.24,2,0.05,0
1208,506,17,6,37,1444.0,927.83,516.17,4,0.05,0
1209,187,10,8,23,718.2,483.07,235.13,3,0.05,0
1210,359,14,4,12,545.06,346.88,198.18,5,0.15,0
1211,376,23,10,7,317.9,234.97,82.93,4,0.15,0
1212,324,9,9,19,326.4,226.95,99.45,1,0.15,1
1213,1011,14,9,8,327.75,229.78,97.97,3,0.0,0
1214,668,14,8,11,327.75,213.44,114.31,3,0.0,0
1215,150,21,8,25,114.75,72.28,42.47,3,0.15,0
1216,78,1,5,8,2040.0,1395.48,644.52,2,0.0,0
1217,945,3,2,36,1049.75,776.82,272.93,2,0.15,0
1218,572,27,3,11,52.65,30.02,22.63,1,0.1,0
1219,1095,24,7,11,481.95,338.67,143.28,1,0.15,0
1220,315,15,6,12,4488.0,2499.32,1988.68,2,0.15,0
1221,443,15,1,41,7947.5,5424.23,2523.27,5,0.15,0
1222,211,13,5,29,121.5,66.94,54.56,1,0.1,0
1223,414,30,4,24,252.0,143.21,108.79,2,0.0,0
1224,30,11,4,44,1980.0,1468.66,511.34,1,0.0,0
1225,344,24,3,3,2041.2,1166.62,874.58,4,0.1,0
1226,389,20,4,35,1881.0,1080.0,801.0,4,0.05,0
1227,731,11,3,1,6732.0,4128.39,2603.61,4,0.15,0
1228,940,8,2,43,2042.55,1378.28,664.27,3,0.15,0
1229,448,14,5,50,268.49,200.46,68.03,5,0.05,0
1230,352,9,2,39,1101.6,759.29,342.31,3,0.15,0
1231,273,11,3,41,4752.0,3246.92,1505.08,3,0.2,0
1232,37,20,10,29,1701.0,1153.48,547.52,4,0.1,0
1233,28,8,1,40,979.0,584.74,394.26,1,0.0,0
1234,499,20,2,4,900.0,584.77,315.23,2,0.0,0
1235,770,7,1,16,25935.0,18098.77,7836.23,5,0.05,0
1236,570,11,1,34,5508.0,3924.68,1583.32,4,0.15,0
1237,470,28,6,22,42.56,28.0,14.56,2,0.0,1
1238,509,26,4,39,79.2,48.65,30.55,4,0.1,0
1239,13,3,8,5,1430.0,967.93,462.07,2,0.0,0
1240,419,5,2,12,16537.5,11844.89,4692.61,5,0.1,1
1241,484,17,2,28,1216.0,708.72,507.28,4,0.0,0
1242,869,6,10,16,1440.0,958.01,481.99,3,0.0,1
1243,413,9,8,6,957.6,599.02,358.58,3,0.05,0
1244,866,17,10,48,1216.0,706.71,509.29,4,0.2,1
1245,988,1,7,28,1056.0,772.24,283.76,1,0.2,0
1246,313,18,3,17,2964.0,1811.51,1152.49,4,0.05,0
1247,985,3,6,9,2860.0,1661.5,1198.5,4,0.0,0
1248,27,28,9,47,119.13,75.16,43.97,3,0.05,0
1249,809,24,6,25,999.6,677.94,321.66,4,0.0,0
1250,838,29,1,8,158.4,92.26,66.14,4,0.1,0
1251,523,25,6,33,113.05,77.74,35.31,4,0.15,0
1252,790,30,7,48,252.0,162.68,89.32,2,0.0,1
1253,741,21,1,45,99.0,66.44,32.56,2,0.0,1
1254,302,9,4,39,1564.0,1123.43,440.57,5,0.15,0
1255,190,21,7,26,202.5,132.38,70.12,5,0.0,0
1256,867,6,7,17,1296.0,963.62,332.38,3,0.1,0
1257,784,19,5,47,4032.0,2924.33,1107.67,4,0.2,0
1258,183,4,10,50,2376.0,1374.62,1001.38,3,0.2,0
1259,816,23,5,1,80.92,52.46,28.46,2,0.2,0
1260,856,17,7,42,969.0,616.47,352.53,3,0.15,0
1261,382,23,3,13,374.0,243.3,130.7,4,0.0,0
1262,436,6,4,4,652.8,458.16,194.64,2,0.2,0
1263,838,15,10,7,3520.0,2142.36,1377.64,2,0.0,0
1264,567,3,6,2,2925.0,1888.32,1036.68,5,0.0,0
1265,207,1,1,18,918.0,611.84,306.16,1,0.15,1
1266,199,7,9,1,16848.0,11018.84,5829.16,4,0.1,1
1267,545,30,8,31,307.8,195.73,112.07,3,0.1,0
1268,703,11,4,24,9234.0,6206.74,3027.26,4,0.05,1
1269,677,26,2,1,84.48,58.26,26.22,4,0.2,0
1270,285,1,10,8,6900.0,5107.47,1792.53,5,0.0,0
1271,510,12,8,40,23400.0,14803.43,8596.57,4,0.1,0
1272,660,1,6,3,3519.0,2248.15,1270.85,3,0.15,0
1273,820,24,10,6,712.21,525.48,186.73,3,0.05,1
1274,976,22,2,47,123.2,82.72,40.48,4,0.0,0
1275,1066,29,10,46,371.25,213.68,157.57,5,0.0,0
1276,618,27,9,30,135.85,100.67,35.18,2,0.05,0
1277,494,8,4,11,890.0,566.91,323.09,1,0.0,0
1278,329,30,6,25,432.0,299.74,132.26,3,0.0,0
1279,253,22,3,35,123.2,87.36,35.84,4,0.0,0
1280,459,30,10,50,336.0,228.08,107.92,5,0.0,0
1281,782,21,9,28,94.5,56.87,37.63,2,0.0,0
1282,229,3,6,48,3087.5,2157.93,929.57,5,0.0,0
1283,754,5,6,25,16362.5,9004.87,7357.63,5,0.15,0
1284,389,28,7,28,100.32,62.5,37.82,3,0.2,0
1285,259,17,10,38,836.0,525.9,310.1,2,0.0,0
1286,944,11,3,19,3249.0,2228.8,1020.2,2,0.05,0
1287,581,5,1,39,9975.0,6488.49,3486.51,3,0.0,0
1288,561,28,10,31,64.98,39.53,25.45,2,0.05,1
1289,121,26,6,10,24.64,17.16,7.48,2,0.2,0
1290,108,30,3,32,268.8,200.76,68.04,4,0.0,0
1291,327,1,9,26,4104.0,2813.62,1290.38,3,0.05,1
1292,802,13,2,34,267.75,184.55,83.2,3,0.0,0
1293,807,4,3,21,2618.0,1861.44,756.56,5,0.2,0
1294,623,15,3,37,4598.0,3168.9,1429.1,2,0.05,0
1295,297,7,4,48,10166.0,6915.4,3250.6,2,0.15,0
1296,209,22,3,25,85.68,61.55,24.13,4,0.15,1
1297,197,12,8,12,5850.0,4364.42,1485.58,1,0.0,0
1298,889,5,7,16,3325.0,1988.92,1336.08,1,0.0,0
1299,354,21,7,50,48.6,31.24,17.36,1,0.2,0
1300,783,9,8,24,336.0,192.64,143.36,1,0.0,0
1301,1044,8,1,38,4806.0,3104.19,1701.81,5,0.1,0
1302,194,26,10,12,75.24,56.43,18.81,4,0.05,0
1303,612,19,3,7,3960.0,2743.3,1216.7,3,0.0,0
1304,379,13,1,26,660.0,433.81,226.19,5,0.2,0
1305,1001,3,9,38,3038.75,2168.95,869.8,5,0.15,0
1306,425,22,2,12,101.15,59.27,41.88,5,0.15,0
1307,644,4,1,9,6325.0,4304.34,2020.66,5,0.0,0
1308,526,28,1,6,32.49,19.81,12.68,1,0.1,1
1309,352,14,1,16,384.75,284.42,100.33,3,0.0,0
1310,601,22,9,29,47.88,31.03,16.85,2,0.1,0
1311,722,20,9,33,1032.75,588.46,444.29,2,0.15,0
1312,486,2,4,10,6720.0,4815.05,1904.95,3,0.2,1
1313,443,19,6,18,1734.0,1169.52,564.48,2,0.15,0
1314,523,9,7,42,577.6,370.36,207.24,2,0.05,1
1315,872,23,3,35,170.0,114.91,55.09,2,0.0,0
1316,395,23,6,37,420.75,245.22,175.53,5,0.1,0
1317,648,26,7,25,22.77,13.65,9.12,1,0.1,0
1318,1089,4,9,27,1485.0,1006.88,478.12,1,0.0,0
1319,684,25,5,10,84.0,46.37,37.63,2,0.0,0
1320,456,13,2,8,151.2,105.18,46.02,2,0.1,0
1321,1003,4,9,23,4840.0,2934.97,1905.03,5,0.2,0
1322,203,29,1,11,118.8,74.6,44.2,3,0.2,0
1323,1089,18,10,26,3159.0,1818.05,1340.95,4,0.1,0
1324,1052,23,3,43,204.0,127.66,76.34,2,0.0,0
1325,109,30,6,46,114.24,76.74,37.5,2,0.15,0
1326,375,15,6,30,12100.0,7322.49,4777.51,5,0.0,0
1327,469,10,2,20,501.76,307.35,194.41,4,0.2,0
1328,163,3,4,6,1111.5,624.09,487.41,2,0.1,0
1329,1010,26,1,28,107.52,62.07,45.45,5,0.15,0
1330,1091,23,2,26,103.28,60.73,42.55,1,0.1,0
1331,15,23,7,45,397.38,245.98,151.4,5,0.15,1
1332,1082,22,10,3,179.55,133.39,46.16,5,0.05,0
1333,1073,29,4,12,74.25,53.3,20.95,1,0.0,0
1334,105,14,8,25,106.4,79.16,27.24,2,0.0,0
1335,512,27,9,50,65.0,39.64,25.36,1,0.0,0
1336,437,1,10,26,2040.0,1501.08,538.92,2,0.0,1
1337,1056,27,1,30,312.0,202.07,109.93,5,0.2,0
1338,943,11,5,23,1620.0,1004.31,615.69,1,0.0,0
1339,824,12,1,7,13832.0,8154.09,5677.91,4,0.05,0
1340,315,14,2,32,114.0,80.24,33.76,1,0.0,0
1341,964,13,6,20,406.12,295.83,110.29,3,0.05,0
1342,552,4,8,43,3960.0,2288.78,1671.22,4,0.0,0
1343,12,12,4,8,14300.0,7980.13,6319.87,2,0.0,0
1344,679,29,1,11,125.4,93.04,32.36,2,0.05,1
1345,244,14,8,36,334.4,229.51,104.89,4,0.2,0
1346,819,17,7,9,226.1,160.2,65.9,1,0.0,0
1347,705,17,1,50,1026.0,703.49,322.51,2,0.0,0
1348,17,14,8,19,297.83,168.73,129.1,3,0.05,0
1349,313,24,9,12,1008.0,708.97,299.03,2,0.0,0
1350,507,22,7,13,95.2,67.26,27.94,4,0.15,0
1351,1029,20,3,13,2199.37,1488.74,710.63,5,0.15,0
1352,271,13,1,18,330.0,209.64,120.36,2,0.0,0
1353,187,28,1,25,123.12,75.26,47.86,4,0.1,0
1354,474,8,6,28,1993.6,1299.77,693.83,4,0.0,0
1355,624,4,5,24,3630.0,2513.11,1116.89,3,0.0,0
1356,98,6,1,1,228.48,159.7,68.78,1,0.15,0
1357,967,9,10,7,1216.0,730.15,485.85,4,0.0,0
1358,685,10,2,7,285.6,188.6,97.0,1,0.15,0
1359,679,12,6,48,35100.0,23550.09,11549.91,5,0.1,0
1360,566,7,10,25,4680.0,2696.13,1983.87,1,0.0,0
1361,247,2,10,42,6160.0,4256.14,1903.86,2,0.0,1
1362,154,18,10,22,1574.62,1015.38,559.24,3,0.15,0
1363,1093,24,3,3,1134.0,718.55,415.45,2,0.0,0
1364,712,29,6,29,70.54,39.75,30.79,1,0.05,0
1365,1032,26,1,11,126.5,87.2,39.3,5,0.0,0
1366,94,19,1,45,1142.4,814.42,327.98,2,0.15,0
1367,1091,28,9,5,97.47,68.24,29.23,2,0.05,0
1368,800,13,10,18,255.0,140.43,114.57,2,0.0,0
1369,19,29,9,30,257.12,178.47,78.65,5,0.15,0
1370,452,10,5,36,166.6,99.09,67.51,1,0.0,0
1371,598,2,3,18,5320.0,3855.28,1464.72,2,0.0,0
1372,510,27,4,35,65.0,44.18,20.82,1,0.0,0
1373,756,11,2,46,9900.0,6874.72,3025.28,5,0.0,0
1374,604,11,1,41,1368.0,849.66,518.34,1,0.2,0
1375,573,6,5,2,1836.0,1369.2,466.8,5,0.15,0
1376,218,24,7,42,957.6,646.62,310.98,3,0.2,0
1377,423,27,8,15,204.75,120.96,83.79,3,0.0,0
1378,810,5,8,15,8330.0,4828.62,3501.38,4,0.0,0
1379,1016,6,8,12,1104.0,732.98,371.02,2,0.0,1
1380,370,21,5,2,148.5,107.97,40.53,3,0.0,0
1381,385,3,3,5,2860.0,1833.27,1026.73,4,0.0,0
1382,825,4,9,9,554.4,315.98,238.42,1,0.1,0
1383,226,27,1,49,61.75,37.03,24.72,1,0.0,0
1384,293,21,10,1,41.4,23.65,17.75,1,0.2,0
1385,694,28,2,13,86.64,60.82,25.82,2,0.05,1
1386,335,10,6,31,756.0,424.25,331.75,2,0.0,0
1387,253,1,1,7,6600.0,3765.39,2834.61,5,0.0,1
1388,851,5,1,15,2800.0,1779.2,1020.8,1,0.0,0
1389,588,8,7,44,803.22,469.01,334.21,1,0.05,0
1390,209,10,6,5,1260.0,722.82,537.18,5,0.0,1
1391,174,29,1,39,104.5,66.43,38.07,2,0.0,0
1392,372,22,7,10,83.16,59.34,23.82,3,0.1,0
1393,213,9,8,43,912.0,649.48,262.52,3,0.0,0
1394,157,26,1,10,41.8,24.23,17.57,2,0.0,0
1395,980,27,2,8,339.63,251.98,87.65,5,0.05,0
1396,186,11,3,12,6480.0,3977.83,2502.17,4,0.0,0
1397,848,20,6,9,684.0,433.47,250.53,2,0.05,0
1398,1094,16,9,35,3591.0,2035.1,1555.9,2,0.05,0
1399,1080,19,4,45,1620.0,1008.19,611.81,1,0.0,0
1400,36,12,9,31,13650.0,7670.15,5979.85,2,0.0,0
1401,286,10,8,10,1529.5,915.4,614.1,5,0.05,0
1402,115,24,3,8,446.88,311.3,135.58,2,0.05,0
1403,870,12,1,45,5525.0,3681.43,1843.57,1,0.15,0
1404,324,1,3,24,2880.0,1725.15,1154.85,2,0.0,0
1405,853,5,3,31,5950.0,3900.17,2049.83,2,0.15,1
1406,963,14,6,29,90.25,51.65,38.6,1,0.0,0
1407,66,20,3,33,765.0,481.4,283.6,2,0.0,0
1408,931,18,5,37,2925.0,2023.72,901.28,5,0.0,0
1409,322,9,2,34,1536.0,1073.09,462.91,4,0.0,0
1410,115,8,7,12,2242.8,1611.1,631.7,5,0.1,0
1411,960,16,6,42,4256.0,2664.66,1591.34,4,0.2,0
1412,761,21,7,13,148.5,84.78,63.72,3,0.0,0
1413,688,1,4,19,2592.0,1480.79,1111.21,2,0.1,0
1414,23,25,5,13,192.5,130.45,62.05,5,0.0,0
1415,552,3,10,37,526.5,393.45,133.05,1,0.1,0
1416,99,11,2,20,1008.0,705.94,302.06,1,0.0,1
1417,1025,7,6,49,20332.0,12629.58,7702.42,4,0.15,0
1418,200,11,7,48,8100.0,5268.53,2831.47,5,0.0,0
1419,49,19,7,31,5040.0,3630.84,1409.16,5,0.2,0
1420,311,22,8,6,28.56,17.03,11.53,1,0.15,0
1421,289,25,3,33,171.06,114.91,56.15,5,0.15,0
1422,700,15,3,22,8910.0,6011.52,2898.48,3,0.0,1
1423,82,29,7,16,84.15,56.5,27.65,2,0.1,1
1424,1019,4,1,10,3415.5,2471.14,944.36,3,0.1,0
1425,179,16,2,30,3990.0,2939.88,1050.12,3,0.0,0
1426,574,19,6,23,1080.0,632.7,447.3,1,0.0,0
1427,529,16,5,49,4522.0,3322.91,1199.09,4,0.15,1
1428,1000,2,6,19,11704.0,8443.27,3260.73,4,0.05,1
1429,265,15,6,33,12100.0,7559.31,4540.69,5,0.0,0
1430,1037,15,5,44,2376.0,1771.28,604.72,1,0.1,0
1431,502,23,9,1,136.0,77.66,58.34,2,0.2,0
1432,818,28,2,15,72.35,46.48,25.87,4,0.2,0
1433,955,15,9,30,2090.0,1224.85,865.15,1,0.0,0
1434,813,25,7,13,83.3,46.89,36.41,4,0.0,0
1435,996,7,8,8,16302.0,9090.92,7211.08,3,0.05,0
1436,963,5,4,21,16625.0,12428.22,4196.78,5,0.0,0
1437,128,30,6,28,480.0,269.19,210.81,4,0.0,0
1438,867,9,5,41,640.0,370.14,269.86,2,0.0,0
1439,168,10,8,27,1330.0,909.63,420.37,5,0.0,0
1440,111,3,7,22,1092.0,643.98,448.02,3,0.0,1
1441,987,16,9,45,2618.0,1668.6,949.4,2,0.15,1
1442,797,27,1,36,276.25,156.24,120.01,5,0.0,0
1443,297,11,6,1,3933.0,2897.69,1035.31,2,0.05,0
1444,649,4,7,17,5376.25,2960.89,2415.36,5,0.15,0
1445,258,21,8,41,247.5,137.93,109.57,5,0.0,0
1446,385,14,9,50,188.1,117.66,70.44,2,0.1,0
1447,392,22,10,1,73.92,46.03,27.89,3,0.2,0
1448,629,17,2,45,1421.2,1065.63,355.57,4,0.15,0
1449,721,12,9,28,35100.0,21662.5,13437.5,5,0.2,1
1450,940,14,6,12,384.75,224.13,160.62,5,0.1,0
1451,584,28,7,41,92.05,62.05,30.0,3,0.15,1
1452,204,3,2,6,526.5,387.77,138.73,1,0.1,0
1453,205,21,8,33,162.0,90.16,71.84,5,0.2,0
1454,862,7,4,50,18720.0,11722.76,6997.24,4,0.1,0
1455,962,4,6,30,3344.0,2270.48,1073.52,4,0.2,0
1456,811,1,6,15,3570.0,2154.57,1415.43,5,0.0,0
1457,630,27,7,44,143.0,104.4,38.6,2,0.0,0
1458,32,1,3,24,5040.0,3519.18,1520.82,5,0.2,0
1459,350,19,7,16,7695.0,4528.75,3166.25,5,0.05,0
1460,106,26,10,28,20.94,13.15,7.79,2,0.15,0
1461,826,29,6,34,58.52,34.89,23.63,2,0.05,0
1462,259,17,2,41,1672.0,1050.69,621.31,5,0.2,0
1463,533,27,9,11,185.25,105.34,79.91,3,0.0,0
1464,24,21,10,10,44.55,30.81,13.74,1,0.1,1
1465,162,19,7,2,2166.0,1466.15,699.85,2,0.05,0
1466,383,8,4,20,1762.2,1265.42,496.78,2,0.1,0
1467,775,25,5,43,36.75,20.82,15.93,1,0.0,0
1468,48,21,10,7,44.89,33.01,11.88,1,0.05,0
1469,291,10,5,12,322.0,208.93,113.07,1,0.0,0
1470,426,13,2,32,121.12,68.4,52.72,1,0.05,1
1471,157,7,7,25,12597.0,9216.73,3380.27,3,0.15,0
1472,369,10,1,12,1309.0,878.77,430.23,5,0.15,0
1473,703,12,8,40,39487.5,21757.73,17729.77,5,0.1,0
1474,522,30,2,13,570.0,374.6,195.4,5,0.0,0
1475,313,7,6,8,12480.0,7681.54,4798.46,2,0.0,0
1476,260,9,5,31,704.0,436.28,267.72,2,0.0,0
1477,603,15,8,28,9927.5,7291.45,2636.05,5,0.05,0
1478,406,22,5,26,26.46,18.75,7.71,1,0.1,0
1479,340,26,4,47,112.86,82.0,30.86,4,0.05,0
1480,557,27,6,40,52.65,32.99,19.66,1,0.1,0
1481,723,12,2,29,17550.0,13015.42,4534.58,2,0.0,0
1482,840,10,10,42,1120.0,705.22,414.78,5,0.0,0
1483,661,14,3,23,218.5,129.58,88.92,2,0.0,0
1484,298,25,6,8,40.25,27.68,12.57,1,0.0,0
1485,438,15,10,21,3366.0,1895.89,1470.11,2,0.1,0
1486,435,17,4,7,1615.0,1119.6,495.4,5,0.0,1
1487,154,19,7,44,4560.0,3249.82,1310.18,4,0.0,0
1488,102,26,8,32,12.32,7.81,4.51,1,0.0,0
1489,351,20,6,38,2430.0,1616.64,813.36,4,0.0,0
1490,10,30,8,19,211.2,157.0,54.2,2,0.2,0
1491,1093,30,9,3,413.1,228.55,184.55,3,0.15,0
1492,851,24,5,18,806.4,499.29,307.11,3,0.2,0
1493,642,16,10,4,6440.0,4439.04,2000.96,4,0.0,0
1494,249,27,6,40,71.5,42.53,28.97,1,0.0,0
1495,285,4,6,45,5060.0,2955.23,2104.77,4,0.0,0
1496,756,27,9,1,71.5,51.96,19.54,1,0.0,0
1497,99,10,2,17,399.84,268.91,130.93,3,0.15,0
1498,553,23,3,9,363.38,208.57,154.81,5,0.05,0
1499,304,25,10,27,136.85,78.62,58.23,4,0.15,0
1500,979,22,8,18,73.92,51.46,22.46,3,0.2,0
1501,541,25,5,46,33.25,22.0,11.25,1,0.0,0
1502,422,23,2,5,357.0,211.52,145.48,4,0.0,0
1503,959,27,7,13,247.0,152.67,94.33,4,0.0,0
1504,1081,17,6,49,1308.15,838.27,469.88,3,0.15,0
1505,1034,4,3,15,3605.25,2685.96,919.29,3,0.05,0
1506,1052,7,7,13,6240.0,3960.02,2279.98,1,0.0,0
1507,210,5,8,7,3150.0,1742.95,1407.05,1,0.0,0
1508,547,1,8,43,5130.0,3182.61,1947.39,5,0.05,0
1509,173,12,7,14,11732.5,7631.26,4101.24,2,0.05,0
1510,109,15,5,24,1232.0,837.42,394.58,1,0.0,0
1511,866,7,5,13,20800.0,13911.24,6888.76,4,0.0,0
1512,1011,17,7,7,371.45,222.79,148.66,1,0.15,0
1513,236,2,1,37,7980.0,4494.09,3485.91,3,0.0,0
1514,464,29,10,45,117.04,73.57,43.47,4,0.05,0
1515,550,16,4,11,2520.0,1707.0,813.0,2,0.0,0
1516,590,24,1,7,718.2,525.4,192.8,2,0.1,0
1517,626,28,4,11,106.59,60.11,46.48,3,0.15,0
1518,933,5,1,43,11970.0,7383.23,4586.77,4,0.05,0
1519,541,29,2,11,47.02,29.17,17.85,1,0.1,0
1520,3,16,4,31,1540.0,1099.23,440.77,1,0.0,0
1521,596,27,4,34,308.75,216.43,92.32,5,0.0,0
1522,205,10,6,29,856.8,531.35,325.45,4,0.15,0
1523,997,9,6,30,281.6,174.74,106.86,1,0.2,0
1524,1061,25,10,31,42.0,28.86,13.14,1,0.0,0
1525,43,5,7,15,7350.0,4774.31,2575.69,2,0.0,0
1526,883,12,4,48,6175.0,4533.25,1641.75,1,0.0,0
1527,222,9,9,29,1520.0,916.65,603.35,5,0.0,0
1528,679,13,10,27,540.0,317.58,222.42,3,0.0,0
1529,704,27,10,8,280.8,179.99,100.81,4,0.2,1
1530,711,10,2,1,1285.2,744.68,540.52,4,0.15,0
1531,1072,10,10,36,756.0,489.41,266.59,2,0.0,0
1532,604,1,8,3,2280.0,1630.41,649.59,2,0.0,0
1533,1001,10,1,28,785.4,562.99,222.41,3,0.15,0
1534,283,12,5,33,37375.0,27685.05,9689.95,5,0.0,0
1535,293,24,4,28,2415.0,1468.71,946.29,5,0.0,0
1536,727,8,7,28,4806.0,3501.68,1304.32,4,0.0,1
1537,637,6,10,28,1267.2,843.49,423.71,3,0.2,0
1538,409,9,3,27,1680.0,1025.16,654.84,5,0.0,0
1539,945,18,3,25,2470.0,1426.97,1043.03,4,0.0,0
1540,642,17,6,30,1245.45,801.21,444.24,3,0.05,1
1541,945,1,9,2,4560.0,3197.34,1362.66,4,0.0,0
1542,620,26,4,38,121.0,69.63,51.37,5,0.0,0
1543,601,2,7,9,9044.0,4984.97,4059.03,4,0.15,0
1544,1061,15,1,6,2640.0,1890.18,749.82,1,0.0,0
1545,683,20,2,19,2565.0,1765.02,799.98,5,0.05,0
1546,249,24,10,44,1963.5,1361.47,602.03,5,0.15,0
1547,1058,5,9,48,16800.0,9991.11,6808.89,4,0.0,0
1548,317,10,5,47,268.8,173.91,94.89,1,0.2,0
1549,235,3,1,10,3087.5,2019.12,1068.38,5,0.0,0
1550,213,16,1,33,5054.0,2835.95,2218.05,4,0.05,0
1551,829,16,3,16,3920.0,2800.2,1119.8,5,0.0,0
1552,253,14,3,41,104.5,60.44,44.06,1,0.0,0
1553,493,6,9,48,2400.0,1548.56,851.44,5,0.0,0
1554,205,19,8,24,3078.0,1930.41,1147.59,3,0.05,0
1555,951,14,7,10,90.25,57.89,32.36,1,0.0,0
1556,23,19,5,3,6270.0,3501.96,2768.04,5,0.05,1
1557,286,15,8,18,2530.0,1572.52,957.48,1,0.0,0
1558,1031,7,6,46,28405.0,18537.36,9867.64,5,0.05,0
1559,311,12,10,22,26520.0,19140.35,7379.65,4,0.15,0
1560,621,30,7,5,501.6,372.44,129.16,4,0.05,0
1561,370,19,9,50,6600.0,3800.84,2799.16,5,0.0,0
1562,713,19,10,26,1620.0,900.57,719.43,1,0.0,0
1563,475,4,2,32,2464.0,1729.68,734.32,4,0.0,1
1564,485,4,3,47,2816.0,2096.97,719.03,4,0.2,1
1565,127,20,5,8,360.0,252.0,108.0,1,0.2,0
1566,767,20,1,12,1417.5,977.71,439.79,3,0.0,0
1567,410,7,5,32,18564.0,11272.39,7291.61,4,0.15,0
1568,332,14,9,13,102.6,56.93,45.67,1,0.1,1
1569,198,7,1,9,4680.0,3298.82,1381.18,1,0.0,0
1570,148,11,3,44,8550.0,5027.63,3522.37,5,0.05,0
1571,971,17,6,23,1624.5,1170.75,453.75,5,0.1,0
1572,899,14,7,5,451.25,259.67,191.58,5,0.0,0
1573,207,4,8,15,891.0,586.37,304.63,1,0.1,0
1574,594,30,5,25,342.0,247.78,94.22,3,0.0,0
1575,590,3,9,37,988.0,645.71,342.29,2,0.2,0
1576,640,13,10,4,733.12,533.98,199.14,5,0.15,0
1577,539,21,1,3,121.84,73.37,48.47,3,0.05,0
1578,122,5,4,36,8400.0,5734.4,2665.6,3,0.2,0
1579,483,16,2,37,4760.0,3412.92,1347.08,5,0.15,0
1580,709,3,7,39,4387.5,3191.92,1195.58,5,0.0,0
1581,266,9,1,7,334.4,217.87,116.53,1,0.05,0
1582,884,16,5,15,1330.0,738.51,591.49,1,0.0,0
1583,402,18,10,25,614.25,397.07,217.18,1,0.1,0
1584,773,23,3,28,321.3,185.57,135.73,4,0.1,0
1585,754,12,4,22,28600.0,17092.33,11507.67,4,0.0,0
1586,21,8,7,48,4405.5,2463.36,1942.14,5,0.1,0
1587,512,27,1,5,65.0,41.45,23.55,1,0.0,0
1588,644,12,10,42,14950.0,8610.35,6339.65,2,0.0,0
1589,251,22,2,5,83.16,49.16,34.0,3,0.1,0
1590,732,29,4,29,181.5,128.15,53.35,3,0.0,0
1591,501,17,5,21,1710.0,976.2,733.8,5,0.1,0
1592,842,23,10,32,204.0,120.51,83.49,3,0.0,0
1593,1067,8,5,48,6007.5,3451.61,2555.89,5,0.0,0
1594,291,2,4,45,10948.0,7694.67,3253.33,4,0.15,1
1595,44,16,1,18,3969.0,2487.91,1481.09,3,0.1,0
1596,174,2,5,40,10108.0,5597.5,4510.5,4,0.05,0
1597,910,2,4,14,10640.0,7256.32,3383.68,4,0.0,0
1598,625,2,9,49,9240.0,6763.78,2476.22,3,0.0,0
1599,689,30,5,49,720.0,505.04,214.96,5,0.0,0
1600,889,28,7,47,28.88,16.51,12.37,1,0.2,0
1601,589,28,9,30,129.96,90.17,39.79,4,0.1,0
1602,533,6,7,30,912.0,667.17,244.83,2,0.0,0
1603,562,3,4,50,2925.0,1806.21,1118.79,5,0.0,0
1604,562,12,5,43,14040.0,9555.71,4484.29,3,0.2,0
1605,26,4,5,37,2904.0,1750.83,1153.17,3,0.2,0
1606,948,1,8,1,4560.0,3388.89,1171.11,4,0.0,0
1607,447,14,1,38,56.52,41.23,15.29,1,0.0,0
1608,132,15,3,17,6600.0,4777.15,1822.85,3,0.0,0
1609,358,5,10,42,4725.0,2706.9,2018.1,1,0.0,0
1610,1038,28,8,38,136.8,90.38,46.42,3,0.0,0
1611,531,9,1,44,820.8,569.36,251.44,3,0.1,0
1612,717,4,2,33,5940.0,3874.11,2065.89,4,0.0,0
1613,668,19,6,44,5520.0,3744.64,1775.36,4,0.0,0
1614,294,1,6,39,4140.0,3084.38,1055.62,3,0.0,1
1615,768,16,5,40,1470.0,916.78,553.22,1,0.0,0
1616,308,30,10,2,129.6,76.76,52.84,1,0.1,0
1617,1041,26,10,46,79.2,49.56,29.64,3,0.0,0
1618,308,13,2,5,324.0,210.83,113.17,2,0.1,0
1619,857,18,2,34,585.0,377.01,207.99,1,0.1,0
1620,904,11,5,13,8550.0,6260.43,2289.57,5,0.0,0
1621,742,8,8,21,832.15,497.8,334.35,1,0.15,0
1622,840,12,2,23,23400.0,13227.76,10172.24,5,0.1,0
1623,992,20,4,29,1980.0,1314.46,665.54,4,0.0,0
1624,257,30,9,16,448.8,299.33,149.47,4,0.15,0
1625,534,26,5,22,62.7,35.51,27.19,3,0.0,0
1626,304,19,8,41,2760.0,2001.78,758.22,2,0.0,0
1627,248,14,5,49,444.12,326.88,117.24,5,0.15,0
1628,259,28,1,28,35.53,20.73,14.8,1,0.15,0
1629,1055,28,9,25,182.4,104.97,77.43,4,0.0,0
1630,495,23,5,8,204.0,148.85,55.15,3,0.2,0
1631,221,24,1,5,1137.15,832.55,304.6,3,0.05,0
1632,893,10,8,45,452.2,265.3,186.9,2,0.15,0
1633,1044,3,3,1,3510.0,2190.15,1319.85,5,0.1,0
1634,777,11,8,12,8032.5,5362.63,2669.87,5,0.15,1
1635,199,8,5,32,2403.0,1592.77,810.23,3,0.0,1
1636,1041,28,7,19,129.96,79.76,50.2,3,0.05,0
1637,294,2,4,28,16100.0,10706.94,5393.06,5,0.0,0
1638,204,12,5,11,5850.0,3537.9,2312.1,1,0.0,0
1639,347,10,5,39,378.0,258.28,119.72,1,0.0,0
1640,424,18,9,49,1365.0,914.11,450.89,2,0.0,0
1641,400,1,8,2,3780.0,2292.07,1487.93,3,0.0,1
1642,874,24,8,34,672.0,430.6,241.4,2,0.2,1
1643,246,15,7,32,7260.0,5248.26,2011.74,3,0.0,1
1644,239,12,2,48,10497.5,5929.72,4567.78,2,0.15,0
1645,687,9,8,41,1632.0,1151.23,480.77,5,0.15,0
1646,645,29,1,28,53.76,38.11,15.65,1,0.15,0
1647,73,21,1,16,68.85,43.05,25.8,2,0.1,1
1648,401,9,8,10,1075.2,631.6,443.6,4,0.2,0
1649,270,7,2,34,11440.0,7285.72,4154.28,2,0.0,0
1650,428,23,3,3,245.65,148.03,97.62,4,0.15,0
1651,481,21,6,31,153.0,113.35,39.65,5,0.15,0
1652,475,29,5,43,117.04,83.02,34.02,4,0.05,0
1653,732,18,8,19,715.0,409.32,305.68,1,0.0,1
1654,589,14,8,21,153.42,97.42,56.0,2,0.15,0
1655,654,22,2,23,109.48,63.02,46.46,4,0.15,1
1656,1002,20,7,44,990.0,602.1,387.9,2,0.0,0
1657,838,2,9,50,6720.0,4603.19,2116.81,3,0.0,0
1658,906,14,7,17,90.25,58.4,31.85,1,0.0,0
1659,94,10,8,27,282.24,204.66,77.58,2,0.1,0
1660,226,20,10,22,769.5,506.3,263.2,2,0.1,1
1661,44,26,7,6,69.3,48.74,20.56,3,0.0,0
1662,101,17,4,24,1064.0,794.85,269.15,5,0.0,0
1663,811,28,4,19,45.22,27.87,17.35,2,0.0,0
1664,510,1,1,2,6000.0,3901.8,2098.2,5,0.0,0
1665,87,6,5,20,408.0,275.93,132.07,1,0.0,0
1666,70,9,2,25,1088.0,776.46,311.54,4,0.0,0
1667,174,3,2,33,2470.0,1365.78,1104.22,4,0.0,0
1668,311,4,10,26,2112.0,1417.44,694.56,2,0.2,0
1669,663,14,9,48,109.25,66.08,43.17,1,0.0,0
1670,542,21,10,31,171.0,108.74,62.26,4,0.0,0
1671,833,18,5,31,1326.0,870.71,455.29,3,0.15,0
1672,36,16,7,24,6247.5,3571.45,2676.05,5,0.15,0
1673,51,13,4,29,448.88,297.44,151.44,3,0.05,0
1674,681,5,2,7,21000.0,12422.26,8577.74,5,0.0,1
1675,512,3,3,26,2600.0,1676.23,923.77,5,0.2,0
1676,477,2,8,17,8960.0,6255.0,2705.0,4,0.0,0
1677,75,11,10,39,4896.0,2698.26,2197.74,4,0.2,0
1678,1001,18,8,21,1430.0,918.45,511.55,2,0.0,0
1679,167,30,2,28,108.3,62.32,45.98,1,0.05,0
1680,1065,24,2,11,957.6,693.25,264.35,2,0.05,0
1681,869,16,3,41,6650.0,3843.52,2806.48,5,0.05,0
1682,857,13,1,19,142.5,106.75,35.75,1,0.05,0
1683,556,17,6,40,923.4,627.95,295.45,3,0.1,0
1684,1072,22,4,40,102.06,68.47,33.59,3,0.1,0
1685,432,30,6,48,204.0,133.59,70.41,2,0.0,0
1686,21,11,7,12,3762.0,2119.55,1642.45,2,0.05,1
1687,639,23,4,13,87.97,56.45,31.52,1,0.1,0
1688,960,20,3,5,1090.12,721.48,368.64,3,0.15,0
1689,29,30,4,18,316.8,231.99,84.81,3,0.2,0
1690,627,12,10,50,28600.0,18939.56,9660.44,4,0.0,0
1691,415,3,10,10,580.12,344.18,235.94,1,0.15,0
1692,210,5,9,38,12600.0,8380.65,4219.35,4,0.0,0
1693,568,26,10,43,79.2,46.22,32.98,4,0.0,0
1694,444,3,10,10,1105.0,712.83,392.17,2,0.0,0
1695,160,29,1,9,209.0,133.33,75.67,5,0.2,0
1696,670,10,9,49,336.0,222.44,113.56,1,0.0,0
1697,790,23,8,23,214.2,140.17,74.03,3,0.2,0
1698,439,6,5,46,652.8,416.13,236.67,2,0.2,0
1699,514,22,2,36,95.2,58.99,36.21,4,0.15,0
1700,749,28,8,50,106.59,67.66,38.93,3,0.15,0
1701,392,13,6,12,165.0,105.34,59.66,1,0.0,0
1702,12,19,5,22,1320.0,967.77,352.23,1,0.0,0
1703,27,20,5,3,1262.25,815.09,447.16,3,0.15,0
1704,519,9,1,37,243.2,168.68,74.52,1,0.2,0
1705,931,16,3,31,5040.0,2876.72,2163.28,5,0.2,0
1706,314,23,3,9,96.9,69.46,27.44,1,0.05,0
1707,909,21,1,21,34.2,22.53,11.67,1,0.2,1
1708,398,21,10,48,47.25,33.9,13.35,1,0.0,0
1709,649,29,3,38,170.77,94.41,76.36,3,0.1,0
1710,853,27,1,5,104.0,73.03,30.97,2,0.2,0
1711,547,3,3,29,585.0,392.95,192.05,1,0.0,0
1712,839,6,1,20,1036.8,642.96,393.84,3,0.1,0
1713,177,19,8,6,1140.0,668.61,471.39,1,0.0,0
1714,651,19,1,50,2208.0,1219.01,988.99,2,0.2,0
1715,943,3,4,20,994.5,697.31,297.19,2,0.15,0
1716,110,13,5,12,252.0,167.08,84.92,3,0.0,0
1717,386,9,4,12,1056.0,728.12,327.88,3,0.0,0
1718,1004,12,10,24,17160.0,11640.75,5519.25,3,0.2,0
1719,350,2,10,25,6804.0,4516.1,2287.9,2,0.1,1
1720,889,12,5,14,15746.25,11710.46,4035.79,3,0.15,0
1721,551,3,9,50,1170.0,694.57,475.43,2,0.0,0
1722,237,17,3,31,685.9,457.75,228.15,2,0.05,0
1723,774,22,10,3,74.97,42.8,32.17,3,0.15,0
1724,17,6,7,31,1584.0,1076.45,507.55,3,0.0,0
1725,734,10,3,30,1540.0,1078.63,461.37,5,0.0,0
1726,935,19,10,45,3672.0,2312.87,1359.13,4,0.15,0
1727,518,24,6,39,1137.15,779.76,357.39,3,0.05,0
1728,480,25,9,7,106.4,74.99,31.41,4,0.05,1
1729,821,19,1,11,3570.0,2622.06,947.94,5,0.0,1
1730,1074,7,10,49,14040.0,9584.85,4455.15,2,0.0,0
1731,111,3,5,50,582.4,360.63,221.77,2,0.2,0
1732,944,1,3,13,2280.0,1394.23,885.77,2,0.0,0
1733,417,14,2,47,199.5,137.05,62.45,2,0.0,0
1734,767,1,8,11,3780.0,2434.93,1345.07,3,0.0,0
1735,436,30,8,43,326.4,209.78,116.62,4,0.2,0
1736,197,13,3,21,256.5,180.74,75.76,2,0.05,1
1737,870,20,7,35,450.0,291.45,158.55,1,0.0,0
1738,56,8,10,12,1869.0,1163.37,705.63,2,0.0,0
1739,4,20,10,49,1980.0,1344.65,635.35,4,0.0,0
1740,385,2,4,20,12320.0,7612.74,4707.26,4,0.0,0
1741,872,5,5,20,11900.0,8499.63,3400.37,4,0.15,0
1742,864,6,3,26,1920.0,1096.87,823.13,5,0.2,0
1743,710,22,2,42,120.96,86.05,34.91,4,0.2,0
1744,264,19,9,25,5280.0,3417.36,1862.64,4,0.0,1
1745,823,14,1,20,212.8,148.62,64.18,4,0.0,0
1746,923,17,6,50,1162.8,717.46,445.34,4,0.15,0
1747,748,4,3,28,4840.0,3033.2,1806.8,5,0.2,0
1748,308,1,6,46,7200.0,4244.56,2955.44,5,0.0,0
1749,932,14,1,30,256.5,147.31,109.19,3,0.0,0
1750,752,2,10,44,9240.0,5868.7,3371.3,3,0.0,0
1751,49,18,5,12,2047.5,1296.91,750.59,3,0.0,0
1752,610,21,1,39,49.5,34.47,15.03,1,0.0,0
1753,812,8,3,6,2647.75,1523.01,1124.74,5,0.0,0
1754,1011,14,5,23,371.45,250.15,121.3,4,0.15,1
1755,1073,19,8,3,1620.0,1011.79,608.21,1,0.0,0
1756,208,13,9,47,135.0,99.29,35.71,1,0.0,0
1757,866,13,1,12,382.5,260.32,122.18,3,0.15,1
1758,888,4,4,37,3135.0,2110.22,1024.78,3,0.0,0
1759,500,23,1,24,403.75,239.44,164.31,5,0.05,1
1760,563,24,3,18,1606.5,898.27,708.23,5,0.15,0
1761,372,22,5,18,29.26,17.31,11.95,1,0.05,0
1762,266,9,5,30,1408.0,1049.21,358.79,5,0.2,0
1763,454,8,1,46,1588.65,894.0,694.65,3,0.0,0
1764,944,19,7,41,5700.0,3752.26,1947.74,5,0.0,0
1765,26,11,6,21,4752.0,3035.94,1716.06,3,0.2,0
1766,1022,7,9,45,10166.0,6384.37,3781.63,2,0.15,0
1767,161,21,8,36,128.25,75.86,52.39,3,0.0,1
1768,757,10,5,49,877.8,601.21,276.59,3,0.05,0
1769,342,20,6,37,2308.5,1729.45,579.05,4,0.05,0
1770,582,18,8,16,2223.0,1281.2,941.8,4,0.1,0
1771,253,4,7,14,2420.0,1607.24,812.76,2,0.0,0
1772,326,25,7,36,168.0,117.64,50.36,4,0.0,0
1773,572,11,6,41,1377.0,1001.01,375.99,1,0.15,1
1774,651,17,9,35,1748.0,1261.73,486.27,4,0.0,0
1775,951,10,8,11,505.4,307.12,198.28,2,0.05,0
1776,685,25,8,42,71.4,52.23,19.17,2,0.15,0
1777,857,14,7,13,85.5,50.86,34.64,1,0.1,0
1778,1031,3,10,37,2990.0,1838.86,1151.14,4,0.0,0
1779,967,22,2,24,22.61,15.15,7.46,1,0.15,0
1780,798,18,9,13,1049.75,654.85,394.9,2,0.05,0
1781,359,16,4,21,3780.0,2128.0,1652.0,2,0.0,0
1782,945,15,4,44,9927.5,7425.2,2502.3,5,0.05,0
1783,945,17,2,39,866.4,635.96,230.44,3,0.2,0
1784,947,24,2,1,339.15,232.44,106.71,1,0.15,0
1785,963,28,7,5,144.4,104.93,39.47,4,0.0,0
1786,1094,23,1,29,367.2,255.28,111.92,4,0.2,0
1787,816,27,1,24,131.49,96.71,34.78,4,0.15,0
1788,902,14,2,7,144.4,87.0,57.4,2,0.2,0
1789,229,24,3,24,1356.6,838.33,518.27,4,0.15,1
1790,989,7,5,7,14586.0,10046.01,4539.99,3,0.15,0
1791,1007,25,4,49,120.75,73.54,47.21,3,0.0,0
1792,923,23,5,37,206.55,115.08,91.47,3,0.1,0
1793,1069,10,1,15,1020.6,635.37,385.23,3,0.1,0
1794,325,19,5,31,4896.0,2981.55,1914.45,4,0.15,0
1795,264,5,10,19,15400.0,10431.23,4968.77,4,0.0,0
1796,434,19,5,10,5100.0,3069.61,2030.39,5,0.0,0
1797,1059,13,8,40,360.0,244.36,115.64,2,0.0,0
1798,1027,11,9,24,6624.0,4870.07,1753.93,4,0.2,0
1799,1076,16,3,31,7560.0,5169.14,2390.86,4,0.0,0
1800,461,10,4,15,313.6,210.65,102.95,2,0.0,0
1801,245,21,4,23,188.1,124.88,63.22,4,0.05,0
1802,25,27,9,15,143.0,97.65,45.35,2,0.0,0
1803,203,11,9,5,4374.0,3246.96,1127.04,3,0.1,0
1804,163,26,1,29,94.05,56.39,37.66,5,0.1,0
1805,375,23,4,15,374.0,208.71,165.29,4,0.0,0
1806,569,3,4,47,585.0,382.89,202.11,1,0.0,0
1807,467,8,10,49,2367.4,1521.89,845.51,5,0.05,0
1808,105,11,2,13,4032.0,2573.95,1458.05,4,0.0,0
1809,205,18,10,14,2778.75,1695.02,1083.73,5,0.05,0
1810,881,28,2,47,121.6,82.51,39.09,4,0.2,0
1811,935,1,5,49,3888.0,2348.93,1539.07,4,0.1,0
1812,674,17,8,33,1162.8,709.22,453.58,3,0.15,0
1813,510,11,5,44,8100.0,4955.26,3144.74,5,0.1,0
1814,374,16,1,21,7315.0,4748.59,2566.41,5,0.05,0
1815,885,22,5,7,106.4,72.09,34.31,4,0.0,0
1816,375,7,2,49,11440.0,6994.87,4445.13,2,0.0,0
1817,1087,16,2,44,5103.0,3021.27,2081.73,3,0.1,0
1818,664,6,4,50,1766.4,1032.21,734.19,4,0.2,0
1819,322,11,9,31,8640.0,5472.42,3167.58,5,0.2,0
1820,469,30,5,31,201.6,116.73,84.87,3,0.0,0
1821,725,27,6,29,250.09,165.72,84.37,3,0.05,0
1822,12,25,7,4,154.0,104.59,49.41,4,0.0,0
1823,936,25,5,2,63.0,42.99,20.01,2,0.0,0
1824,765,1,6,28,5040.0,3334.53,1705.47,4,0.0,0
1825,441,20,9,29,1147.5,648.21,499.29,3,0.0,0
1826,983,24,10,31,369.6,252.02,117.58,1,0.2,0
1827,998,8,5,39,4650.25,2612.81,2037.44,5,0.05,0
1828,702,9,9,24,1728.0,988.77,739.23,4,0.0,0
1829,152,11,7,10,3078.0,1876.88,1201.12,2,0.1,0
1830,181,15,4,21,9405.0,6607.55,2797.45,5,0.1,0
1831,1088,27,5,45,87.75,61.81,25.94,1,0.0,0
1832,643,28,6,50,148.58,108.01,40.57,4,0.15,0
1833,960,8,8,24,2536.5,1738.86,797.64,3,0.0,0
1834,523,20,1,9,363.38,229.71,133.67,1,0.15,0
1835,997,26,1,34,21.78,13.61,8.17,1,0.1,0
1836,66,17,6,35,1292.0,859.13,432.87,4,0.0,0
1837,155,19,2,36,1026.0,596.77,429.23,1,0.1,0
1838,180,19,8,40,1824.0,1029.86,794.14,2,0.2,0
1839,568,15,8,48,3366.0,2073.75,1292.25,2,0.15,0
1840,696,15,9,50,10560.0,6655.9,3904.1,4,0.0,0
1841,799,1,1,15,2907.0,1686.35,1220.65,3,0.05,0
1842,669,18,8,42,1196.0,854.31,341.69,2,0.2,1
1843,313,7,3,14,18720.0,10673.76,8046.24,3,0.0,0
1844,81,25,3,35,89.25,54.93,34.32,3,0.0,0
1845,472,22,4,13,47.04,29.86,17.18,3,0.0,0
1846,445,25,6,2,56.52,32.48,24.04,2,0.05,1
1847,53,15,4,25,2194.5,1399.45,795.05,1,0.05,0
1848,780,19,2,6,2268.0,1661.67,606.33,2,0.1,0
1849,250,6,4,8,1795.2,1204.52,590.68,4,0.15,0
1850,649,14,4,14,87.4,56.93,30.47,1,0.2,0
1851,1042,4,8,2,1254.0,891.2,362.8,1,0.05,0
1852,205,12,6,20,5557.5,4108.04,1449.46,1,0.05,0
1853,470,23,2,42,180.88,100.06,80.82,4,0.05,1
1854,663,2,3,16,5796.0,3198.55,2597.45,2,0.1,0
1855,288,23,8,49,97.75,65.42,32.33,1,0.0,0
1856,601,12,10,27,11732.5,6857.46,4875.04,2,0.05,1
1857,311,24,3,24,403.2,234.85,168.35,1,0.2,0
1858,627,13,6,17,825.0,458.45,366.55,5,0.0,0
1859,59,29,8,3,109.73,61.37,48.36,2,0.05,0
1860,1076,6,3,7,648.0,472.68,175.32,1,0.0,0
1861,136,4,8,30,3520.0,2568.29,951.71,4,0.2,0
1862,2,10,8,31,924.0,567.87,356.13,3,0.0,0
1863,198,16,8,48,6300.0,3623.55,2676.45,5,0.0,0
1864,293,8,2,48,869.97,548.75,321.22,1,0.15,1
1865,216,8,4,17,1437.35,980.09,457.26,2,0.15,0
1866,947,22,10,34,119.7,89.48,30.22,5,0.1,0
1867,270,11,7,24,3564.0,2485.11,1078.89,2,0.1,0
1868,789,21,1,13,94.5,54.68,39.82,2,0.0,0
1869,488,6,7,21,432.0,279.14,152.86,1,0.1,0
1870,385,21,10,26,198.0,126.85,71.15,4,0.0,0
1871,901,4,5,42,5225.0,3226.18,1998.82,5,0.0,1
1872,523,11,8,50,8122.5,5544.82,2577.68,5,0.05,0
1873,702,25,9,17,37.8,23.55,14.25,1,0.2,0
1874,259,4,4,30,1210.0,798.71,411.29,1,0.0,0
1875,712,10,8,28,1890.0,1404.76,485.24,5,0.0,1
1876,374,13,9,13,264.0,181.13,82.87,2,0.2,0
1877,407,24,6,34,1764.0,1023.74,740.26,5,0.2,0
1878,1076,2,9,24,18900.0,13017.17,5882.83,5,0.0,1
1879,342,12,3,7,14917.5,10097.1,4820.4,2,0.15,0
1880,312,18,10,28,1560.0,873.26,686.74,2,0.0,1
1881,821,10,7,34,633.08,407.45,225.63,4,0.05,0
1882,615,1,2,17,5610.0,3435.12,2174.88,5,0.15,1
1883,137,2,7,9,5320.0,3801.08,1518.92,2,0.05,0
1884,497,13,3,42,570.0,380.92,189.08,4,0.05,0
1885,718,3,4,18,1667.25,958.16,709.09,2,0.05,0
1886,311,7,8,10,14976.0,9217.64,5758.36,3,0.2,0
1887,1067,10,9,7,1795.5,1070.9,724.6,5,0.05,0
1888,256,18,10,30,1430.0,1038.24,391.76,2,0.0,0
1889,700,29,5,3,237.6,173.03,64.57,4,0.2,0
1890,956,14,10,11,288.8,175.65,113.15,4,0.2,0
1891,182,24,10,39,1134.0,820.87,313.13,3,0.0,0
1892,886,14,1,41,72.2,50.83,21.37,1,0.2,0
1893,565,29,5,41,247.5,156.9,90.6,5,0.0,0
1894,731,3,1,7,2860.0,1908.07,951.93,4,0.0,0
1895,889,22,5,7,95.76,64.29,31.47,4,0.1,0
1896,1063,28,7,3,228.0,152.32,75.68,5,0.0,0
1897,202,19,2,8,2160.0,1438.61,721.39,2,0.0,0
1898,864,27,7,46,65.0,44.16,20.84,1,0.0,0
1899,944,19,9,3,3648.0,2593.89,1054.11,4,0.2,0
1900,885,22,1,14,133.0,73.79,59.21,5,0.0,1
1901,203,10,7,2,806.4,587.21,219.19,4,0.2,0
1902,705,12,4,18,28080.0,15712.44,12367.56,4,0.2,0
1903,539,25,3,14,133.0,96.12,36.88,5,0.2,0
1904,822,25,6,50,31.36,20.38,10.98,2,0.2,0
1905,721,20,9,48,1215.0,869.62,345.38,2,0.0,0
1906,186,21,7,21,192.38,130.41,61.97,5,0.05,0
1907,415,9,8,23,806.4,514.12,292.28,3,0.2,0
1908,327,6,6,2,576.0,383.83,192.17,1,0.0,1
1909,607,25,9,35,63.17,42.56,20.61,2,0.05,0
1910,192,3,10,43,1872.0,1128.21,743.79,4,0.2,0
1911,1092,12,7,9,35100.0,25236.97,9863.03,4,0.0,0
1912,602,20,10,6,1282.5,818.89,463.61,3,0.0,0
1913,318,22,5,2,134.4,96.32,38.08,4,0.0,1
1914,503,29,4,29,110.0,60.77,49.23,2,0.0,0
1915,43,28,10,31,151.62,100.26,51.36,4,0.05,1
1916,394,14,3,34,496.38,335.28,161.1,5,0.05,1
1917,793,24,5,46,856.8,608.62,248.18,3,0.2,0
1918,747,29,4,21,302.5,171.04,131.46,5,0.0,0
1919,659,28,4,35,218.5,124.4,94.1,5,0.0,1
1920,1040,23,8,35,306.0,217.7,88.3,3,0.0,0
1921,714,23,9,15,459.0,305.17,153.83,4,0.0,0
1922,897,16,10,28,1330.0,737.38,592.62,1,0.0,0
1923,118,29,6,31,61.6,42.28,19.32,2,0.0,0
1924,566,19,5,47,918.0,614.64,303.36,1,0.15,0
1925,274,13,4,43,690.0,453.8,236.2,4,0.0,0
1926,677,8,10,33,4272.0,3004.33,1267.67,4,0.0,1
1927,645,28,1,40,37.14,26.03,11.11,1,0.15,0
1928,146,20,2,34,1530.0,890.83,639.17,4,0.15,0
1929,368,27,3,2,243.1,139.52,103.58,4,0.15,0
1930,827,19,7,27,2284.8,1473.43,811.37,4,0.15,0
1931,375,4,5,23,2057.0,1308.4,748.6,2,0.15,0
1932,186,6,5,26,864.0,535.89,328.11,2,0.0,0
1933,168,11,8,49,1539.0,925.79,613.21,1,0.1,0
1934,125,18,1,44,1950.0,1138.22,811.78,3,0.0,1
1935,1084,1,1,21,6480.0,3599.84,2880.16,4,0.0,1
1936,768,28,2,12,67.83,45.73,22.1,2,0.15,0
1937,448,12,2,44,6961.5,4349.78,2611.72,2,0.1,0
1938,903,23,3,33,129.2,92.22,36.98,2,0.2,0
1939,80,30,9,8,306.0,174.9,131.1,3,0.0,0
1940,1062,6,2,32,1036.8,602.43,434.37,2,0.1,0
1941,691,15,9,25,10560.0,7220.31,3339.69,4,0.0,0
1942,505,12,3,16,26000.0,18429.08,7570.92,4,0.0,0
1943,121,30,8,43,420.0,302.21,117.79,5,0.0,0
1944,657,30,9,37,586.5,384.97,201.53,5,0.15,0
1945,412,10,6,9,940.8,554.7,386.1,4,0.2,1
1946,874,13,7,25,142.5,79.05,63.45,1,0.05,0
1947,992,20,7,20,1584.0,1115.37,468.63,4,0.2,0
1948,113,17,1,13,212.8,155.01,57.79,1,0.0,0
1949,356,21,6,48,54.68,30.38,24.3,1,0.1,1
1950,789,7,6,35,4368.0,3123.46,1244.54,1,0.2,0
1951,1042,17,3,33,1162.8,802.14,360.66,3,0.15,1
1952,203,15,3,15,5940.0,4115.27,1824.73,3,0.0,0
1953,32,2,7,14,2940.0,1619.79,1320.21,1,0.0,0
1954,678,6,7,15,1382.4,871.45,510.95,3,0.2,0
1955,505,20,5,28,1912.5,1382.26,530.24,5,0.15,0
1956,420,29,5,27,54.86,39.21,15.65,1,0.05,0
1957,389,27,8,17,357.5,241.42,116.08,5,0.0,0
1958,920,5,4,5,3150.0,1832.62,1317.38,1,0.0,0
1959,137,6,9,21,816.0,490.66,325.34,2,0.15,0
1960,816,10,9,19,399.84,265.5,134.34,3,0.2,0
1961,245,13,4,6,660.0,428.73,231.27,5,0.2,0
1962,74,16,8,7,1190.0,663.55,526.45,1,0.0,0
1963,172,25,2,16,119.7,74.71,44.99,4,0.1,0
1964,906,20,1,43,1710.0,1273.78,436.22,5,0.2,0
1965,652,2,10,1,6440.0,4649.02,1790.98,2,0.0,0
1966,360,12,8,13,8336.25,5218.55,3117.7,1,0.05,1
1967,1036,3,4,12,1560.0,1063.3,496.7,2,0.0,0
1968,903,3,4,39,3087.5,2041.98,1045.52,5,0.0,0
1969,651,2,2,44,3059.0,1999.39,1059.61,1,0.05,0
1970,348,24,6,24,567.0,414.08,152.92,1,0.0,0
1971,13,13,1,37,132.0,82.83,49.17,1,0.2,0
1972,460,25,1,37,98.0,54.29,43.71,5,0.0,0
1973,976,30,10,42,528.0,362.8,165.2,4,0.0,0
1974,487,22,8,40,84.0,62.67,21.33,3,0.0,0
1975,982,30,3,30,660.0,392.55,267.45,5,0.0,0
1976,358,13,5,11,516.38,286.17,230.21,3,0.15,0
1977,295,2,8,27,12880.0,7668.71,5211.29,5,0.2,0
1978,723,7,7,27,26676.0,18584.9,8091.1,4,0.05,0
1979,796,15,6,22,4768.5,3003.09,1765.41,3,0.15,0
1980,422,8,4,46,1682.1,990.62,691.48,2,0.1,0
1981,745,29,8,36,242.0,164.27,77.73,4,0.0,0
1982,290,16,2,35,6440.0,4707.22,1732.78,4,0.0,1
1983,845,2,4,14,6048.0,4402.85,1645.15,3,0.1,0
1984,1060,14,3,29,96.9,57.3,39.6,1,0.15,0
1985,353,9,10,50,734.4,462.95,271.45,2,0.15,0
1986,406,5,7,21,14700.0,10637.01,4062.99,4,0.0,0
1987,997,11,10,49,8910.0,6210.84,2699.16,5,0.1,0
1988,199,26,2,6,19.8,14.53,5.27,1,0.0,0
1989,679,28,2,21,136.8,95.58,41.22,3,0.0,1
1990,630,27,2,24,357.5,238.34,119.16,5,0.0,0
1991,973,11,3,19,5130.0,3644.7,1485.3,3,0.0,0
1992,312,6,7,8,2592.0,1637.98,954.02,5,0.1,0
1993,962,23,5,45,161.5,110.27,51.23,2,0.0,0
1994,912,4,1,9,3971.0,2485.35,1485.65,4,0.05,0
1995,41,19,6,29,5670.0,3324.7,2345.3,5,0.1,1
1996,1008,22,10,23,96.6,70.26,26.34,3,0.0,0
1997,277,20,5,44,2070.0,1184.44,885.56,4,0.0,1
1998,404,21,6,19,47.25,31.68,15.57,1,0.0,0
1999,33,20,10,27,945.0,680.64,264.36,2,0.0,0
2000,574,17,1,32,1026.0,574.97,451.03,3,0.0,0
2001,628,9,8,28,1056.0,638.42,417.58,3,0.0,1
2002,939,22,2,22,126.0,72.59,53.41,5,0.0,1
2003,22,24,10,2,1316.7,776.76,539.94,3,0.05,0
2004,796,2,5,45,9520.0,5934.38,3585.62,4,0.0,0
2005,870,14,6,9,242.25,145.91,96.34,3,0.15,0
2006,577,9,2,29,230.4,157.42,72.98,1,0.2,0
2007,1043,29,2,2,105.6,74.17,31.43,2,0.2,0
2008,363,12,2,10,35100.0,20968.36,14131.64,5,0.2,0
2009,155,1,1,48,2736.0,2002.16,733.84,3,0.2,0
2010,944,21,6,43,38.48,22.1,16.38,1,0.1,0
2011,409,30,2,12,107.1,79.28,27.82,1,0.15,0
2012,478,7,1,46,3952.0,2426.85,1525.15,1,0.05,0
2013,975,27,4,46,257.4,177.93,79.47,4,0.1,0
2014,126,15,3,33,2200.0,1287.37,912.63,1,0.0,0
2015,295,29,9,37,107.52,61.8,45.72,2,0.15,0
2016,386,6,6,49,1056.0,664.15,391.85,2,0.0,0
2017,608,20,7,33,1282.5,814.78,467.72,3,0.0,0
2018,494,17,1,42,1140.0,798.98,341.02,3,0.0,0
2019,129,16,6,47,1260.0,883.42,376.58,1,0.1,0
2020,914,1,2,21,4320.0,3167.71,1152.29,5,0.2,0
2021,135,19,5,47,3420.0,2125.95,1294.05,3,0.05,0
2022,759,16,5,49,6160.0,4060.57,2099.43,4,0.0,0
2023,468,19,3,3,1915.2,1231.45,683.75,3,0.05,0
2024,826,15,8,29,2464.0,1718.82,745.18,2,0.0,0
2025,51,28,3,21,127.68,86.37,41.31,4,0.2,0
2026,29,14,3,10,522.5,310.05,212.45,5,0.0,0
2027,968,5,5,22,6650.0,4318.94,2331.06,2,0.0,0
2028,569,8,4,32,3404.25,2212.17,1192.08,5,0.15,0
2029,328,16,1,23,1680.0,1244.19,435.81,1,0.0,0
2030,593,5,4,34,10640.0,6312.51,4327.49,4,0.2,0
2031,631,21,3,22,126.23,85.04,41.19,3,0.15,0
2032,266,17,5,22,1003.2,689.9,313.3,3,0.2,0
2033,970,3,1,29,1759.88,1054.56,705.32,3,0.05,1
2034,479,30,6,41,307.2,186.2,121.0,4,0.2,0
2035,679,23,4,9,244.8,165.62,79.18,3,0.2,1
2036,469,23,10,40,76.16,54.37,21.79,2,0.2,0
2037,963,29,1,21,261.25,163.76,97.49,5,0.0,0
2038,659,3,9,32,2691.0,1964.66,726.34,4,0.1,1
2039,545,3,8,25,988.0,695.54,292.46,2,0.2,0
2040,746,28,1,31,83.6,56.56,27.04,2,0.0,0
2041,989,18,3,18,2037.75,1522.32,515.43,3,0.05,0
2042,410,27,4,39,341.25,207.86,133.39,5,0.0,0
2043,400,17,9,19,638.4,399.13,239.27,2,0.2,0
2044,23,10,5,14,616.0,341.91,274.09,2,0.0,0
2045,864,3,6,30,1235.0,833.84,401.16,2,0.05,0
2046,910,25,6,7,94.76,57.35,37.41,3,0.05,0
2047,929,10,3,38,504.0,373.58,130.42,2,0.0,0
2048,669,18,8,24,1495.0,1070.96,424.04,2,0.0,0
2049,53,21,7,42,134.66,78.86,55.8,3,0.05,0
2050,71,21,5,21,153.0,101.55,51.45,5,0.2,1
2051,115,24,3,32,235.2,135.94,99.26,1,0.0,0
2052,335,23,4,6,344.25,212.62,131.63,3,0.0,0
2053,143,16,7,35,1260.0,797.92,462.08,1,0.1,0
2054,318,18,2,14,3120.0,1787.92,1332.08,4,0.0,1
2055,535,8,4,4,4227.5,2369.5,1858.0,5,0.0,0
2056,462,16,1,3,1254.4,748.29,506.11,2,0.2,0
2057,282,17,6,21,1398.4,946.53,451.87,4,0.2,0
2058,1045,25,5,32,35.7,24.74,10.96,1,0.15,0
2059,140,2,4,38,2800.0,1668.52,1131.48,1,0.0,0
2060,716,23,2,38,309.83,226.09,83.74,3,0.1,0
2061,436,5,9,1,14875.0,8971.55,5903.45,5,0.0,0
2062,796,6,4,49,2040.0,1258.47,781.53,5,0.0,0
2063,534,13,2,42,406.12,225.71,180.41,3,0.05,0
2064,1049,25,7,14,84.0,46.9,37.1,2,0.0,0
2065,422,7,10,48,13104.0,9014.9,4089.1,3,0.2,0
2066,622,12,8,4,12870.0,9369.89,3500.11,2,0.1,0
2067,445,17,1,20,323.0,231.24,91.76,1,0.0,0
2068,423,16,7,47,4189.5,3128.91,1060.59,3,0.05,0
2069,339,30,8,31,729.0,442.55,286.45,5,0.1,1
2070,509,3,10,7,520.0,289.24,230.76,1,0.2,0
2071,23,9,1,20,1337.6,930.63,406.97,4,0.05,1
2072,200,2,6,14,4788.0,3343.79,1444.21,2,0.05,0
2073,574,14,1,20,85.5,52.19,33.31,1,0.0,0
2074,420,4,1,31,2310.0,1322.52,987.48,2,0.0,0
2075,933,28,10,45,171.0,103.29,67.71,5,0.0,0
2076,983,3,3,14,679.25,465.7,213.55,1,0.05,0
2077,1019,14,8,27,218.5,145.38,73.12,2,0.0,0
2078,130,25,5,46,89.25,57.64,31.61,3,0.15,0
2079,50,22,5,13,49.98,31.97,18.01,2,0.15,0
2080,91,28,10,28,129.2,83.68,45.52,5,0.15,0
2081,97,10,6,6,784.0,502.74,281.26,5,0.0,0
2082,336,12,6,47,39487.5,22868.76,16618.74,5,0.1,0
2083,711,14,3,38,513.0,330.11,182.89,4,0.0,0
2084,599,5,8,44,15793.75,9824.75,5969.0,5,0.05,0
2085,519,29,3,22,133.24,85.71,47.53,3,0.15,0
2086,337,29,1,22,297.0,221.72,75.28,5,0.2,0
2087,700,18,3,37,1404.0,994.67,409.33,2,0.2,0
2088,812,3,7,8,1740.38,971.82,768.56,5,0.1,0
2089,9,9,9,43,598.4,356.26,242.14,2,0.15,0
2090,686,16,2,21,4536.0,3344.78,1191.22,3,0.1,0
2091,805,8,10,23,1800.47,1260.89,539.58,4,0.15,0
2092,930,5,4,46,2520.0,1874.52,645.48,1,0.2,0
2093,1015,5,2,45,12075.0,8466.51,3608.49,3,0.0,0
2094,429,18,2,13,552.5,307.31,245.19,1,0.0,0
2095,381,27,2,5,203.78,150.84,52.94,3,0.05,0
2096,733,22,7,1,154.0,95.27,58.73,5,0.0,0
2097,623,14,10,38,355.3,239.1,116.2,4,0.15,0
2098,1007,2,8,21,9660.0,5807.17,3852.83,3,0.0,0
2099,786,25,9,50,34.91,24.01,10.9,1,0.05,0
2100,719,22,8,2,151.2,112.27,38.93,4,0.0,0
2101,178,16,5,35,1330.0,796.77,533.23,1,0.0,0
2102,193,15,7,48,5940.0,3984.09,1955.91,3,0.0,0
2103,662,10,9,50,1288.0,866.49,421.51,4,0.0,0
2104,263,19,1,33,5280.0,3434.19,1845.81,4,0.0,0
2105,795,26,9,42,18.7,12.48,6.22,1,0.0,0
2106,1006,6,8,19,1104.0,671.3,432.7,2,0.0,0
2107,225,22,3,5,50.54,32.71,17.83,2,0.05,0
2108,362,25,7,3,141.75,84.3,57.45,3,0.0,0
2109,1011,8,8,45,1023.5,596.58,426.92,1,0.0,0
2110,49,15,8,24,9240.0,6391.14,2848.86,4,0.0,1
2111,755,21,9,7,188.1,104.72,83.38,4,0.05,0
2112,865,3,2,6,1657.5,1030.18,627.32,3,0.15,0
2113,499,30,3,8,120.0,68.07,51.93,1,0.0,0
2114,403,15,9,24,11550.0,7456.4,4093.6,5,0.0,1
2115,380,19,7,8,6600.0,3936.57,2663.43,5,0.0,0
2116,273,24,7,1,1386.0,903.73,482.27,3,0.0,0
2117,1075,22,5,38,189.0,115.42,73.58,5,0.0,0
2118,655,30,4,31,276.0,188.45,87.55,2,0.0,0
2119,439,4,3,25,3973.75,2683.89,1289.86,5,0.15,0
2120,146,5,3,33,5600.0,3931.78,1668.22,2,0.2,0
2121,149,19,3,16,3840.0,2592.48,1247.52,4,0.2,1
2122,538,14,1,49,361.0,261.41,99.59,4,0.0,0
2123,57,7,6,26,19656.0,14098.75,5557.25,4,0.1,0
2124,261,16,10,33,5236.0,3792.82,1443.18,4,0.15,0
2125,495,20,9,19,1440.0,813.62,626.38,4,0.2,0
2126,855,3,9,6,1040.0,705.41,334.59,2,0.2,0
2127,806,9,8,42,571.2,409.7,161.5,3,0.0,0
2128,632,28,8,33,158.84,111.42,47.42,4,0.05,0
2129,282,16,6,6,6440.0,4228.17,2211.83,4,0.0,0
2130,129,9,5,18,864.0,563.94,300.06,3,0.1,0
2131,664,30,4,37,276.0,205.47,70.53,2,0.0,0
2132,687,17,7,18,1231.2,781.53,449.67,3,0.1,0
2133,286,26,5,13,64.52,42.49,22.03,3,0.15,0
2134,948,19,9,12,969.0,673.02,295.98,1,0.15,0
2135,506,7,10,41,15600.0,11348.29,4251.71,3,0.0,0
2136,768,8,7,31,2523.15,1619.4,903.75,3,0.1,0
2137,522,20,2,17,406.12,289.41,116.71,1,0.05,1
2138,7,3,4,17,2717.0,2002.29,714.71,4,0.05,0
2139,568,17,10,27,684.0,383.18,300.82,2,0.0,0
2140,1003,20,2,31,1881.0,1152.35,728.65,4,0.05,0
2141,252,12,1,3,7150.0,4086.17,3063.83,1,0.0,0
2142,261,26,2,48,96.8,54.01,42.79,4,0.0,0
2143,123,1,2,22,5100.0,3087.72,2012.28,5,0.15,0
2144,473,8,10,39,1993.6,1202.83,790.77,5,0.2,0
2145,485,5,1,36,14000.0,9834.58,4165.42,5,0.0,0
2146,785,7,9,40,5460.0,3102.57,2357.43,1,0.0,0
2147,553,26,8,8,19.8,14.24,5.56,1,0.0,0
2148,942,20,3,12,810.0,462.9,347.1,2,0.0,0
2149,632,14,10,39,397.1,235.35,161.75,4,0.05,0
2150,168,14,8,29,153.42,111.63,41.79,2,0.15,0
2151,779,1,9,49,3780.0,2745.65,1034.35,3,0.0,0
2152,1074,11,6,2,8748.0,5888.52,2859.48,4,0.1,0
2153,421,12,3,46,6142.5,4406.56,1735.94,1,0.1,0
2154,345,26,7,14,59.4,36.87,22.53,2,0.0,0
2155,596,29,4,25,248.19,184.19,64.0,5,0.05,0
2156,500,21,2,29,42.75,28.4,14.35,1,0.05,0
2157,42,16,7,47,5586.0,3172.25,2413.75,4,0.05,0
2158,469,9,6,17,716.8,418.4,298.4,4,0.0,0
2159,1060,20,9,13,513.0,319.56,193.44,1,0.05,0
2160,185,23,3,6,325.12,214.76,110.36,5,0.15,0
2161,1076,30,5,29,324.0,187.38,136.62,2,0.0,0
2162,381,8,7,20,1762.2,992.75,769.45,2,0.1,0
2163,107,19,3,19,3192.0,2356.98,835.02,5,0.05,1
2164,484,1,4,39,960.0,676.38,283.62,1,0.0,0
2165,367,18,2,50,2574.0,1807.39,766.61,4,0.1,0
2166,313,18,3,16,780.0,562.44,217.56,1,0.0,0
2167,1052,27,1,33,390.0,245.22,144.78,5,0.0,0
2168,961,5,3,16,13300.0,8291.73,5008.27,5,0.2,0
2169,948,8,8,12,718.67,430.95,287.72,1,0.15,0
2170,87,3,7,9,552.5,354.79,197.71,1,0.0,0
2171,809,18,9,47,1392.3,895.7,496.6,4,0.1,0
2172,1065,12,10,37,24960.0,14983.14,9976.86,4,0.2,1
2173,342,17,8,9,513.0,289.68,223.32,1,0.0,1
2174,612,4,10,27,4598.0,2804.34,1793.66,4,0.05,0
2175,998,7,1,14,18304.0,12404.45,5899.55,4,0.2,0
2176,287,21,5,26,103.5,57.26,46.24,2,0.0,0
2177,900,9,8,26,1033.6,664.65,368.95,4,0.15,1
2178,949,5,7,4,6650.0,4850.56,1799.44,2,0.0,1
2179,606,12,1,23,23465.0,17068.66,6396.34,4,0.05,0
2180,160,20,5,23,1923.75,1241.63,682.12,5,0.1,1
2181,982,3,6,22,1430.0,1050.19,379.81,2,0.0,0
2182,208,5,9,18,3150.0,2053.49,1096.51,1,0.0,0
2183,761,1,8,26,3168.0,2130.75,1037.25,3,0.2,0
2184,669,10,6,4,1449.0,832.68,616.32,5,0.1,0
2185,999,14,9,3,444.12,310.79,133.33,5,0.15,0
2186,315,30,7,22,489.6,340.03,149.57,4,0.15,0
2187,292,25,4,6,191.19,115.7,75.49,5,0.05,0
2188,91,10,1,9,425.6,282.54,143.06,2,0.05,0
2189,311,14,9,37,342.0,188.14,153.86,3,0.0,0
2190,77,9,8,5,516.8,378.83,137.97,2,0.05,0
2191,1011,4,2,43,4048.0,2954.56,1093.44,4,0.2,0
2192,763,28,8,17,179.55,118.43,61.12,5,0.1,1
2193,678,21,6,34,91.8,63.01,28.79,2,0.15,0
2194,1066,22,5,39,75.6,53.9,21.7,2,0.0,0
2195,558,11,9,20,5508.0,4121.43,1386.57,4,0.15,0
2196,616,26,5,7,43.56,25.91,17.65,2,0.1,0
2197,510,15,3,7,9900.0,6163.73,3736.27,5,0.1,0
2198,859,19,6,20,1200.0,698.99,501.01,1,0.0,0
2199,136,25,6,4,133.0,94.83,38.17,4,0.05,0
2200,970,1,6,24,1140.0,680.74,459.26,1,0.0,0
2201,1008,30,7,38,262.2,166.76,95.44,2,0.05,0
2202,499,20,3,22,810.0,498.5,311.5,2,0.1,0
2203,170,4,2,6,1045.0,687.69,357.31,1,0.0,0
2204,190,30,3,4,102.6,60.07,42.53,1,0.05,0
2205,752,22,6,43,154.0,85.95,68.05,5,0.0,1
2206,677,4,1,38,1320.0,888.19,431.81,1,0.0,0
2207,394,26,3,26,96.8,58.42,38.38,4,0.0,0
2208,1078,3,10,19,1755.0,1127.53,627.47,2,0.0,0
2209,323,21,9,7,194.4,115.62,78.78,4,0.1,0
2210,806,28,6,43,38.44,24.78,13.66,2,0.15,0
2211,1043,10,5,42,1276.8,908.31,368.49,4,0.05,0
2212,634,22,6,14,58.52,33.93,24.59,2,0.05,0
2213,163,2,10,8,5320.0,3988.11,1331.89,2,0.0,0
2214,151,10,6,45,756.0,451.98,304.02,3,0.1,0
2215,840,4,9,47,4400.0,3244.94,1155.06,5,0.0,0
2216,970,21,1,24,81.22,47.78,33.44,2,0.05,0
2217,65,27,5,25,88.4,57.42,30.98,2,0.2,0
2218,815,26,6,29,20.94,12.89,8.05,2,0.2,1
2219,865,22,6,49,112.0,77.28,34.72,5,0.2,0
2220,337,9,7,6,1728.0,1001.61,726.39,4,0.0,1
2221,492,17,10,32,1140.0,791.34,348.66,3,0.0,0
2222,19,21,6,46,118.8,79.95,38.85,3,0.2,0
2223,215,16,9,13,2660.0,1639.9,1020.1,2,0.0,0
2224,1035,9,9,26,1656.0,1113.65,542.35,5,0.1,0
2225,891,25,1,30,149.62,90.97,58.65,5,0.1,1
2226,935,2,5,22,2394.0,1598.87,795.13,1,0.05,1
2227,129,16,7,30,6300.0,3755.99,2544.01,5,0.1,0
2228,457,15,5,20,985.6,587.31,398.29,1,0.2,1
2229,521,13,5,1,712.5,397.65,314.85,5,0.0,1
2230,921,8,7,1,3204.0,2376.49,827.51,4,0.0,0
2231,561,18,9,27,526.5,381.03,145.47,1,0.1,0
2232,628,25,10,43,36.58,27.35,9.23,1,0.05,0
2233,589,25,2,16,119.7,83.21,36.49,4,0.1,0
2234,411,1,7,6,3213.0,1924.97,1288.03,3,0.15,0
2235,204,5,5,11,8032.5,4830.89,3201.61,3,0.15,0
2236,874,7,3,24,4160.0,3063.21,1096.79,1,0.2,0
2237,141,3,3,8,650.0,366.08,283.92,1,0.0,0
2238,554,6,2,49,1728.0,992.37,735.63,4,0.0,0
2239,1095,15,9,8,10098.0,6794.67,3303.33,4,0.15,0
2240,730,26,2,23,56.43,40.14,16.29,2,0.05,0
2241,513,24,1,40,420.0,244.63,175.37,1,0.0,0
2242,1070,27,9,13,280.8,189.91,90.89,4,0.2,0
2243,798,26,7,7,74.8,53.28,21.52,5,0.2,0
2244,390,20,8,50,2103.75,1450.47,653.28,5,0.15,1
2245,465,27,8,36,138.32,84.99,53.33,4,0.05,0
2246,86,2,8,13,2142.0,1330.36,811.64,1,0.1,1
2247,763,21,6,27,47.25,34.13,13.12,1,0.0,0
2248,197,20,9,36,364.5,210.37,154.13,1,0.1,0
2249,698,4,10,3,3960.0,2425.15,1534.85,3,0.0,0
2250,601,2,2,4,6783.0,5038.52,1744.48,3,0.15,0
2251,529,27,7,10,185.25,133.37,51.88,3,0.0,1
2252,1088,12,2,32,22376.25,13648.71,8727.54,3,0.15,0
2253,584,11,3,46,1368.0,790.0,578.0,1,0.2,0
2254,206,12,2,7,14040.0,8659.27,5380.73,3,0.2,1
2255,375,19,4,38,1320.0,738.96,581.04,1,0.0,0
2256,164,26,9,37,104.5,76.42,28.08,5,0.0,0
2257,206,29,7,49,49.5,36.32,13.18,1,0.0,0
2258,683,9,1,9,384.0,284.08,99.92,1,0.0,0
2259,219,29,8,3,167.2,104.04,63.16,4,0.2,0
2260,542,6,10,36,912.0,562.53,349.47,2,0.0,0
2261,213,21,1,31,72.67,50.26,22.41,2,0.15,0
2262,1044,8,7,1,5340.0,3552.91,1787.09,5,0.0,0
2263,385,16,9,16,1463.0,866.39,596.61,1,0.05,0
2264,395,27,9,19,214.5,135.33,79.17,3,0.0,0
2265,590,9,4,40,258.4,163.84,94.56,1,0.15,0
2266,1020,1,2,26,6900.0,4825.56,2074.44,5,0.0,0
2267,378,27,10,8,143.0,98.99,44.01,2,0.0,0
2268,512,24,1,47,357.0,224.53,132.47,1,0.15,1
2269,567,4,10,1,1683.0,962.94,720.06,2,0.15,0
2270,847,4,6,14,3520.0,2039.48,1480.52,4,0.0,0
2271,253,28,6,21,158.84,108.31,50.53,4,0.05,0
2272,909,22,4,41,53.2,33.4,19.8,2,0.0,0
2273,498,16,8,18,5600.0,3362.36,2237.64,4,0.0,0
2274,325,2,1,48,12096.0,7352.13,4743.87,4,0.1,0
2275,589,5,5,18,6317.5,4446.32,1871.18,2,0.05,0
2276,1085,3,10,30,2632.5,1787.07,845.43,3,0.0,0
2277,565,27,8,25,175.5,113.39,62.11,3,0.0,0
2278,274,1,4,42,5244.0,3113.75,2130.25,4,0.05,1
2279,1044,21,3,8,137.7,85.95,51.75,3,0.15,0
2280,203,9,9,20,1152.0,648.11,503.89,4,0.0,1
2281,220,8,5,17,1352.8,1003.15,349.65,2,0.2,1
2282,1086,30,3,41,583.2,321.15,262.05,4,0.1,1
2283,671,25,9,27,210.0,115.56,94.44,5,0.0,0
2284,223,24,5,47,1596.0,1099.97,496.03,4,0.0,0
2285,409,21,7,43,212.62,140.93,71.69,5,0.1,0
2286,967,20,4,16,1282.5,925.4,357.1,3,0.0,0
2287,494,18,6,32,1235.0,915.75,319.25,2,0.05,0
2288,157,4,10,9,1985.5,1436.13,549.37,2,0.05,0
2289,845,18,2,7,2470.0,1713.4,756.6,5,0.05,0
2290,440,7,6,7,4420.0,2441.34,1978.66,1,0.0,0
2291,247,9,10,29,704.0,435.19,268.81,2,0.0,0
2292,244,3,5,39,3038.75,2053.65,985.1,5,0.15,0
2293,91,16,5,35,1904.0,1335.59,568.41,2,0.15,0
2294,1003,27,4,27,214.5,121.78,92.72,3,0.0,0
2295,569,1,7,45,3240.0,2270.16,969.84,3,0.0,0
2296,337,1,2,41,8100.0,5536.02,2563.98,5,0.0,0
2297,322,8,1,47,2136.0,1528.21,607.79,2,0.0,0
2298,605,15,1,43,8360.0,5632.38,2727.62,4,0.0,0
2299,419,12,5,44,27300.0,18771.03,8528.97,4,0.0,0
2300,326,16,7,1,3360.0,1871.61,1488.39,2,0.0,0
2301,861,4,2,49,2200.0,1242.21,957.79,2,0.0,0
2302,891,8,3,18,3593.38,2375.22,1218.16,5,0.15,0
2303,676,29,8,11,297.0,202.58,94.42,5,0.1,0
2304,920,14,3,40,342.0,209.7,132.3,4,0.0,0
2305,42,7,7,19,17472.0,11480.67,5991.33,4,0.2,1
2306,237,26,3,4,35.53,24.52,11.01,2,0.15,1
2307,232,18,8,26,2624.38,1830.56,793.82,5,0.15,0
2308,1061,6,9,15,1152.0,842.8,309.2,2,0.0,0
2309,152,8,9,36,845.5,553.82,291.68,1,0.0,0
2310,535,11,9,9,3420.0,2173.56,1246.44,2,0.0,0
2311,421,5,4,45,3307.5,1916.91,1390.59,1,0.1,0
2312,865,24,9,6,1197.0,697.76,499.24,3,0.05,0
2313,692,1,1,49,1152.0,639.89,512.11,1,0.2,0
2314,50,28,1,6,119.7,83.97,35.73,3,0.0,0
2315,167,3,4,31,586.62,414.58,172.04,1,0.05,0
2316,761,2,10,2,6160.0,3773.42,2386.58,2,0.0,0
2317,1033,21,5,49,155.25,90.33,64.92,3,0.0,0
2318,303,20,10,35,2070.0,1341.83,728.17,4,0.0,1
2319,157,5,3,49,8977.5,6053.81,2923.69,3,0.1,0
2320,778,16,1,33,5586.0,3101.63,2484.37,4,0.05,0
2321,6,22,5,16,123.2,83.45,39.75,4,0.0,0
2322,1057,9,9,10,1459.2,966.87,492.33,4,0.05,0
2323,306,26,5,33,52.8,32.94,19.86,2,0.0,0
2324,636,27,3,37,243.1,135.74,107.36,4,0.15,0
2325,963,2,7,14,5054.0,3388.31,1665.69,2,0.05,0
2326,943,20,6,2,1620.0,1097.14,522.86,5,0.2,1
2327,1077,6,3,5,648.0,460.34,187.66,1,0.0,1
2328,803,9,9,8,856.8,597.79,259.01,5,0.1,0
2329,530,28,3,36,137.18,99.61,37.57,4,0.05,0
2330,398,13,4,34,149.62,90.3,59.32,1,0.05,0
2331,135,5,7,40,8925.0,5213.75,3711.25,3,0.15,0
2332,630,14,5,11,104.5,75.86,28.64,1,0.0,0
2333,268,12,9,28,14300.0,8750.41,5549.59,2,0.0,0
2334,169,15,1,25,5329.5,3346.8,1982.7,3,0.15,0
2335,766,25,5,3,69.83,49.42,20.41,2,0.05,0
2336,756,11,9,44,3960.0,2329.8,1630.2,2,0.0,0
2337,48,22,2,31,117.6,74.35,43.25,4,0.0,0
2338,596,17,10,34,1805.0,1271.46,533.54,5,0.0,0
2339,755,8,9,45,4405.5,2580.26,1825.24,5,0.1,1
2340,680,24,3,30,2016.0,1389.91,626.09,5,0.2,0
2341,697,2,5,44,2688.0,1635.04,1052.96,1,0.2,0
2342,443,7,6,13,22100.0,14750.08,7349.92,5,0.0,1
2343,251,13,4,10,165.0,93.87,71.13,1,0.0,0
2344,1078,15,2,35,2673.0,1991.7,681.3,1,0.1,0
2345,188,21,4,32,81.0,51.11,29.89,2,0.0,0
2346,463,2,7,3,1568.0,1150.33,417.67,1,0.0,0
2347,1035,16,6,25,1529.5,1135.12,394.38,1,0.05,0
2348,1075,29,1,1,148.5,106.04,42.46,2,0.0,1
2349,61,19,2,22,4080.0,2692.59,1387.41,4,0.0,0
2350,1073,30,1,16,648.0,417.61,230.39,4,0.0,0
2351,541,24,5,39,339.15,248.12,91.03,1,0.15,1
2352,438,13,6,40,382.5,278.15,104.35,3,0.0,0
2353,146,26,2,34,110.0,62.89,47.11,5,0.0,0
2354,474,13,9,31,201.6,111.94,89.66,3,0.2,0
2355,835,7,3,47,8320.0,5585.33,2734.67,2,0.0,0
2356,151,8,8,18,2670.0,1691.86,978.14,3,0.0,0
2357,75,23,5,9,325.12,205.3,119.82,5,0.1,0
2358,752,21,1,50,148.5,96.3,52.2,3,0.0,0
2359,892,26,1,34,20.9,14.61,6.29,1,0.0,0
2360,37,2,4,4,14700.0,9147.29,5552.71,5,0.0,0
2361,182,27,1,25,99.45,63.76,35.69,2,0.15,0
2362,436,4,3,50,1870.0,1364.16,505.84,2,0.0,0
2363,881,17,9,12,1368.0,782.16,585.84,4,0.1,0
2364,994,14,9,42,188.1,111.39,76.71,2,0.1,0
2365,541,10,1,8,532.0,387.97,144.03,2,0.0,0
2366,1081,15,4,22,8910.0,5750.31,3159.69,3,0.0,0
2367,1083,5,7,3,9450.0,6416.81,3033.19,2,0.0,0
2368,255,2,2,43,8778.0,6041.21,2736.79,3,0.05,0
2369,98,17,6,37,904.4,509.15,395.25,5,0.15,0
2370,373,30,1,46,528.0,351.95,176.05,4,0.0,0
2371,862,25,10,37,112.0,79.08,32.92,4,0.2,0
2372,935,3,9,19,1053.0,744.16,308.84,2,0.1,0
2373,509,5,6,37,3500.0,1939.89,1560.11,1,0.0,0
2374,635,19,10,13,2640.0,1509.21,1130.79,2,0.0,0
2375,457,10,3,50,595.84,394.91,200.93,4,0.05,1
2376,113,14,10,45,47.88,30.86,17.02,1,0.1,0
2377,242,15,7,2,8360.0,5850.79,2509.21,4,0.0,0
2378,468,17,10,15,542.64,370.36,172.28,3,0.15,1
2379,500,29,9,9,220.0,121.77,98.23,5,0.2,0
2380,584,27,1,23,209.95,120.42,89.53,4,0.15,0
2381,890,11,1,36,3249.0,2170.66,1078.34,2,0.05,0
2382,301,14,5,6,518.94,344.88,174.06,5,0.05,0
2383,150,30,4,1,570.0,405.7,164.3,5,0.05,0
2384,299,25,4,34,108.67,67.09,41.58,3,0.1,1
2385,247,9,4,50,1003.2,660.4,342.8,3,0.05,0
2386,637,28,9,18,33.44,18.59,14.85,1,0.2,1
2387,980,25,4,1,32.73,23.58,9.15,1,0.15,0
2388,801,30,7,5,71.4,51.18,20.22,1,0.0,0
2389,1032,7,2,6,9568.0,6433.31,3134.69,2,0.2,0
2390,53,2,2,25,14700.0,9884.48,4815.52,5,0.0,0
2391,601,21,10,5,128.25,82.16,46.09,3,0.0,0
2392,1069,7,10,29,23868.0,13813.12,10054.88,4,0.15,0
2393,452,21,5,18,25.44,16.23,9.21,1,0.05,0
2394,801,6,1,46,1142.4,794.2,348.2,4,0.0,0
2395,844,22,3,39,44.8,24.81,19.99,2,0.0,0
2396,1008,24,8,25,483.0,320.27,162.73,1,0.0,1
2397,137,25,5,2,126.0,86.3,39.7,4,0.1,0
2398,400,7,4,30,10920.0,8052.94,2867.06,2,0.0,1
2399,644,12,3,13,21303.75,12180.26,9123.49,3,0.05,0
2400,163,15,1,14,3553.0,2026.39,1526.61,2,0.15,0
2401,1,13,2,15,660.0,471.92,188.08,4,0.0,1
2402,651,5,8,32,18112.5,13499.0,4613.5,5,0.1,0
2403,390,7,8,5,28600.0,17486.6,11113.4,5,0.0,0
2404,346,28,10,21,51.3,37.08,14.22,1,0.0,0
2405,89,27,2,28,165.75,124.14,41.61,3,0.0,0
2406,420,22,5,7,111.72,73.38,38.34,4,0.05,1
2407,949,24,8,43,1995.0,1462.4,532.6,5,0.0,0
2408,331,21,2,32,243.0,173.86,69.14,5,0.1,0
2409,397,9,9,27,604.8,398.7,206.1,2,0.1,0
2410,1007,26,10,29,40.48,25.71,14.77,2,0.2,0
2411,498,29,2,33,99.0,67.94,31.06,2,0.1,0
2412,60,11,4,37,5202.0,2884.94,2317.06,4,0.15,0
2413,878,13,2,30,510.0,286.73,223.27,4,0.15,0
2414,1017,8,7,34,1637.6,1160.21,477.39,2,0.2,0
2415,5,13,9,10,140.25,100.72,39.53,1,0.15,0
2416,716,11,3,6,8262.0,5987.39,2274.61,4,0.15,0
2417,687,18,8,7,2223.0,1475.82,747.18,3,0.05,0
2418,1071,21,3,5,303.75,186.95,116.8,5,0.0,0
2419,936,25,10,3,141.75,93.11,48.64,5,0.1,0
2420,482,14,10,39,380.0,268.53,111.47,5,0.0,0
2421,325,5,1,22,3780.0,2602.0,1178.0,1,0.1,0
2422,888,24,10,46,1077.3,801.31,275.99,3,0.1,0
2423,611,29,10,22,272.25,179.88,92.37,5,0.1,0
2424,173,10,6,29,1197.0,767.97,429.03,5,0.1,0
2425,74,23,8,6,216.75,129.41,87.34,3,0.0,0
2426,917,13,8,13,540.0,401.99,138.01,5,0.2,0
2427,926,9,7,50,259.2,145.85,113.35,1,0.1,0
2428,945,16,10,35,5054.0,3327.53,1726.47,4,0.05,0
2429,894,17,8,46,577.6,414.03,163.57,2,0.2,0
2430,402,16,1,42,7350.0,5044.4,2305.6,5,0.0,0
2431,382,22,4,24,26.18,15.81,10.37,1,0.15,0
2432,739,25,7,25,192.5,132.27,60.23,5,0.0,0
2433,63,22,2,11,64.26,37.6,26.66,3,0.1,0
2434,768,9,5,12,1596.0,1024.85,571.15,5,0.05,0
2435,288,12,10,19,12707.5,7615.92,5091.58,2,0.15,1
2436,1091,24,10,18,1814.4,1312.31,502.09,4,0.2,0
2437,399,18,10,7,1945.12,1133.78,811.34,3,0.05,0
2438,672,6,9,49,1468.8,1098.48,370.32,3,0.15,0
2439,704,13,3,37,384.75,284.41,100.34,2,0.05,0
2440,456,11,9,39,3024.0,1798.41,1225.59,3,0.0,1
2441,1034,4,9,46,5060.0,3153.19,1906.81,4,0.0,1
2442,1003,17,5,25,2090.0,1156.03,933.97,5,0.0,0
2443,999,25,5,17,77.0,45.34,31.66,2,0.0,0
2444,246,29,9,37,48.4,27.72,20.68,1,0.2,0
2445,992,6,1,13,2112.0,1459.26,652.74,5,0.2,0
2446,552,26,1,6,59.4,37.36,22.04,3,0.0,0
2447,602,15,2,21,6270.0,3582.96,2687.04,3,0.0,0
2448,750,20,4,27,1683.0,1210.37,472.63,4,0.15,0
2449,488,26,7,29,66.0,36.51,29.49,3,0.0,0
2450,307,23,2,19,102.0,71.94,30.06,1,0.0,0
2451,785,20,9,8,2126.25,1370.53,755.72,5,0.1,0
2452,270,25,8,1,115.5,66.52,48.98,3,0.0,0
2453,1079,18,6,26,1755.0,1293.5,461.5,2,0.0,0
2454,877,14,1,21,427.5,270.65,156.85,5,0.1,0
2455,906,9,5,11,577.6,399.25,178.35,2,0.05,0
2456,573,18,6,47,2778.75,2064.35,714.4,5,0.05,0
2457,650,26,10,19,45.54,26.22,19.32,2,0.1,1
2458,244,3,7,22,715.0,526.61,188.39,1,0.0,0
2459,81,2,3,20,6069.0,3616.61,2452.39,3,0.15,0
2460,476,3,4,9,291.2,179.14,112.06,1,0.2,0
2461,427,1,6,22,4080.0,2669.78,1410.22,4,0.0,0
2462,872,18,3,44,650.0,396.92,253.08,1,0.0,0
2463,1075,20,7,25,2733.75,2047.63,686.12,5,0.1,0
2464,1024,28,4,28,148.58,105.16,43.42,4,0.15,0
2465,600,21,7,10,42.75,26.64,16.11,1,0.0,0
2466,344,30,6,19,324.0,212.27,111.73,2,0.0,0
2467,355,23,9,7,229.5,164.61,64.89,2,0.0,0
2468,294,29,1,41,170.77,97.09,73.68,3,0.1,0
2469,17,29,2,34,114.95,69.25,45.7,2,0.05,0
2470,949,12,1,35,9880.0,6366.0,3514.0,2,0.2,0
2471,179,22,8,12,53.2,34.37,18.83,2,0.0,0
2472,744,18,5,31,1358.5,789.22,569.28,2,0.05,0
2473,67,11,3,40,1377.0,982.26,394.74,1,0.1,0
2474,929,13,9,16,128.25,71.9,56.35,1,0.05,0
2475,901,4,8,12,992.75,682.51,310.24,1,0.05,0
2476,445,30,10,42,510.0,378.08,131.92,5,0.0,1
2477,668,6,3,10,2484.0,1818.11,665.89,5,0.1,0
2478,844,29,3,7,140.8,86.65,54.15,4,0.2,0
2479,155,21,5,16,192.38,111.34,81.04,5,0.1,1
2480,666,21,6,45,82.8,55.11,27.69,2,0.2,1
2481,417,11,9,20,5386.5,3094.17,2292.33,3,0.05,0
2482,949,24,8,15,638.4,401.31,237.09,2,0.2,0
2483,41,19,6,17,3402.0,2422.74,979.26,3,0.1,0
2484,239,6,8,39,2166.0,1192.46,973.54,5,0.05,0
2485,902,3,3,4,1852.5,1265.89,586.61,3,0.0,0
2486,1080,30,8,47,162.0,104.99,57.01,1,0.0,1
2487,670,5,10,36,21000.0,12098.81,8901.19,5,0.0,0
2488,202,5,6,26,2835.0,1666.1,1168.9,1,0.1,0
2489,92,9,9,32,716.8,528.96,187.84,5,0.2,1
2490,1063,17,9,37,1824.0,1252.58,571.42,4,0.0,0
2491,763,22,9,23,58.8,39.84,18.96,2,0.0,0
2492,125,26,1,13,22.0,16.4,5.6,1,0.0,0
2493,795,21,2,37,191.25,109.38,81.87,5,0.0,0
2494,334,7,10,6,4992.0,2894.58,2097.42,1,0.2,0
2495,714,22,1,6,113.4,73.21,40.19,3,0.0,0
2496,1048,7,1,40,12480.0,8303.07,4176.93,2,0.0,1
2497,170,7,10,32,4446.0,3305.53,1140.47,1,0.1,0
2498,100,21,3,47,50.4,29.81,20.59,2,0.0,0
2499,943,14,8,49,171.0,97.99,73.01,2,0.0,0
2500,183,4,2,25,3960.0,2280.57,1679.43,4,0.0,0
2501,248,20,1,29,841.5,520.54,320.96,2,0.15,0
2502,1084,25,8,16,85.05,59.48,25.57,2,0.1,0
2503,602,19,4,28,4560.0,2698.06,1861.94,4,0.0,0
2504,367,15,5,50,12100.0,7017.11,5082.89,5,0.0,0
2505,361,4,2,19,1188.0,786.07,401.93,1,0.2,0
2506,1075,5,6,1,20081.25,12356.55,7724.7,5,0.15,0
2507,588,13,3,2,712.5,491.71,220.79,5,0.0,0
2508,717,24,7,5,453.6,333.91,119.69,1,0.2,0
2509,708,5,10,32,3780.0,2152.46,1627.54,1,0.2,1
2510,243,5,5,13,13300.0,8777.19,4522.81,4,0.0,0
2511,794,10,3,14,238.0,175.72,62.28,1,0.0,1
2512,320,1,3,31,1368.0,786.08,581.92,1,0.05,0
2513,982,8,9,32,2937.0,1713.07,1223.93,3,0.0,0
2514,908,24,2,28,1276.8,853.11,423.69,4,0.2,0
2515,267,5,5,34,3850.0,2363.47,1486.53,1,0.0,1
2516,325,27,1,15,234.0,140.39,93.61,3,0.0,0
2517,744,30,7,32,528.0,357.97,170.03,5,0.2,0
2518,632,20,2,24,1782.0,1221.41,560.59,4,0.1,1
2519,762,10,7,12,588.0,379.8,208.2,2,0.0,0
2520,515,15,7,1,2200.0,1454.17,745.83,1,0.0,0
2521,1054,4,1,14,1056.0,773.3,282.7,1,0.2,0
2522,471,4,8,26,1478.4,1092.01,386.39,3,0.2,0
2523,868,17,1,35,342.0,194.76,147.24,1,0.1,0
2524,751,15,2,10,12100.0,8756.61,3343.39,5,0.0,0
2525,702,23,1,30,114.75,74.78,39.97,1,0.0,0
2526,209,8,1,30,1602.0,906.64,695.36,2,0.0,0
2527,590,12,9,18,24700.0,14570.5,10129.5,4,0.0,0
2528,234,23,4,2,72.67,46.29,26.38,1,0.1,0
2529,1082,22,6,29,128.52,81.73,46.79,4,0.15,0
2530,61,7,2,36,4420.0,2606.88,1813.12,1,0.0,0
2531,411,20,7,11,1890.0,1356.39,533.61,4,0.0,1
2532,895,27,3,6,166.72,93.83,72.89,3,0.1,0
2533,284,23,8,2,97.75,72.92,24.83,1,0.0,0
2534,872,4,5,22,5500.0,3855.61,1644.39,5,0.0,0
2535,104,15,10,32,4928.0,3611.17,1316.83,4,0.0,0
2536,538,19,4,35,5700.0,4070.42,1629.58,5,0.0,0
2537,553,19,1,21,1836.0,1376.08,459.92,2,0.15,0
2538,353,2,5,40,17010.0,9484.43,7525.57,5,0.1,0
2539,1018,30,7,39,655.5,444.28,211.22,5,0.05,0
2540,407,15,10,29,1848.0,1169.63,678.37,1,0.2,0
2541,600,4,7,25,1045.0,619.95,425.05,1,0.0,0
2542,101,16,8,37,2352.0,1403.34,948.66,3,0.0,0
2543,661,14,3,14,464.31,310.25,154.06,5,0.15,0
2544,234,20,8,1,363.38,259.64,103.74,1,0.15,0
2545,883,28,3,2,68.59,38.42,30.17,2,0.05,0
2546,352,4,2,27,1188.0,691.03,496.97,1,0.2,0
2547,57,21,5,7,189.0,107.11,81.89,5,0.2,0
2548,1051,20,9,50,2565.0,1872.88,692.12,5,0.05,1
2549,172,15,1,47,9405.0,6350.18,3054.82,5,0.1,1
2550,1041,1,2,35,5760.0,3518.34,2241.66,4,0.0,0
2551,247,15,6,34,10285.0,7563.8,2721.2,5,0.15,0
2552,902,17,6,29,324.9,189.91,134.99,1,0.1,0
2553,532,18,1,27,2470.0,1592.3,877.7,4,0.0,0
2554,369,27,4,25,357.5,218.04,139.46,5,0.0,0
2555,173,30,3,33,387.6,276.52,111.08,4,0.15,0
2556,339,20,7,36,3037.5,1952.12,1085.38,5,0.0,0
2557,978,22,1,18,27.72,17.21,10.51,1,0.1,0
2558,530,29,2,38,209.0,129.77,79.23,4,0.0,0
2559,509,6,8,19,2160.0,1284.82,875.18,5,0.1,0
2560,726,4,8,38,5940.0,3614.91,2325.09,4,0.0,0
2561,864,23,5,40,323.0,212.97,110.03,4,0.05,0
2562,880,1,5,29,6000.0,3482.03,2517.97,5,0.0,0
2563,314,18,6,7,3120.0,1815.72,1304.28,4,0.0,1
2564,498,27,7,18,292.5,168.19,124.31,5,0.1,0
2565,455,9,9,26,809.2,526.27,282.93,5,0.15,0
2566,893,5,5,26,13300.0,9949.98,3350.02,4,0.0,0
2567,912,20,10,5,1710.0,1153.65,556.35,4,0.0,0
2568,615,3,4,8,2860.0,2141.69,718.31,5,0.2,0
2569,335,27,4,46,351.0,209.38,141.62,4,0.0,0
2570,835,29,1,22,88.0,49.17,38.83,2,0.0,0
2571,1047,4,7,22,1320.0,821.12,498.88,1,0.0,1
2572,619,16,3,17,1386.0,789.29,596.71,1,0.1,0
2573,65,28,4,45,96.9,53.84,43.06,3,0.0,0
2574,824,28,2,31,72.35,40.74,31.61,4,0.15,0
2575,530,20,9,37,1816.88,1014.48,802.4,5,0.15,0
2576,6,28,7,30,209.0,119.0,90.0,5,0.0,0
2577,555,14,9,7,136.8,84.17,52.63,2,0.2,0
2578,808,21,7,17,127.18,85.63,41.55,5,0.05,0
2579,510,23,10,26,382.5,244.06,138.44,5,0.1,1
2580,781,19,5,45,1260.0,778.75,481.25,1,0.0,0
2581,643,26,1,8,22.77,13.14,9.63,1,0.1,0
2582,370,2,8,24,5236.0,3852.39,1383.61,2,0.15,1
2583,92,12,2,5,14560.0,9238.27,5321.73,4,0.0,0
2584,466,27,10,35,145.6,91.58,54.02,5,0.2,0
2585,510,14,3,7,427.5,257.35,170.15,5,0.1,0
2586,115,13,8,1,84.0,56.18,27.82,1,0.0,0
2587,617,26,3,20,108.9,65.34,43.56,5,0.1,0
2588,771,13,5,48,708.75,451.46,257.29,5,0.1,0
2589,103,11,7,17,2016.0,1439.5,576.5,2,0.0,1
2590,645,14,6,32,437.0,287.33,149.67,4,0.0,0
2591,923,26,5,50,59.4,34.95,24.45,3,0.0,0
2592,60,14,3,16,242.25,171.95,70.3,3,0.0,0
2593,268,28,3,50,167.2,115.39,51.81,4,0.0,0
2594,813,21,6,39,133.88,79.76,54.12,5,0.0,0
2595,872,6,3,8,960.0,584.47,375.53,2,0.0,1
2596,926,14,8,45,342.0,215.54,126.46,4,0.0,0
2597,138,13,1,7,150.0,90.93,59.07,1,0.0,1
2598,190,12,9,17,23400.0,15289.89,8110.11,5,0.2,0
2599,123,1,9,1,1140.0,761.25,378.75,1,0.05,1
2600,986,23,8,36,187.0,135.56,51.44,2,0.0,0
2601,734,15,1,18,9680.0,7248.8,2431.2,4,0.0,0
2602,539,28,3,41,144.4,83.67,60.73,4,0.0,0
2603,338,2,4,34,11340.0,7904.92,3435.08,3,0.0,1
2604,701,8,7,23,5106.38,3202.59,1903.79,5,0.15,0
2605,99,15,9,23,2464.0,1839.82,624.18,2,0.0,1
2606,359,10,3,8,1606.5,1124.93,481.57,5,0.15,0
2607,519,12,5,4,5248.75,3878.38,1370.37,1,0.15,0
2608,753,10,8,22,492.8,290.44,202.36,2,0.2,1
2609,229,5,4,10,13300.0,9362.54,3937.46,4,0.0,0
2610,1007,22,10,47,30.59,19.51,11.08,1,0.05,0
2611,423,8,5,42,1775.55,1036.82,738.73,2,0.05,0
2612,778,22,3,5,117.6,81.48,36.12,4,0.0,0
2613,125,26,2,39,88.0,62.95,25.05,4,0.0,0
2614,399,2,7,39,5880.0,4079.76,1800.24,2,0.0,0
2615,297,9,10,15,883.2,526.3,356.9,3,0.2,0
2616,74,28,2,33,27.45,19.89,7.56,1,0.15,0
2617,1035,10,9,5,1288.0,963.14,324.86,4,0.0,0
2618,521,30,6,17,324.9,182.17,142.73,3,0.05,0
2619,1096,29,6,45,70.54,47.3,23.24,1,0.05,0
2620,220,1,6,16,5700.0,3302.68,2397.32,5,0.0,0
2621,1029,17,5,35,1398.4,943.11,455.29,4,0.2,0
2622,1081,17,3,49,2565.0,1567.77,997.23,5,0.0,1
2623,986,19,3,31,1320.0,947.69,372.31,1,0.0,0
2624,520,13,4,3,114.0,79.32,34.68,1,0.2,0
2625,781,23,5,12,267.75,195.7,72.05,3,0.0,0
2626,464,19,8,11,3360.0,2008.12,1351.88,5,0.0,0
2627,310,4,9,32,1254.0,920.42,333.58,1,0.05,0
2628,431,6,9,33,346.8,230.84,115.96,1,0.15,1
2629,344,5,2,3,4725.0,2773.68,1951.32,1,0.0,0
2630,5,1,2,45,6270.0,4026.98,2243.02,5,0.05,0
2631,93,30,1,33,285.6,206.65,78.95,5,0.15,1
2632,985,23,7,8,84.15,47.69,36.46,1,0.1,0
2633,764,13,2,19,133.88,79.93,53.95,1,0.15,0
2634,654,21,4,42,46.57,30.37,16.2,1,0.1,0
2635,989,9,7,49,1496.0,864.17,631.83,5,0.15,0
2636,837,28,10,21,30.4,16.74,13.66,1,0.0,0
2637,35,15,7,12,2310.0,1648.12,661.88,1,0.0,0
2638,675,24,10,25,1612.8,911.08,701.72,4,0.2,0
2639,95,14,7,43,202.16,122.05,80.11,4,0.05,0
2640,805,30,6,20,60.69,34.48,26.21,1,0.15,0
2641,461,10,1,29,784.0,446.97,337.03,5,0.0,0
2642,551,25,10,31,28.35,19.08,9.27,1,0.1,0
2643,399,14,7,36,199.5,131.83,67.67,2,0.0,0
2644,830,6,7,39,860.16,475.74,384.42,4,0.2,0
2645,888,18,9,34,3087.5,1989.88,1097.62,5,0.0,1
2646,994,26,10,5,72.6,45.32,27.28,3,0.0,0
2647,370,12,8,5,33962.5,24770.84,9191.66,5,0.05,0
2648,485,5,1,6,5320.0,3863.58,1456.42,2,0.05,0
2649,735,15,9,37,9680.0,7013.51,2666.49,5,0.2,0
2650,620,3,9,1,3575.0,2634.43,940.57,5,0.0,1
2651,945,12,6,33,18525.0,11895.16,6629.84,3,0.0,0
2652,185,22,3,32,71.82,48.15,23.67,3,0.05,0
2653,198,18,9,10,1755.0,1178.85,576.15,3,0.0,0
2654,283,14,5,12,218.5,146.53,71.97,2,0.0,0
2655,1050,19,2,29,1152.0,796.52,355.48,1,0.2,1
2656,542,24,6,18,798.0,570.3,227.7,2,0.0,0
2657,602,12,8,3,17598.75,12422.97,5175.78,3,0.05,0
2658,290,5,6,32,3421.25,2274.8,1146.45,1,0.15,1
2659,102,3,7,15,1037.4,627.65,409.75,3,0.05,0
2660,352,7,3,18,28080.0,18269.4,9810.6,4,0.0,1
2661,672,29,5,1,66.0,42.71,23.29,1,0.0,0
2662,1059,6,3,45,1468.8,940.8,528.0,3,0.15,0
2663,860,3,7,35,1950.0,1260.27,689.73,3,0.0,0
2664,720,18,1,6,789.75,493.09,296.66,1,0.1,0
2665,365,28,8,7,51.3,30.12,21.18,1,0.0,0
2666,90,24,6,15,1428.0,1019.82,408.18,4,0.0,0
2667,90,2,8,5,8568.0,5250.32,3317.68,4,0.1,0
2668,991,9,2,33,1408.0,862.33,545.67,5,0.2,0
2669,601,8,3,37,4016.12,2540.76,1475.36,5,0.05,0
2670,437,28,7,23,58.14,34.97,23.17,2,0.1,1
2671,237,14,2,40,451.25,336.4,114.85,5,0.0,0
2672,637,26,9,6,38.72,26.91,11.81,2,0.2,0
2673,529,11,1,10,4104.0,2718.06,1385.94,3,0.2,0
2674,455,22,3,5,66.64,39.5,27.14,4,0.0,1
2675,738,15,5,34,4840.0,3505.47,1334.53,2,0.0,0
2676,1086,2,7,18,17955.0,10015.0,7940.0,5,0.05,0
2677,397,19,9,15,3780.0,2782.8,997.2,3,0.0,0
2678,622,6,6,15,1689.6,1236.03,453.57,4,0.2,1
2679,611,13,3,35,165.0,101.77,63.23,1,0.0,0
2680,910,30,5,46,108.3,67.36,40.94,1,0.05,0
2681,722,3,6,26,1755.0,1163.41,591.59,2,0.0,0
2682,20,20,1,35,1188.0,730.51,457.49,3,0.2,0
2683,634,24,1,43,2310.0,1681.44,628.56,5,0.0,0
2684,171,4,8,50,4963.75,2824.13,2139.62,5,0.05,1
2685,40,5,6,19,12495.0,7844.52,4650.48,4,0.15,0
2686,363,6,1,26,3240.0,2377.76,862.24,5,0.0,0
2687,549,23,2,44,153.0,111.47,41.53,2,0.0,0
2688,374,15,6,37,5808.0,4311.83,1496.17,3,0.2,0
2689,856,25,1,6,105.0,64.83,40.17,3,0.0,0
2690,375,30,6,42,660.0,421.1,238.9,5,0.0,1
2691,696,2,8,19,2688.0,1743.07,944.93,1,0.2,0
2692,392,28,3,30,188.1,105.32,82.78,5,0.1,0
2693,750,21,1,15,49.5,27.32,22.18,1,0.0,0
2694,443,10,1,14,1190.0,655.21,534.79,5,0.0,0
2695,65,29,4,28,42.07,28.28,13.79,1,0.1,1
2696,583,3,2,35,1574.62,1059.23,515.39,3,0.15,0
2697,454,21,6,40,133.88,99.33,34.55,5,0.0,0
2698,499,30,6,44,600.0,347.58,252.42,5,0.0,0
2699,145,2,1,27,10080.0,7440.19,2639.81,4,0.1,0
2700,40,13,10,28,787.5,444.73,342.77,5,0.0,0
2701,900,16,5,3,2527.0,1643.03,883.97,2,0.05,0
2702,257,23,4,43,168.3,121.12,47.18,2,0.1,0
2703,768,28,4,2,37.91,24.57,13.34,1,0.05,0
2704,322,11,6,1,4320.0,2922.81,1397.19,2,0.0,0
2705,150,16,4,25,4200.0,2419.21,1780.79,3,0.0,0
2706,586,4,8,35,3135.0,2089.23,1045.77,3,0.0,0
2707,307,8,4,20,2563.2,1458.59,1104.61,3,0.2,0
2708,66,19,1,42,3264.0,2236.99,1027.01,4,0.2,0
2709,12,21,9,36,178.2,107.04,71.16,4,0.1,0
2710,239,3,7,26,2470.0,1751.02,718.98,4,0.0,0
2711,14,10,6,30,739.2,536.14,203.06,3,0.2,0
2712,924,11,10,12,1620.0,1083.27,536.73,1,0.0,0
2713,868,10,3,26,280.0,207.38,72.62,1,0.0,0
2714,367,26,1,45,45.98,28.69,17.29,2,0.05,0
2715,160,9,8,30,258.4,172.91,85.49,1,0.15,0
2716,912,4,2,23,2090.0,1447.82,642.18,2,0.0,0
2717,371,7,7,45,11440.0,7772.42,3667.58,2,0.0,0
2718,351,3,6,34,789.75,524.84,264.91,1,0.1,0
2719,9,22,6,37,29.26,16.72,12.54,1,0.05,0
2720,895,7,9,24,13338.0,8804.68,4533.32,3,0.1,0
2721,641,19,8,45,5520.0,3813.19,1706.81,4,0.0,0
2722,1059,2,1,49,10080.0,6509.16,3570.84,3,0.0,0
2723,443,3,9,25,2762.5,1800.33,962.17,5,0.0,0
2724,354,26,9,18,89.1,64.44,24.66,3,0.0,0
2725,1053,5,3,47,16800.0,9244.1,7555.9,4,0.0,0
2726,438,20,5,35,650.25,478.14,172.11,2,0.15,1
2727,278,22,3,4,96.6,58.49,38.11,3,0.0,0
2728,571,21,4,47,68.85,49.71,19.14,2,0.15,0
2729,136,14,6,37,403.75,237.91,165.84,5,0.15,0
2730,260,24,1,9,392.7,232.31,160.39,1,0.15,0
2731,306,8,3,9,4058.4,2523.66,1534.74,4,0.05,1
2732,212,8,6,46,1602.0,1168.98,433.02,2,0.0,0
2733,1031,3,7,22,710.12,426.56,283.56,1,0.05,0
2734,118,12,10,15,13832.0,8879.03,4952.97,4,0.05,0
2735,197,20,9,15,648.0,365.61,282.39,2,0.2,0
2736,332,20,2,27,513.0,312.78,200.22,1,0.05,0
2737,84,28,3,38,161.5,92.68,68.82,5,0.0,0
2738,540,8,9,18,760.95,477.44,283.51,1,0.1,0
2739,167,26,4,8,79.42,43.9,35.52,4,0.05,0
2740,832,18,6,27,1976.0,1463.84,512.16,4,0.05,0
2741,84,13,4,45,510.0,289.08,220.92,4,0.0,0
2742,807,12,6,4,10442.25,6342.5,4099.75,3,0.1,0
2743,522,10,1,29,1010.8,754.0,256.8,4,0.05,0
2744,387,23,4,37,374.0,206.34,167.66,4,0.0,0
2745,772,6,8,13,806.4,470.77,335.63,2,0.2,0
2746,241,3,5,10,1852.5,1310.03,542.47,3,0.0,0
2747,704,21,9,45,182.25,124.79,57.46,3,0.0,0
2748,1055,28,9,41,41.04,28.6,12.44,1,0.1,1
2749,201,24,10,27,642.6,384.29,258.31,2,0.15,0
2750,174,22,10,37,106.4,63.21,43.19,4,0.0,0
2751,491,29,3,47,156.75,116.75,40.0,3,0.05,0
2752,749,22,1,24,154.0,91.63,62.37,5,0.0,0
2753,415,27,1,45,136.5,77.22,59.28,2,0.0,0
2754,1084,16,7,2,4819.5,2908.16,1911.34,3,0.15,0
2755,800,30,10,44,290.7,179.12,111.58,3,0.05,0
2756,550,24,6,13,1134.0,722.72,411.28,3,0.0,0
2757,555,13,7,47,540.0,351.3,188.7,5,0.2,1
2758,131,14,4,18,190.0,111.23,78.77,2,0.0,0
2759,46,18,1,37,1638.0,1207.81,430.19,3,0.2,1
2760,628,17,2,22,668.8,421.22,247.58,2,0.2,0
2761,761,19,7,26,3168.0,2025.42,1142.58,3,0.2,0
2762,491,1,8,18,2400.0,1496.61,903.39,2,0.0,0
2763,244,9,3,25,281.6,170.98,110.62,1,0.2,1
2764,543,21,9,38,85.5,60.58,24.92,2,0.0,0
2765,851,27,2,20,156.0,92.46,63.54,3,0.0,0
2766,928,19,7,15,4320.0,2466.07,1853.93,4,0.0,1
2767,38,1,9,42,1197.0,883.42,313.58,1,0.05,0
2768,343,5,2,6,12048.75,7949.72,4099.03,3,0.15,0
2769,576,11,3,14,3888.0,2892.25,995.75,3,0.2,0
2770,361,14,9,30,384.75,276.57,108.18,3,0.0,0
2771,1021,2,2,32,5474.0,4067.04,1406.96,2,0.15,0
2772,52,23,9,27,227.59,162.52,65.07,3,0.15,0
2773,911,15,8,9,9927.5,6254.93,3672.57,5,0.05,0
2774,386,7,8,1,5720.0,4188.21,1531.79,1,0.0,0
2775,96,30,6,10,241.92,136.1,105.82,4,0.1,1
2776,753,11,9,43,1980.0,1099.03,880.97,1,0.0,0
2777,365,24,3,5,1701.0,1044.34,656.66,3,0.0,0
2778,400,4,7,2,5775.0,3438.1,2336.9,5,0.0,0
2779,253,25,4,49,138.6,98.58,40.02,4,0.1,0
2780,1013,6,1,13,552.0,345.34,206.66,1,0.0,0
2781,316,17,7,12,410.4,278.65,131.75,1,0.1,0
2782,993,26,4,23,41.14,25.7,15.44,2,0.15,0
2783,437,30,4,10,204.0,138.31,65.69,2,0.0,0
2784,907,8,10,13,3804.75,2555.21,1249.54,5,0.1,0
2785,745,28,8,45,66.88,41.52,25.36,2,0.2,0
2786,867,14,2,33,285.0,183.51,101.49,3,0.0,0
2787,101,18,8,3,1820.0,1142.63,677.37,5,0.0,0
2788,248,25,9,11,73.15,40.8,32.35,2,0.05,0
2789,256,5,7,7,9817.5,7059.41,2758.09,3,0.15,0
2790,456,29,9,44,130.9,97.18,33.72,5,0.15,0
2791,1010,22,7,46,86.94,62.76,24.18,3,0.1,0
2792,980,7,6,29,17160.0,9936.15,7223.85,3,0.0,1
2793,444,23,3,10,122.83,80.04,42.79,2,0.15,0
2794,599,9,3,23,1292.0,932.32,359.68,5,0.15,0
2795,378,6,6,26,501.6,294.24,207.36,1,0.05,1
2796,692,7,6,42,5928.0,3547.6,2380.4,1,0.05,1
2797,981,28,4,5,37.62,21.11,16.51,1,0.1,0
2798,1008,9,2,16,349.6,239.06,110.54,1,0.05,0
2799,625,25,2,42,192.5,111.59,80.91,5,0.0,1
2800,147,8,7,12,3026.0,1699.0,1327.0,4,0.15,0
2801,818,8,10,47,1800.47,1121.83,678.64,4,0.15,0
2802,567,26,8,3,59.4,35.66,23.74,3,0.0,0
2803,357,30,2,24,153.9,114.73,39.17,1,0.05,0
2804,159,19,6,22,4560.0,2523.42,2036.58,4,0.0,1
2805,188,19,7,38,1944.0,1194.02,749.98,2,0.1,0
2806,733,26,3,4,77.44,42.6,34.84,4,0.2,0
2807,520,6,7,11,456.0,307.59,148.41,1,0.0,0
2808,197,5,2,10,9450.0,6975.61,2474.39,3,0.0,0
2809,881,29,10,26,198.0,131.33,66.67,4,0.1,0
2810,75,19,9,31,2040.0,1189.31,850.69,2,0.0,0
2811,991,8,2,39,1958.0,1248.36,709.64,2,0.0,0
2812,58,15,6,45,10395.0,6829.03,3565.97,5,0.1,0
2813,861,12,4,41,11050.0,7591.21,3458.79,2,0.15,1
2814,633,7,2,39,4862.0,3422.81,1439.19,1,0.15,0
2815,386,1,9,44,5610.0,3461.23,2148.77,5,0.15,0
2816,297,2,3,8,16100.0,9988.35,6111.65,5,0.0,0
2817,715,16,7,18,5103.0,3459.92,1643.08,3,0.1,0
2818,582,16,1,46,1330.0,768.81,561.19,1,0.0,1
2819,951,13,5,20,605.62,425.45,180.17,5,0.15,0
2820,610,19,8,38,5280.0,3838.36,1441.64,4,0.0,0
2821,413,13,6,28,157.5,113.65,43.85,1,0.0,0
2822,833,8,6,21,1352.8,797.93,554.87,2,0.05,0
2823,791,9,10,28,1360.0,1009.91,350.09,5,0.0,0
2824,226,29,10,42,156.75,104.06,52.69,3,0.0,0
2825,658,7,1,45,16146.0,10384.95,5761.05,3,0.1,0
2826,754,12,2,11,35750.0,22970.61,12779.39,5,0.0,0
2827,874,10,4,6,756.0,459.65,296.35,3,0.1,0
2828,687,20,7,23,1539.0,1048.82,490.18,3,0.05,0
2829,677,25,5,19,84.0,58.11,25.89,2,0.0,0
2830,626,20,2,26,2227.5,1487.56,739.94,5,0.1,0
2831,497,27,5,18,308.75,187.42,121.33,5,0.05,0
2832,553,29,7,17,44.55,31.27,13.28,1,0.1,0
2833,351,5,4,4,23625.0,15358.63,8266.37,5,0.0,0
2834,977,24,4,37,1963.5,1382.51,580.99,5,0.15,0
2835,553,4,4,11,990.0,742.05,247.95,1,0.0,0
2836,913,5,1,45,6300.0,4549.13,1750.87,2,0.0,0
2837,981,11,5,34,5940.0,3608.03,2331.97,3,0.0,0
2838,846,12,6,31,26000.0,18767.55,7232.45,5,0.0,0
2839,501,1,1,20,3240.0,2062.48,1177.52,3,0.1,0
2840,132,5,10,15,17500.0,12505.36,4994.64,5,0.0,0
2841,729,4,3,50,1485.0,1034.7,450.3,1,0.0,0
2842,806,28,6,34,107.4,63.16,44.24,5,0.05,0
2843,966,1,9,28,1026.0,689.37,336.63,1,0.1,1
2844,535,23,6,36,242.25,145.8,96.45,3,0.0,0
2845,795,8,2,5,1361.7,898.92,462.78,2,0.1,0
2846,420,10,3,13,1176.0,866.19,309.81,4,0.0,0
2847,69,28,4,13,92.05,56.02,36.03,3,0.05,0
2848,426,21,2,2,114.75,78.33,36.42,3,0.0,0
2849,852,17,7,35,380.0,250.96,129.04,1,0.0,1
2850,643,23,3,37,278.59,195.19,83.4,3,0.05,1
2851,314,29,2,42,250.8,182.55,68.25,4,0.05,0
2852,540,7,1,20,7904.0,4850.74,3053.26,2,0.2,0
2853,751,2,3,11,13860.0,10240.66,3619.34,5,0.1,0
2854,693,6,8,49,1468.8,1064.04,404.76,3,0.15,1
2855,327,7,4,9,31200.0,21051.32,10148.68,5,0.0,0
2856,280,1,3,22,4968.0,3717.56,1250.44,4,0.1,0
2857,21,8,1,15,1958.0,1236.79,721.21,2,0.0,0
2858,252,22,7,30,73.92,40.81,33.11,3,0.2,0
2859,291,25,8,40,201.25,140.91,60.34,5,0.0,0
2860,117,6,5,42,806.4,452.56,353.84,3,0.0,1
2861,355,30,4,48,729.0,513.16,215.84,5,0.1,0
2862,350,8,1,14,3063.83,2247.56,816.27,3,0.15,0
2863,96,5,9,19,7840.0,5796.19,2043.81,4,0.0,0
2864,34,3,8,46,1365.0,931.45,433.55,2,0.0,0
2865,107,29,6,4,98.56,71.53,27.03,4,0.2,0
2866,531,22,9,30,21.28,15.61,5.67,1,0.2,0
2867,1015,11,5,27,1863.0,1317.76,545.24,1,0.1,0
2868,375,30,5,4,528.0,357.96,170.04,4,0.0,0
2869,903,5,8,41,6650.0,4330.2,2319.8,2,0.0,1
2870,369,5,6,39,3080.0,2282.76,797.24,1,0.2,0
2871,703,13,7,49,1012.5,701.18,311.32,5,0.0,1
2872,302,8,8,16,1944.65,1292.57,652.08,2,0.05,1
2873,382,4,3,6,1210.0,694.35,515.65,1,0.0,0
2874,1052,2,4,45,8568.0,5659.68,2908.32,3,0.15,0
2875,103,22,2,30,12.54,8.96,3.58,1,0.2,0
2876,74,26,4,39,37.4,21.34,16.06,2,0.0,1
2877,516,23,6,12,425.0,296.24,128.76,5,0.0,1
2878,225,16,2,12,2660.0,1944.63,715.37,2,0.0,1
2879,522,8,4,36,3382.0,1970.73,1411.27,4,0.0,0
2880,593,5,3,8,13300.0,8317.51,4982.49,4,0.0,0
2881,534,19,7,13,1938.0,1351.15,586.85,2,0.15,0
2882,401,7,5,19,15561.0,11288.6,4272.4,3,0.05,0
2883,625,17,9,32,1881.0,1252.79,628.21,5,0.1,0
2884,555,15,1,11,1584.0,989.74,594.26,1,0.2,0
2885,1040,22,6,5,134.4,97.44,36.96,5,0.2,0
2886,918,16,5,40,2394.0,1521.21,872.79,2,0.05,0
2887,328,29,10,48,188.1,112.23,75.87,3,0.05,0
2888,1020,16,6,11,3220.0,2136.3,1083.7,2,0.0,0
2889,165,29,7,23,261.25,151.09,110.16,5,0.0,0
2890,57,21,6,37,94.5,63.17,31.33,2,0.0,0
2891,661,30,7,14,138.0,92.22,45.78,1,0.0,0
2892,824,8,7,16,1694.56,1176.09,518.47,4,0.15,0
2893,837,6,10,47,979.2,688.17,291.03,3,0.15,0
2894,884,13,2,22,384.75,251.19,133.56,3,0.1,0
2895,696,4,4,14,1320.0,898.84,421.16,1,0.0,0
2896,83,2,5,37,9520.0,6856.29,2663.71,5,0.2,0
2897,322,3,2,12,1560.0,1154.32,405.68,2,0.0,0
2898,157,12,5,33,5248.75,3277.83,1970.92,1,0.15,0
2899,892,18,7,35,2346.5,1430.4,916.1,4,0.05,0
2900,225,17,6,17,1624.5,912.48,712.02,5,0.1,0
2901,626,25,3,44,38.5,27.29,11.21,1,0.0,0
2902,1030,30,8,29,655.5,392.59,262.91,5,0.05,0
2903,671,25,7,41,168.0,124.18,43.82,4,0.0,0
2904,637,25,2,39,130.9,75.38,55.52,4,0.15,0
2905,370,4,10,10,3872.0,2241.76,1630.24,4,0.2,0
2906,375,1,5,45,1320.0,801.06,518.94,1,0.0,0
2907,1090,7,2,19,25272.0,18534.67,6737.33,4,0.1,0
2908,230,3,8,40,2470.0,1766.24,703.76,4,0.0,0
2909,569,19,9,7,1944.0,1340.7,603.3,2,0.1,0
2910,41,2,4,28,11172.0,6191.38,4980.62,4,0.05,0
2911,345,23,1,4,114.75,84.6,30.15,1,0.0,0
2912,690,7,9,26,9984.0,5683.61,4300.39,2,0.2,0
2913,96,11,3,18,1814.4,1324.2,490.2,2,0.1,0
2914,4,30,6,36,250.8,180.2,70.6,2,0.05,0
2915,128,2,8,26,11900.0,7573.63,4326.37,5,0.15,0
2916,894,30,4,15,182.4,120.6,61.8,2,0.2,1
2917,1028,20,7,44,1035.0,737.86,297.14,2,0.0,0
2918,171,17,6,41,306.85,227.9,78.95,1,0.15,1
2919,825,6,7,30,268.8,171.17,97.63,1,0.0,0
2920,223,1,2,13,1938.0,1261.96,676.04,2,0.15,0
2921,463,23,10,10,40.46,26.63,13.83,1,0.15,0
2922,459,12,3,30,15470.0,11157.39,4312.61,5,0.15,0
2923,667,23,1,26,371.45,232.95,138.5,4,0.05,0
2924,866,25,6,38,70.0,47.39,22.61,2,0.0,1
2925,1071,4,5,16,1336.5,769.14,567.36,1,0.1,0
2926,840,4,8,33,880.0,654.71,225.29,1,0.0,0
2927,1093,21,4,35,182.25,124.32,57.93,3,0.0,0
2928,35,23,3,45,339.15,211.54,127.61,4,0.05,1
2929,818,18,7,49,696.15,504.0,192.15,2,0.1,0
2930,193,5,6,29,6300.0,4242.1,2057.9,2,0.0,0
2931,333,11,6,15,10800.0,7389.71,3410.29,5,0.0,0
2932,19,25,8,48,115.5,76.91,38.59,3,0.0,0
2933,912,9,8,10,1444.0,916.38,527.62,5,0.05,1
2934,624,3,8,37,3396.25,2196.99,1199.26,5,0.05,0
2935,937,10,8,17,1260.0,865.77,394.23,5,0.0,0
2936,583,13,5,5,712.5,506.26,206.24,5,0.0,0
2937,620,4,7,30,2420.0,1737.03,682.97,2,0.0,0
2938,704,7,7,47,31590.0,22482.14,9107.86,5,0.1,0
2939,780,10,10,35,294.0,178.75,115.25,1,0.0,0
2940,342,22,9,26,37.8,28.08,9.72,1,0.0,0
2941,65,6,7,9,1632.0,1027.09,604.91,4,0.0,0
2942,126,1,9,12,3240.0,2322.15,917.85,3,0.1,0
2943,214,25,4,1,149.62,99.44,50.18,5,0.1,0
2944,85,11,8,20,6885.0,4113.05,2771.95,5,0.1,0
2945,971,9,2,36,866.4,647.07,219.33,3,0.05,0
2946,306,30,8,24,144.0,79.22,64.78,1,0.0,0
2947,707,24,7,49,2268.0,1516.01,751.99,4,0.0,0
2948,729,21,4,2,173.14,105.37,67.77,3,0.05,0
2949,393,27,8,35,203.78,130.37,73.41,3,0.05,0
2950,983,30,1,42,118.8,76.56,42.24,1,0.1,0
2951,72,1,2,41,1938.0,1210.23,727.77,2,0.05,0
2952,98,8,5,19,1495.2,861.69,633.51,3,0.0,0
2953,89,13,8,18,363.38,240.46,122.92,3,0.05,1
2954,767,6,5,3,2016.0,1426.28,589.72,4,0.0,0
2955,663,30,6,40,655.5,474.88,180.62,5,0.05,0
2956,872,25,3,12,70.0,47.03,22.97,2,0.0,0
2957,442,30,5,29,102.0,66.28,35.72,1,0.0,0
2958,797,10,9,19,714.0,477.99,236.01,3,0.0,0
2959,669,6,2,15,2760.0,1690.52,1069.48,5,0.0,0
2960,168,5,5,22,9975.0,5689.0,4286.0,3,0.0,0
2961,116,1,4,26,1142.4,670.55,471.85,2,0.15,0
2962,140,30,8,16,204.0,151.77,52.23,2,0.15,0
2963,872,25,5,35,148.75,89.14,59.61,5,0.15,0
2964,658,23,6,36,293.25,171.9,121.35,3,0.0,0
2965,349,22,6,9,113.4,71.58,41.82,3,0.0,1
2966,672,16,6,40,1596.0,899.05,696.95,1,0.05,0
2967,107,17,1,24,574.56,326.67,247.89,3,0.1,0
2968,630,9,8,15,897.6,532.25,365.35,3,0.15,0
2969,610,15,9,47,7260.0,5202.9,2057.1,3,0.0,0
2970,244,12,10,20,33962.5,20034.06,13928.44,5,0.05,0
2971,417,2,6,15,10584.0,6952.24,3631.76,4,0.1,0
2972,256,17,4,27,334.4,236.59,97.81,1,0.2,0
2973,491,27,9,39,123.5,91.05,32.45,2,0.05,0
2974,1037,18,3,36,780.0,552.93,227.07,1,0.0,0
2975,974,7,1,19,23465.0,13769.05,9695.95,5,0.05,0
2976,642,6,2,29,1573.2,968.06,605.14,3,0.05,0
2977,671,24,4,31,2520.0,1437.17,1082.83,5,0.0,0
2978,220,12,7,44,24700.0,15030.13,9669.87,4,0.0,0
2979,1017,3,8,29,2990.0,1998.81,991.19,4,0.0,0
2980,134,10,4,14,1120.0,747.64,372.36,4,0.0,0
2981,771,21,7,17,141.75,95.24,46.51,3,0.0,0
2982,60,23,1,8,65.02,43.51,21.51,1,0.1,0
2983,467,19,1,35,1075.2,791.59,283.61,2,0.2,0
2984,336,4,2,35,7053.75,4815.7,2238.05,5,0.05,0
2985,589,6,5,25,1162.8,857.65,305.15,3,0.15,0
2986,610,20,10,47,1782.0,1112.22,669.78,4,0.1,0
2987,760,27,8,22,357.5,250.55,106.95,5,0.0,0
2988,1062,24,2,38,504.0,291.66,212.34,1,0.0,0
2989,948,24,9,39,319.2,184.35,134.85,1,0.2,0
2990,385,21,10,29,47.03,26.0,21.03,1,0.05,0
2991,1084,10,5,22,302.4,182.4,120.0,1,0.2,1
2992,872,16,3,34,5040.0,2877.65,2162.35,4,0.1,0
2993,446,21,1,14,172.12,106.43,65.69,5,0.1,0
2994,234,25,2,37,59.85,44.72,15.13,2,0.1,0
2995,164,9,6,37,243.2,134.86,108.34,1,0.2,0
2996,342,27,2,29,315.9,176.71,139.19,4,0.1,0
2997,871,30,7,38,240.0,171.51,68.49,2,0.0,0
2998,642,24,9,35,386.4,268.31,118.09,1,0.2,1
2999,25,25,6,13,65.45,41.16,24.29,2,0.15,0
3000,249,4,10,16,6050.0,3340.13,2709.87,5,0.0,1
3001,1091,5,10,31,14175.0,9628.56,4546.44,3,0.0,0
3002,249,8,7,3,4895.0,3367.84,1527.16,5,0.0,0
3003,1096,26,2,33,29.7,18.02,11.68,1,0.0,0
3004,278,10,4,46,1288.0,811.56,476.44,4,0.0,1
3005,1088,16,4,25,7560.0,5541.5,2018.5,4,0.0,0
3006,715,17,10,26,2565.0,1517.96,1047.04,5,0.0,0
3007,124,23,1,41,229.5,140.99,88.51,3,0.1,0
3008,882,3,6,41,1852.5,1265.5,587.0,3,0.05,0
3009,685,28,7,25,82.08,53.14,28.94,2,0.1,0
3010,711,26,2,7,118.8,71.19,47.61,4,0.0,1
3011,88,22,3,33,45.22,29.27,15.95,2,0.05,0
3012,325,18,10,27,2964.0,1632.98,1331.02,4,0.05,1
3013,605,6,9,6,1459.2,876.95,582.25,4,0.2,0
3014,845,3,1,7,2210.0,1419.63,790.37,5,0.15,1
3015,420,11,9,41,5386.5,3854.83,1531.67,3,0.05,0
3016,765,4,1,13,5197.5,2859.9,2337.6,5,0.1,0
3017,439,1,5,10,3876.0,2293.45,1582.55,4,0.05,0
3018,1043,28,2,17,116.28,70.25,46.03,3,0.15,0
3019,471,19,6,14,604.8,382.45,222.35,1,0.1,0
3020,857,16,7,17,5950.0,4421.08,1528.92,5,0.15,1
3021,356,6,9,35,1749.6,1140.44,609.16,3,0.1,0
3022,656,25,6,8,64.4,46.13,18.27,2,0.2,0
3023,930,5,8,8,12600.0,9168.43,3431.57,4,0.0,0
3024,871,26,9,36,17.6,10.05,7.55,1,0.2,0
3025,555,25,1,13,94.5,63.14,31.36,3,0.0,0
3026,134,17,8,14,1805.0,1152.74,652.26,5,0.05,0
3027,1049,8,4,14,4272.0,2999.78,1272.22,4,0.0,0
3028,515,4,4,46,990.0,546.97,443.03,1,0.1,1
3029,715,7,9,41,28080.0,16490.2,11589.8,4,0.0,0
3030,273,12,5,11,7150.0,4029.48,3120.52,1,0.0,0
3031,477,29,2,40,37.4,25.45,11.95,1,0.15,0
3032,275,1,5,49,4140.0,2293.3,1846.7,3,0.0,0
3033,1014,23,10,46,293.25,194.43,98.82,3,0.0,0
3034,761,25,4,36,38.5,25.96,12.54,1,0.0,0
3035,634,4,3,10,3267.0,2418.96,848.04,3,0.1,0
3036,973,5,7,17,15793.75,9333.11,6460.64,5,0.05,0
3037,161,16,5,10,2660.0,1470.44,1189.56,2,0.0,0
3038,439,6,7,7,367.2,262.8,104.4,1,0.1,0
3039,395,10,7,34,1232.0,847.01,384.99,4,0.0,0
3040,973,1,3,35,4332.0,2984.28,1347.72,4,0.05,0
3041,311,25,1,3,210.0,148.24,61.76,5,0.0,0
3042,849,24,3,5,1680.0,990.06,689.94,5,0.0,1
3043,64,1,6,30,3672.0,2249.46,1422.54,4,0.1,0
3044,1014,8,3,22,5117.5,2841.23,2276.27,5,0.0,0
3045,946,3,4,49,524.88,336.08,188.8,1,0.15,0
3046,224,7,9,25,24700.0,17256.63,7443.37,5,0.0,0
3047,155,21,7,32,85.5,49.08,36.42,2,0.0,0
3048,520,11,5,48,5472.0,3132.04,2339.96,4,0.2,0
3049,343,18,2,31,833.62,501.31,332.31,1,0.05,0
3050,111,5,4,49,5880.0,4241.63,1638.37,3,0.0,1
3051,270,6,6,10,448.8,282.5,166.3,1,0.15,0
3052,371,7,10,18,5720.0,4237.78,1482.22,1,0.0,1
3053,35,19,5,20,4032.0,2897.05,1134.95,4,0.2,1
3054,770,20,1,14,897.75,608.95,288.8,2,0.05,0
3055,194,8,3,31,3204.0,2179.71,1024.29,4,0.0,0
3056,615,24,9,2,924.0,683.39,240.61,2,0.0,0
3057,736,19,9,23,1254.0,698.99,555.01,1,0.05,0
3058,227,11,9,38,1710.0,1215.95,494.05,1,0.0,0
3059,829,25,5,47,78.4,51.52,26.88,5,0.2,0
3060,981,18,7,33,2860.0,1695.35,1164.65,4,0.0,0
3061,121,30,1,33,420.0,257.2,162.8,5,0.0,0
3062,1047,24,4,29,2520.0,1878.27,641.73,5,0.0,0
3063,67,16,5,40,5950.0,3374.55,2575.45,5,0.0,0
3064,104,13,10,48,336.0,236.45,99.55,5,0.2,1
3065,413,13,10,47,252.0,148.55,103.45,2,0.2,0
3066,472,9,9,18,851.2,514.2,337.0,5,0.05,1
3067,81,17,3,8,581.4,432.03,149.37,2,0.1,0
3068,562,14,3,10,85.5,48.15,37.35,1,0.0,0
3069,1007,22,3,1,96.6,53.16,43.44,3,0.0,0
3070,447,1,1,2,642.6,420.13,222.47,1,0.1,0
3071,598,24,7,30,718.2,410.99,307.21,2,0.1,0
3072,1058,17,10,50,2280.0,1309.32,970.68,5,0.0,0
3073,6,1,10,6,4752.0,3329.22,1422.78,4,0.1,0
3074,482,5,8,13,9520.0,6819.5,2700.5,4,0.15,0
3075,942,24,10,3,1512.0,995.43,516.57,4,0.0,0
3076,615,18,2,36,2717.0,2037.74,679.26,4,0.05,0
3077,84,2,1,39,10710.0,6484.54,4225.46,5,0.1,0
3078,890,4,2,47,1985.5,1124.78,860.72,2,0.05,0
3079,175,11,2,43,7695.0,5226.08,2468.92,5,0.1,0
3080,676,17,3,49,1824.0,1115.94,708.06,5,0.2,1
3081,388,21,5,43,49.5,30.82,18.68,1,0.0,0
3082,490,9,7,27,304.0,186.76,117.24,1,0.05,1
3083,513,10,10,46,672.0,423.95,248.05,3,0.2,0
3084,110,4,1,36,1232.0,894.74,337.26,2,0.0,0
3085,286,23,9,6,488.75,358.81,129.94,5,0.0,0
3086,1052,15,10,50,7920.0,4592.48,3327.52,3,0.0,1
3087,289,2,9,23,16100.0,10454.96,5645.04,5,0.0,0
3088,279,15,4,23,4807.0,2943.4,1863.6,2,0.05,1
3089,456,12,8,2,3640.0,2065.47,1574.53,1,0.0,0
3090,286,18,6,7,3737.5,2568.87,1168.63,5,0.0,1
3091,362,26,6,23,148.5,90.19,58.31,5,0.0,0
3092,815,4,1,4,2356.2,1377.38,978.82,4,0.1,0
3093,874,14,1,4,95.0,62.92,32.08,1,0.0,0
3094,939,3,1,6,1170.0,873.66,296.34,2,0.0,0
3095,875,3,6,6,1300.0,885.26,414.74,2,0.0,0
3096,1091,23,6,1,390.15,248.09,142.06,4,0.15,0
3097,460,27,5,20,123.76,69.21,54.55,4,0.15,0
3098,364,29,3,29,297.0,213.97,83.03,4,0.0,0
3099,52,4,10,6,3465.0,1910.49,1554.51,3,0.0,0
3100,420,24,5,32,882.0,526.53,355.47,2,0.0,0
3101,864,3,8,27,3250.0,1893.57,1356.43,5,0.0,0
3102,208,24,3,30,718.2,460.09,258.11,2,0.05,0
3103,803,28,7,46,90.44,66.6,23.84,4,0.0,0
3104,313,28,3,18,41.04,29.79,11.25,1,0.1,1
3105,838,28,9,29,121.6,87.41,34.19,5,0.2,0
3106,601,16,8,6,2394.0,1345.47,1048.53,2,0.1,0
3107,31,2,7,7,15400.0,10011.84,5388.16,5,0.0,0
3108,618,5,3,16,9240.0,5584.43,3655.57,3,0.2,0
3109,110,10,7,48,564.48,327.66,236.82,4,0.1,0
3110,178,11,7,17,7267.5,5089.01,2178.49,5,0.15,0
3111,526,19,3,2,3876.0,2667.43,1208.57,4,0.15,0
3112,181,25,2,7,157.94,111.32,46.62,5,0.05,0
3113,165,17,3,30,722.0,520.88,201.12,2,0.0,0
3114,629,8,6,44,3916.0,2378.97,1537.03,5,0.2,0
3115,1030,26,3,47,22.77,14.88,7.89,1,0.1,0
3116,860,18,1,26,2600.0,1880.41,719.59,4,0.0,0
3117,202,27,2,3,117.0,68.12,48.88,2,0.0,0
3118,637,7,5,6,11440.0,8266.98,3173.02,2,0.0,0
3119,823,2,5,40,7448.0,4102.64,3345.36,5,0.05,1
3120,1018,5,2,46,19118.75,10717.48,8401.27,5,0.05,0
3121,335,2,4,7,17955.0,11853.02,6101.98,5,0.05,0
3122,102,3,2,18,364.0,215.48,148.52,1,0.0,1
3123,973,27,2,16,49.4,33.99,15.41,1,0.2,0
3124,956,25,9,27,26.6,18.62,7.98,1,0.2,1
3125,795,29,3,49,119.21,82.62,36.59,3,0.15,1
3126,105,24,9,17,211.68,143.86,67.82,1,0.1,0
3127,956,27,9,22,185.25,125.18,60.07,3,0.0,0
3128,897,11,4,22,8550.0,5910.05,2639.95,5,0.0,0
3129,341,18,9,44,3159.0,2207.94,951.06,4,0.1,0
3130,959,20,1,46,812.25,464.92,347.33,2,0.05,0
3131,874,1,9,45,6000.0,4235.04,1764.96,5,0.0,0
3132,317,5,4,44,16800.0,11215.94,5584.06,5,0.2,1
3133,515,16,8,50,1260.0,742.89,517.11,1,0.1,0
3134,465,2,8,27,6272.0,3582.62,2689.38,5,0.2,1
3135,373,26,5,36,20.57,14.29,6.28,1,0.15,0
3136,721,15,9,3,2970.0,2020.39,949.61,1,0.0,0
3137,601,7,3,14,19760.0,11509.29,8250.71,4,0.0,0
3138,801,19,1,25,3034.5,2132.29,902.21,5,0.15,0
3139,934,9,7,43,1152.0,723.21,428.79,4,0.0,0
3140,731,3,7,40,715.0,475.91,239.09,1,0.0,1
3141,747,23,3,6,280.5,195.55,84.95,3,0.0,0
3142,611,27,3,25,71.5,46.19,25.31,1,0.0,0
3143,405,12,1,42,27300.0,16423.83,10876.17,5,0.2,0
3144,578,28,4,45,32.49,21.37,11.12,1,0.1,0
3145,281,10,9,19,1610.0,956.47,653.53,5,0.0,0
3146,220,24,7,39,319.2,176.55,142.65,1,0.2,0
3147,96,5,2,24,1862.0,1201.46,660.54,1,0.05,0
3148,795,23,5,26,144.5,98.77,45.73,2,0.0,1
3149,676,8,5,36,1068.0,588.07,479.93,1,0.0,0
3150,243,29,5,32,209.0,147.08,61.92,4,0.0,0
3151,1036,27,10,28,78.0,50.27,27.73,1,0.0,0
3152,658,24,2,9,1932.0,1092.11,839.89,5,0.2,0
3153,1010,11,2,9,3726.0,2326.6,1399.4,2,0.1,0
3154,1038,4,6,24,3960.0,2476.09,1483.91,3,0.0,1
3155,94,25,10,30,39.2,27.32,11.88,2,0.0,0
3156,606,26,5,28,50.16,30.4,19.76,3,0.2,0
3157,960,5,1,23,3158.75,1801.59,1357.16,1,0.05,0
3158,126,27,9,30,65.0,40.75,24.25,1,0.0,0
3159,985,18,4,31,715.0,407.22,307.78,1,0.0,0
3160,468,17,1,50,404.32,246.35,157.97,2,0.05,0
3161,618,17,6,46,1421.2,833.13,588.07,4,0.15,0
3162,354,11,5,50,8262.0,5416.69,2845.31,4,0.15,1
3163,924,6,9,34,1296.0,829.1,466.9,3,0.0,0
3164,279,1,8,42,4692.0,2774.73,1917.27,4,0.15,0
3165,139,28,4,22,64.6,42.62,21.98,2,0.15,1
3166,975,14,3,23,522.5,310.14,212.36,5,0.0,0
3167,1033,27,8,39,71.01,51.78,19.23,1,0.05,0
3168,540,17,9,26,1534.25,915.57,618.68,5,0.15,0
3169,686,25,6,50,84.0,46.3,37.7,2,0.0,0
3170,1075,27,10,50,166.73,98.37,68.36,2,0.05,0
3171,172,29,6,39,198.55,146.99,51.56,4,0.05,0
3172,644,7,6,27,23920.0,16680.59,7239.41,4,0.0,0
3173,949,16,6,23,3990.0,2542.69,1447.31,3,0.0,0
3174,57,8,9,17,1495.2,876.46,618.74,2,0.2,0
3175,825,24,3,30,470.4,264.33,206.07,2,0.0,0
3176,302,16,2,7,1288.0,828.13,459.87,1,0.2,0
3177,1004,14,10,8,418.0,265.26,152.74,4,0.0,0
3178,604,6,10,35,1368.0,831.46,536.54,3,0.0,0
3179,828,19,9,15,672.0,393.22,278.78,1,0.0,0
3180,871,19,1,14,4800.0,3414.21,1385.79,5,0.2,0
3181,370,24,7,37,2310.0,1314.69,995.31,5,0.0,1
3182,546,6,7,18,1459.2,825.16,634.04,4,0.2,0
3183,52,28,2,29,127.68,70.72,56.96,4,0.2,0
3184,165,13,4,29,142.5,97.9,44.6,1,0.0,1
3185,597,19,4,14,2166.0,1553.08,612.92,2,0.05,0
3186,573,13,10,15,108.0,76.86,31.14,1,0.2,0
3187,571,26,8,28,35.64,19.64,16.0,2,0.1,0
3188,67,24,7,49,1071.0,602.09,468.91,3,0.0,1
3189,666,4,10,15,6325.0,3639.68,2685.32,5,0.0,0
3190,1011,6,9,6,993.6,569.9,423.7,2,0.1,0
3191,713,21,1,20,243.0,154.51,88.49,5,0.2,0
3192,882,23,7,29,289.0,178.09,110.91,4,0.15,0
3193,341,18,5,23,1579.5,1023.28,556.22,2,0.1,0
3194,766,1,8,47,1134.0,818.56,315.44,1,0.1,0
3195,6,14,8,24,334.4,242.17,92.23,4,0.2,0
3196,21,22,2,37,55.44,31.01,24.43,2,0.1,0
3197,160,29,6,50,125.4,74.94,50.46,3,0.2,0
3198,531,18,10,3,3087.5,1805.17,1282.33,5,0.0,0
3199,395,8,4,12,979.0,586.36,392.64,1,0.0,0
3200,316,26,6,42,79.2,57.08,22.12,3,0.0,0
3201,464,11,5,22,1008.0,726.83,281.17,1,0.0,0
3202,584,23,4,40,129.2,91.11,38.09,2,0.2,0
3203,333,10,4,26,604.8,384.26,220.54,2,0.1,0
3204,55,12,10,48,29006.25,17290.58,11715.67,5,0.15,0
3205,552,25,5,6,56.7,31.84,24.86,2,0.1,0
3206,805,11,10,39,5355.0,3964.18,1390.82,5,0.0,0
3207,498,16,7,13,1330.0,853.8,476.2,1,0.05,0
3208,570,6,2,1,1728.0,1156.13,571.87,4,0.0,0
3209,191,19,4,29,2916.0,2178.83,737.17,3,0.1,0
3210,272,6,7,29,448.8,267.4,181.4,1,0.15,0
3211,476,24,7,9,752.64,557.07,195.57,4,0.2,0
3212,310,22,9,41,134.4,84.22,50.18,4,0.0,1
3213,291,23,1,40,391.0,250.13,140.87,4,0.0,0
3214,55,1,10,38,2142.0,1495.9,646.1,2,0.15,0
3215,551,11,3,18,1620.0,944.85,675.15,1,0.0,0
3216,725,23,4,22,344.25,211.22,133.03,3,0.0,0
3217,286,4,10,41,1265.0,755.9,509.1,1,0.0,0
3218,1060,28,8,32,216.6,146.76,69.84,5,0.05,0
3219,260,12,5,9,14300.0,9299.91,5000.09,2,0.0,0
3220,521,21,6,45,171.0,97.79,73.21,5,0.2,0
3221,16,10,9,31,1232.0,783.9,448.1,4,0.0,0
3222,407,7,4,49,9828.0,6564.25,3263.75,2,0.1,0
3223,726,4,6,40,1485.0,917.82,567.18,1,0.0,0
3224,594,14,5,4,451.25,305.64,145.61,5,0.0,0
3225,736,24,9,34,739.2,515.79,223.41,2,0.2,0
3226,657,23,7,46,391.0,246.68,144.32,4,0.0,0
3227,1041,9,7,31,652.8,435.35,217.45,2,0.15,0
3228,625,30,4,50,336.6,210.26,126.34,3,0.15,0
3229,803,6,9,11,571.2,413.5,157.7,2,0.0,0
3230,218,18,3,23,2470.0,1732.42,737.58,4,0.0,1
3231,916,6,9,27,777.6,545.95,231.65,2,0.1,1
3232,27,3,3,11,1430.0,811.44,618.56,2,0.0,0
3233,359,20,1,1,2581.88,1758.32,823.56,5,0.15,0
3234,909,2,3,27,10640.0,6410.12,4229.88,4,0.0,0
3235,702,27,1,38,250.09,147.26,102.83,3,0.05,0
3236,584,21,1,2,76.95,43.47,33.48,2,0.1,0
3237,173,19,4,16,2736.0,1614.67,1121.33,3,0.2,0
3238,276,6,5,30,552.0,408.44,143.56,1,0.0,0
3239,12,23,1,27,84.15,48.7,35.45,1,0.1,0
3240,77,11,7,18,6120.0,4496.33,1623.67,4,0.0,0
3241,113,16,7,9,3136.0,1861.77,1274.23,4,0.0,0
3242,725,1,1,37,4860.0,3123.06,1736.94,3,0.0,0
3243,868,3,8,28,1040.0,618.37,421.63,2,0.2,0
3244,406,26,7,8,19.64,14.48,5.16,1,0.15,0
3245,580,23,2,28,242.25,178.72,63.53,3,0.0,0
3246,797,12,5,19,4696.25,2767.62,1928.63,1,0.15,0
3247,963,22,7,34,75.81,56.11,19.7,3,0.05,1
3248,65,14,4,17,403.75,236.6,167.15,5,0.0,1
3249,569,29,7,5,198.0,142.89,55.11,4,0.0,0
3250,904,1,2,32,5130.0,3400.81,1729.19,5,0.1,0
3251,375,2,3,19,15400.0,9841.51,5558.49,5,0.0,0
3252,548,3,8,11,1170.0,724.31,445.69,2,0.0,0
3253,403,17,7,37,1137.15,755.13,382.02,3,0.05,1
3254,339,12,5,50,43875.0,30671.76,13203.24,5,0.0,0
3255,281,14,9,37,109.25,75.12,34.13,1,0.0,0
3256,1057,14,5,5,114.0,76.28,37.72,1,0.0,0
3257,691,21,6,31,162.0,92.06,69.94,3,0.0,0
3258,481,11,10,39,1152.0,817.48,334.52,1,0.2,0
3259,452,16,9,5,2124.15,1349.83,774.32,3,0.15,0
3260,841,24,2,19,638.4,415.62,222.78,2,0.05,1
3261,537,9,4,30,288.8,200.87,87.93,1,0.05,0
3262,925,27,6,27,166.73,120.01,46.72,3,0.05,0
3263,795,25,4,26,119.0,86.9,32.1,5,0.2,0
3264,754,22,5,45,27.72,17.31,10.41,1,0.1,0
3265,69,2,3,29,8092.0,4720.77,3371.23,4,0.15,0
3266,23,25,9,20,115.5,79.64,35.86,3,0.0,0
3267,789,1,5,16,3591.0,2515.78,1075.22,3,0.05,0
3268,692,29,1,15,125.4,75.67,49.73,2,0.05,0
3269,1043,8,4,2,4058.4,2755.34,1303.06,4,0.05,0
3270,46,27,7,31,61.43,45.25,16.18,1,0.1,0
3271,376,14,7,31,444.12,269.24,174.88,5,0.15,0
3272,34,25,9,29,156.19,101.74,54.45,5,0.15,0
3273,1029,25,6,44,161.0,115.16,45.84,5,0.2,0
3274,421,19,7,14,3213.0,2289.72,923.28,3,0.15,0
3275,1032,25,8,26,34.21,24.59,9.62,1,0.15,0
3276,661,28,1,43,117.99,68.15,49.84,3,0.1,0
3277,933,2,5,42,11970.0,8414.9,3555.1,5,0.05,0
3278,823,22,8,2,59.58,35.22,24.36,4,0.05,0
3279,143,13,3,37,142.5,83.84,58.66,1,0.05,0
3280,364,25,9,40,40.16,30.08,10.08,1,0.15,0
3281,328,16,2,36,3192.0,2204.03,987.97,2,0.05,1
3282,418,25,4,30,34.91,24.35,10.56,1,0.05,1
3283,1094,14,5,40,384.75,242.79,141.96,3,0.0,0
3284,62,7,10,35,8840.0,6054.64,2785.36,2,0.0,0
3285,670,10,10,45,336.0,203.77,132.23,1,0.0,0
3286,858,15,1,25,11000.0,6189.72,4810.28,5,0.0,0
3287,900,7,1,24,13338.0,8751.07,4586.93,3,0.1,1
3288,557,8,9,33,2042.55,1444.63,597.92,3,0.15,0
3289,301,26,2,30,126.5,80.06,46.44,5,0.0,0
3290,12,13,7,42,420.75,250.08,170.67,3,0.15,0
3291,1081,19,1,7,5508.0,3966.77,1541.23,4,0.15,1
3292,291,29,9,6,189.75,111.94,77.81,3,0.0,0
3293,95,4,8,4,3080.0,1947.96,1132.04,5,0.0,0
3294,914,29,1,14,44.55,30.11,14.44,1,0.1,0
3295,135,15,3,26,3960.0,2309.16,1650.84,2,0.1,1
3296,357,21,5,20,303.75,212.76,90.99,5,0.0,0
3297,40,15,3,34,9817.5,6537.38,3280.12,5,0.15,0
3298,377,21,8,41,148.5,83.91,64.59,3,0.0,0
3299,867,30,10,44,102.0,68.34,33.66,1,0.15,1
3300,226,6,8,26,1824.0,1008.87,815.13,4,0.0,0
3301,274,27,1,16,373.75,239.67,134.08,5,0.0,0
3302,359,30,7,13,486.0,293.48,192.52,3,0.0,0
3303,782,21,3,42,141.75,106.26,35.49,3,0.0,0
3304,993,29,1,6,121.0,84.36,36.64,2,0.0,0
3305,293,10,3,43,966.0,610.09,355.91,3,0.0,0
3306,185,30,3,15,432.0,259.08,172.92,4,0.0,0
3307,546,19,8,26,1140.0,766.09,373.91,1,0.0,0
3308,920,1,3,49,3240.0,2025.28,1214.72,3,0.0,0
3309,632,2,6,23,5236.0,3679.96,1556.04,2,0.15,0
3310,163,23,9,29,193.8,143.09,50.71,3,0.2,0
3311,498,28,7,45,91.2,66.16,25.04,3,0.2,0
3312,301,4,6,46,6008.75,4504.25,1504.5,5,0.05,0
3313,757,9,7,27,704.0,522.47,181.53,2,0.0,0
3314,79,13,7,30,510.0,344.24,165.76,5,0.2,0
3315,582,19,2,9,3078.0,1883.99,1194.01,3,0.1,0
3316,357,5,1,17,8505.0,5569.81,2935.19,2,0.1,0
3317,842,19,10,9,912.0,577.65,334.35,1,0.05,0
3318,930,30,10,38,432.0,253.94,178.06,4,0.0,0
3319,317,19,10,47,7200.0,4270.08,2929.92,5,0.0,0
3320,978,28,7,36,198.55,137.4,61.15,5,0.05,0
3321,384,12,7,1,21450.0,12857.38,8592.62,3,0.0,0
3322,101,17,5,39,425.6,261.95,163.65,2,0.0,0
3323,389,25,10,6,77.0,48.55,28.45,2,0.0,0
3324,137,10,5,4,1064.0,616.44,447.56,4,0.05,0
3325,138,26,5,48,35.2,19.6,15.6,2,0.2,0
3326,145,7,5,8,5200.0,3397.25,1802.75,1,0.0,0
3327,659,5,9,31,8050.0,5379.71,2670.29,2,0.0,0
3328,671,27,7,20,132.6,93.77,38.83,2,0.15,1
3329,278,10,1,22,1368.5,930.3,438.2,5,0.15,0
3330,375,8,6,15,881.1,648.93,232.17,1,0.1,1
3331,877,20,2,40,1215.0,888.35,326.65,3,0.1,0
3332,70,21,6,26,191.25,138.82,52.43,5,0.0,0
3333,747,8,1,29,4650.25,2938.07,1712.18,5,0.05,1
3334,882,19,6,31,1920.0,1349.56,570.44,2,0.2,1
3335,595,28,1,20,57.76,42.62,15.14,2,0.2,0
3336,247,23,3,21,187.0,127.41,59.59,2,0.0,0
3337,647,28,7,7,43.7,28.37,15.33,1,0.0,0
3338,348,3,8,23,877.5,556.17,321.33,1,0.0,0
3339,368,2,3,45,7392.0,4985.19,2406.81,3,0.2,0
3340,146,19,4,34,4800.0,2841.57,1958.43,4,0.0,0
3341,611,24,3,19,1386.0,996.99,389.01,3,0.0,0
3342,1,25,5,32,154.0,98.37,55.63,4,0.0,1
3343,852,28,3,50,76.0,56.79,19.21,2,0.0,1
3344,11,23,8,27,280.5,197.89,82.61,3,0.0,0
3345,966,21,1,45,171.0,120.77,50.23,5,0.2,0
3346,990,23,4,43,149.6,98.38,51.22,2,0.2,0
3347,549,12,7,13,17550.0,11776.12,5773.88,3,0.0,0
3348,726,17,1,23,1385.1,967.35,417.75,3,0.1,0
3349,196,11,8,17,4131.0,2933.64,1197.36,3,0.15,0
3350,750,8,10,43,930.05,520.25,409.8,1,0.05,0
3351,969,1,1,19,1026.0,614.74,411.26,1,0.1,0
3352,26,23,5,21,280.5,184.55,95.95,3,0.0,1
3353,510,20,9,10,900.0,639.77,260.23,2,0.0,0
3354,429,19,7,26,1632.0,1204.34,427.66,2,0.2,0
3355,489,17,6,35,1805.0,1239.85,565.15,5,0.05,0
3356,44,22,8,35,147.0,85.31,61.69,5,0.0,0
3357,693,3,7,19,2652.0,1777.01,874.99,4,0.15,0
3358,485,11,7,9,2880.0,2121.14,758.86,2,0.0,0
3359,960,10,5,2,1197.0,873.81,323.19,5,0.1,0
3360,885,16,1,33,5985.0,3869.86,2115.14,5,0.1,1
3361,345,2,2,39,18900.0,12439.42,6460.58,5,0.0,0
3362,578,28,4,6,36.1,24.77,11.33,1,0.0,1
3363,799,13,2,7,344.25,208.32,135.93,3,0.1,0
3364,97,11,3,26,2016.0,1374.16,641.84,2,0.0,0
3365,826,2,5,30,3136.0,1736.15,1399.85,2,0.0,0
3366,964,22,1,31,106.4,66.25,40.15,4,0.0,0
3367,984,24,1,35,785.4,572.62,212.78,2,0.15,0
3368,131,10,7,48,224.0,150.87,73.13,1,0.2,0
3369,500,19,5,27,3840.0,2409.59,1430.41,4,0.2,0
3370,835,6,4,21,1824.0,1339.86,484.14,5,0.05,0
3371,28,5,7,5,19250.0,10650.81,8599.19,5,0.0,0
3372,919,1,4,25,5130.0,2871.18,2258.82,5,0.05,1
3373,107,13,4,3,319.2,190.8,128.4,4,0.05,0
3374,760,2,3,47,13090.0,7429.18,5660.82,5,0.15,0
3375,545,27,1,40,277.88,159.54,118.34,5,0.1,0
3376,90,19,2,11,816.0,569.7,246.3,1,0.2,0
3377,294,12,3,2,37375.0,23090.02,14284.98,5,0.0,0
3378,943,25,6,37,107.1,71.7,35.4,4,0.15,0
3379,230,19,3,26,1140.0,769.11,370.89,1,0.0,0
3380,89,5,8,23,11900.0,8119.58,3780.42,4,0.0,0
3381,560,21,10,9,40.5,24.59,15.91,1,0.0,0
3382,577,23,5,22,137.7,78.23,59.47,2,0.1,0
3383,248,23,9,39,374.0,252.77,121.23,4,0.0,0
3384,581,29,5,49,148.91,111.1,37.81,3,0.05,0
3385,344,20,6,10,577.12,388.58,188.54,1,0.05,0
3386,835,13,1,16,480.0,341.84,138.16,4,0.0,0
3387,635,18,7,2,2860.0,1742.5,1117.5,4,0.0,0
3388,316,25,7,26,42.0,24.75,17.25,1,0.0,0
3389,129,12,9,24,6500.0,4061.8,2438.2,1,0.0,0
3390,9,3,8,15,679.25,441.11,238.14,1,0.05,0
3391,867,2,6,34,10080.0,5668.67,4411.33,4,0.1,0
3392,524,10,2,14,478.8,294.6,184.2,2,0.1,0
3393,544,2,7,17,7980.0,4543.93,3436.07,3,0.0,0
3394,958,19,1,21,4560.0,3030.27,1529.73,4,0.0,0
3395,1075,21,10,35,230.85,171.49,59.36,4,0.05,1
3396,829,19,4,28,1915.2,1392.42,522.78,3,0.05,0
3397,399,29,6,46,274.31,165.35,108.96,5,0.05,0
3398,943,13,9,1,344.25,221.61,122.64,3,0.15,0
3399,498,24,8,31,378.0,227.96,150.04,1,0.1,0
3400,206,19,3,11,972.0,604.56,367.44,1,0.1,0
3401,445,7,3,45,18785.0,12131.57,6653.43,5,0.15,0
3402,273,7,10,26,17160.0,9575.0,7585.0,3,0.0,0
3403,274,11,4,49,3312.0,2083.1,1228.9,2,0.2,0
3404,943,13,10,38,270.0,157.43,112.57,2,0.0,0
3405,485,20,3,15,1440.0,889.39,550.61,5,0.2,0
3406,280,8,3,2,5117.5,3071.89,2045.61,5,0.0,1
3407,134,14,10,13,152.0,107.87,44.13,2,0.2,0
3408,601,5,4,20,11305.0,6377.38,4927.62,4,0.15,0
3409,306,29,10,1,264.0,188.49,75.51,4,0.0,0
3410,673,27,5,45,234.0,170.67,63.33,3,0.0,0
3411,907,11,7,37,7695.0,4339.12,3355.88,5,0.1,0
3412,453,4,1,1,2094.4,1271.03,823.37,4,0.2,0
3413,317,6,7,41,1152.0,747.13,404.87,2,0.0,0
3414,448,7,2,27,13149.5,9757.17,3392.33,5,0.15,1
3415,823,30,5,47,268.8,197.6,71.2,4,0.0,0
3416,425,18,6,4,1049.75,744.81,304.94,2,0.05,0
3417,642,6,10,33,1656.0,1119.51,536.49,3,0.0,0
3418,77,21,8,46,97.54,54.69,42.85,3,0.15,1
3419,554,1,7,31,2916.0,1701.2,1214.8,3,0.1,0
3420,283,12,10,1,23920.0,13920.97,9999.03,4,0.2,0
3421,502,23,7,13,361.25,269.65,91.6,5,0.15,0
3422,827,29,5,27,30.8,20.47,10.33,1,0.0,0
3423,995,21,10,14,44.55,32.75,11.8,1,0.1,1
3424,993,24,10,35,1108.8,830.99,277.81,3,0.2,0
3425,528,20,9,28,384.75,268.56,116.19,1,0.1,1
3426,643,1,5,39,2760.0,1972.6,787.4,2,0.0,0
3427,894,10,4,9,452.2,268.83,183.37,2,0.15,0
3428,781,4,3,7,1963.5,1295.15,668.35,2,0.15,0
3429,1093,26,2,43,29.7,19.99,9.71,1,0.0,0
3430,696,8,5,2,907.8,512.59,395.21,1,0.15,0
3431,895,24,3,9,638.4,426.65,211.75,2,0.2,0
3432,623,16,5,12,3080.0,1938.98,1141.02,2,0.0,0
3433,1033,23,8,5,391.0,254.24,136.76,5,0.2,0
3434,264,7,8,34,24310.0,15719.23,8590.77,5,0.15,0
3435,595,3,7,34,586.62,404.48,182.14,1,0.05,1
3436,410,23,5,37,254.36,155.46,98.9,3,0.05,0
3437,556,13,1,49,364.5,231.7,132.8,3,0.1,0
3438,552,19,7,13,5400.0,4018.75,1381.25,5,0.0,0
3439,911,5,4,26,3325.0,2386.96,938.04,1,0.0,0
3440,289,14,2,25,437.0,241.0,196.0,4,0.0,0
3441,730,29,6,47,252.45,164.42,88.03,4,0.15,1
3442,677,16,9,26,5040.0,3529.62,1510.38,3,0.0,0
3443,1011,12,2,12,21303.75,13553.25,7750.5,3,0.05,0
3444,108,13,9,29,226.8,160.43,66.37,3,0.1,0
3445,1088,28,3,19,51.3,28.95,22.35,1,0.0,0
3446,523,11,2,10,3420.0,2470.32,949.68,2,0.0,0
3447,1050,19,10,31,4320.0,2500.17,1819.83,3,0.0,0
3448,414,7,9,27,25935.0,14352.37,11582.63,5,0.05,0
3449,652,27,8,3,71.01,39.34,31.67,1,0.05,0
3450,398,2,10,20,8820.0,6467.37,2352.63,3,0.0,0
3451,843,2,3,3,5712.0,3197.02,2514.98,3,0.15,0
3452,1096,8,1,39,3063.83,1727.49,1336.34,3,0.15,0
3453,25,19,7,41,1056.0,709.08,346.92,1,0.2,0
3454,998,5,5,22,6930.0,4183.95,2746.05,2,0.1,0
3455,798,20,5,34,382.5,234.68,147.82,1,0.0,0
3456,420,12,7,49,27300.0,20408.7,6891.3,4,0.0,1
3457,30,19,6,32,2376.0,1426.18,949.82,2,0.1,0
3458,690,19,9,3,2448.0,1827.48,620.52,2,0.15,0
3459,514,9,3,42,256.0,152.74,103.26,1,0.2,0
3460,1087,20,3,22,3037.5,2041.52,995.98,5,0.0,0
3461,960,7,5,10,4940.0,2812.21,2127.79,1,0.0,0
3462,942,16,5,35,4788.0,2980.6,1807.4,4,0.05,0
3463,233,22,5,5,126.35,88.14,38.21,5,0.05,1
3464,1071,24,3,13,510.3,333.94,176.36,1,0.1,0
3465,656,26,9,26,101.2,74.64,26.56,5,0.2,0
3466,861,6,4,42,960.0,714.45,245.55,2,0.0,0
3467,739,24,9,25,1848.0,1119.87,728.13,5,0.2,0
3468,985,10,9,14,246.4,183.92,62.48,1,0.2,0
3469,6,13,7,12,825.0,562.19,262.81,5,0.0,0
3470,178,12,2,34,5866.25,3861.03,2005.22,1,0.05,0
3471,301,29,7,24,170.77,104.59,66.18,3,0.1,0
3472,48,30,7,10,252.0,161.79,90.21,2,0.0,0
3473,971,4,8,40,4702.5,2611.74,2090.76,5,0.1,0
3474,351,8,8,44,6007.5,3347.27,2660.23,5,0.0,0
3475,878,11,5,46,7650.0,5183.28,2466.72,5,0.15,0
3476,575,26,8,29,99.0,68.37,30.63,5,0.0,0
3477,912,14,8,21,270.75,181.04,89.71,3,0.0,0
3478,82,27,8,48,104.97,68.53,36.44,2,0.05,0
3479,133,11,8,39,1620.0,1079.25,540.75,1,0.1,0
3480,800,6,7,36,734.4,442.63,291.77,2,0.1,0
3481,842,7,9,2,8320.0,5716.25,2603.75,2,0.0,0
3482,310,8,10,26,1068.0,611.86,456.14,1,0.0,0
3483,58,21,6,48,42.52,30.86,11.66,1,0.1,0
3484,317,30,10,42,648.0,439.81,208.19,5,0.1,0
3485,202,17,3,2,1368.0,1002.86,365.14,4,0.0,0
3486,76,28,2,4,116.28,67.02,49.26,4,0.1,0
3487,301,19,9,10,4968.0,3335.21,1632.79,4,0.1,0
3488,563,29,9,43,168.3,102.79,65.51,4,0.15,1
3489,95,8,6,3,1893.92,1165.86,728.06,4,0.05,0
3490,848,28,9,47,60.8,37.55,23.25,2,0.0,0
3491,28,26,8,29,41.14,23.46,17.68,2,0.15,0
3492,447,4,6,22,1668.97,932.19,736.78,3,0.15,0
3493,652,15,1,23,4301.0,2446.08,1854.92,2,0.15,0
3494,456,17,5,46,638.4,356.83,281.57,3,0.0,0
3495,1043,18,4,7,780.0,438.97,341.03,1,0.0,1
3496,106,21,2,49,50.4,37.58,12.82,2,0.0,0
3497,101,7,7,35,11648.0,7161.89,4486.11,4,0.0,0
3498,1094,20,2,48,546.75,370.57,176.18,1,0.1,0
3499,923,20,8,35,324.0,235.38,88.62,1,0.2,0
3500,620,26,5,23,87.12,53.0,34.12,4,0.1,0
3501,969,19,5,2,1824.0,1284.88,539.12,2,0.2,0
3502,876,10,1,5,1120.0,826.03,293.97,4,0.0,0
3503,983,7,8,33,9152.0,5251.46,3900.54,2,0.2,0
3504,1021,12,8,46,13455.0,9849.09,3605.91,2,0.1,0
3505,900,8,2,33,3043.8,2145.28,898.52,4,0.1,0
3506,78,5,10,6,8032.5,5009.53,3022.97,3,0.1,0
3507,624,21,3,15,99.0,60.39,38.61,2,0.0,0
3508,764,3,9,23,1842.75,1104.71,738.04,3,0.1,0
3509,797,1,8,14,3060.0,2169.36,890.64,3,0.0,0
3510,522,13,3,47,142.5,99.55,42.95,1,0.0,0
3511,581,21,2,41,171.0,119.38,51.62,4,0.0,1
3512,236,14,2,29,90.25,49.87,40.38,1,0.0,0
3513,340,3,9,43,833.62,552.61,281.01,1,0.05,0
3514,588,29,2,15,125.4,75.83,49.57,3,0.2,0
3515,120,23,10,17,238.0,163.93,74.07,5,0.0,0
3516,590,1,3,38,2052.0,1294.84,757.16,2,0.1,0
3517,495,7,1,10,16640.0,11263.33,5376.67,4,0.2,1
3518,61,19,10,25,2040.0,1349.59,690.41,2,0.0,0
3519,773,15,8,8,9817.5,6140.95,3676.55,5,0.15,0
3520,892,3,1,9,1574.62,990.17,584.45,3,0.15,0
3521,357,26,1,9,59.4,40.75,18.65,2,0.0,1
3522,551,20,10,35,405.0,295.62,109.38,1,0.0,0
3523,897,14,9,15,342.95,213.18,129.77,4,0.05,0
3524,193,16,8,40,1260.0,730.73,529.27,1,0.0,0
3525,827,4,5,19,554.4,323.13,231.27,1,0.1,0
3526,718,3,8,20,3510.0,2235.37,1274.63,4,0.0,0
3527,772,27,1,8,324.19,194.28,129.91,5,0.05,0
3528,778,7,2,37,21840.0,15289.91,6550.09,5,0.2,0
3529,782,29,10,41,173.25,115.48,57.77,3,0.0,0
3530,375,16,8,25,3696.0,2101.31,1594.69,3,0.2,0
3531,54,7,9,21,5460.0,3814.3,1645.7,1,0.0,0
3532,131,24,4,18,1071.0,643.85,427.15,3,0.15,0
3533,986,5,3,35,19250.0,12792.25,6457.75,5,0.0,0
3534,494,8,2,17,2670.0,1670.34,999.66,3,0.0,0
3535,172,12,8,19,24700.0,14562.99,10137.01,5,0.2,0
3536,235,9,10,30,1368.0,880.05,487.95,5,0.1,0
3537,438,3,3,45,552.5,305.42,247.08,1,0.0,0
3538,500,15,8,42,8360.0,4756.44,3603.56,4,0.05,0
3539,1083,26,6,33,29.7,16.93,12.77,1,0.0,0
3540,984,8,2,20,1762.2,998.92,763.28,2,0.1,0
3541,133,9,4,28,1152.0,728.65,423.35,4,0.1,0
3542,31,16,9,5,7315.0,4165.63,3149.37,5,0.05,0
3543,831,21,9,21,144.0,82.91,61.09,4,0.0,0
3544,109,14,9,42,53.2,38.45,14.75,1,0.0,0
3545,406,8,2,24,2803.5,1938.19,865.31,3,0.0,0
3546,828,2,1,12,3136.0,1840.84,1295.16,2,0.0,0
3547,687,21,6,45,45.9,28.24,17.66,1,0.15,0
3548,345,10,2,7,907.2,526.79,380.41,3,0.2,0
3549,984,2,2,21,3080.0,1890.97,1189.03,1,0.0,0
3550,291,1,2,26,5520.0,3263.21,2256.79,4,0.0,0
3551,289,5,3,9,12075.0,6717.34,5357.66,3,0.0,0
3552,268,6,3,4,1504.8,869.73,635.07,3,0.05,0
3553,95,28,2,8,42.56,27.95,14.61,2,0.0,0
3554,207,7,4,42,9360.0,5487.83,3872.17,2,0.0,0
3555,240,26,4,11,35.53,23.79,11.74,2,0.15,0
3556,844,22,5,22,44.8,27.37,17.43,2,0.0,0
3557,612,25,5,40,146.3,103.67,42.63,4,0.05,0
3558,1049,14,7,13,342.0,239.09,102.91,3,0.0,0
3559,731,8,7,49,3328.6,2276.78,1051.82,4,0.15,0
3560,497,9,10,36,960.0,647.39,312.61,3,0.0,0
3561,730,13,2,22,384.75,287.16,97.59,2,0.05,0
3562,681,19,2,18,4608.0,3361.28,1246.72,4,0.2,1
3563,758,26,4,41,121.0,81.54,39.46,5,0.0,0
3564,615,4,5,31,3630.0,2177.43,1452.57,3,0.0,0
3565,760,6,5,29,1267.2,796.77,470.43,3,0.2,0
3566,478,11,4,36,6120.0,4209.83,1910.17,5,0.15,1
3567,261,25,10,36,98.18,58.9,39.28,3,0.15,0
3568,796,16,10,10,3570.0,2205.37,1364.63,3,0.0,0
3569,938,28,7,13,171.0,105.13,65.87,5,0.0,0
3570,587,14,9,22,383.56,243.88,139.68,5,0.15,0
3571,54,14,2,26,498.75,303.84,194.91,5,0.0,0
3572,485,20,10,49,1440.0,981.29,458.71,5,0.2,0
3573,726,28,4,44,256.5,146.28,110.22,5,0.0,1
3574,1056,21,4,45,216.0,120.06,95.94,4,0.0,0
3575,427,16,3,25,1130.5,778.04,352.46,1,0.05,0
3576,9,4,5,35,5747.5,4097.41,1650.09,5,0.05,1
3577,40,18,3,25,1842.75,1090.17,752.58,3,0.1,0
3578,251,10,7,13,1232.0,750.99,481.01,5,0.2,0
3579,813,6,6,42,685.44,396.75,288.69,3,0.2,0
3580,337,13,5,23,810.0,594.08,215.92,4,0.0,0
3581,223,15,3,48,8360.0,5946.51,2413.49,5,0.2,0
3582,616,1,4,26,6600.0,4297.43,2302.57,5,0.0,0
3583,225,6,7,45,1550.4,943.3,607.1,4,0.15,0
3584,840,15,1,27,8800.0,5224.47,3575.53,5,0.0,0
3585,228,2,2,25,2660.0,1649.15,1010.85,1,0.0,0
3586,57,4,7,50,2079.0,1393.61,685.39,2,0.1,0
3587,70,25,2,13,59.5,35.96,23.54,2,0.0,0
3588,976,30,7,31,224.4,135.7,88.7,2,0.15,0
3589,577,2,10,35,7560.0,5259.3,2300.7,3,0.0,1
3590,890,16,10,14,1330.0,995.9,334.1,1,0.0,1
3591,187,4,7,1,2673.0,1820.02,852.98,3,0.1,0
3592,171,25,1,4,84.79,61.88,22.91,3,0.15,0
3593,80,5,9,36,9520.0,6029.96,3490.04,4,0.2,0
3594,68,24,2,40,1785.0,1069.73,715.27,5,0.0,0
3595,411,9,9,48,1008.0,665.99,342.01,3,0.0,1
3596,123,7,6,13,4940.0,2777.65,2162.35,1,0.05,0
3597,197,16,10,7,2268.0,1420.75,847.25,2,0.1,0
3598,985,4,2,32,1210.0,877.71,332.29,1,0.0,0
3599,201,19,5,2,2160.0,1579.48,580.52,2,0.0,0
3600,9,6,9,36,528.0,300.12,227.88,1,0.0,0
3601,1093,15,5,21,5643.0,4157.63,1485.37,2,0.05,0
3602,437,14,8,33,230.14,144.09,86.05,3,0.05,0
3603,385,20,2,16,1980.0,1470.74,509.26,5,0.2,0
3604,1023,10,10,8,1288.0,909.96,378.04,4,0.0,1
3605,347,8,3,8,3604.5,2614.69,989.81,3,0.0,0
3606,487,3,6,14,1950.0,1232.78,717.22,3,0.0,0
3607,380,13,2,27,825.0,588.08,236.92,5,0.0,0
3608,662,6,8,48,1656.0,911.47,744.53,3,0.0,0
3609,580,16,2,46,4788.0,3153.19,1634.81,4,0.1,0
3610,566,17,9,23,1299.6,871.9,427.7,4,0.05,0
3611,453,2,1,24,1499.4,1121.67,377.73,1,0.1,0
3612,698,14,8,23,456.0,284.14,171.86,4,0.0,0
3613,607,29,3,12,177.65,123.45,54.2,4,0.15,0
3614,799,13,3,49,363.38,226.53,136.85,3,0.05,0
3615,17,16,1,43,1540.0,937.57,602.43,1,0.0,1
3616,563,4,4,1,3564.0,2422.3,1141.7,4,0.1,1
3617,369,9,1,45,1672.0,1179.77,492.23,5,0.05,0
3618,11,1,7,27,5940.0,3337.09,2602.91,5,0.1,0
3619,206,16,3,35,2520.0,1623.74,896.26,2,0.0,0
3620,1028,24,2,8,1159.2,821.35,337.85,3,0.2,0
3621,470,5,9,10,3920.0,2591.96,1328.04,2,0.0,0
3622,569,16,6,10,6300.0,3915.97,2384.03,5,0.0,0
3623,609,2,1,18,3080.0,2141.39,938.61,1,0.0,0
3624,927,20,2,15,972.0,554.39,417.61,3,0.2,0
3625,505,12,1,50,19500.0,11967.87,7532.13,3,0.0,0
3626,908,30,3,11,513.0,295.62,217.38,5,0.1,0
3627,895,10,2,41,758.1,501.34,256.76,3,0.05,0
3628,952,17,4,2,649.8,359.62,290.18,2,0.1,0
3629,615,4,10,19,3630.0,2215.23,1414.77,3,0.0,0
3630,259,26,9,49,20.57,12.39,8.18,1,0.15,0
3631,840,26,8,19,31.68,17.65,14.03,2,0.1,0
3632,1045,22,9,40,67.2,42.14,25.06,2,0.0,0
3633,1020,30,9,42,117.3,87.87,29.43,1,0.15,0
3634,237,22,3,7,42.56,29.03,13.53,2,0.2,0
3635,911,9,4,47,1094.4,727.93,366.47,4,0.1,0
3636,680,18,6,23,2496.0,1558.54,937.46,4,0.2,0
3637,43,18,5,12,2900.62,1595.73,1304.89,5,0.15,0
3638,881,19,1,45,3600.0,2623.58,976.42,3,0.0,0
3639,879,1,7,5,1140.0,702.6,437.4,1,0.05,0
3640,479,15,5,24,7040.0,3988.86,3051.14,4,0.0,0
3641,910,14,2,15,306.85,203.14,103.71,4,0.15,0
3642,120,5,6,15,1764.0,1069.11,694.89,1,0.1,0
3643,817,20,10,11,1071.0,674.25,396.75,5,0.2,0
3644,942,25,8,12,75.6,54.83,20.77,3,0.2,0
3645,578,22,3,16,53.2,31.11,22.09,2,0.0,0
3646,10,25,1,18,36.58,25.31,11.27,1,0.05,0
3647,678,11,4,26,10800.0,6647.68,4152.32,5,0.0,0
3648,940,10,10,2,1008.0,722.55,285.45,4,0.0,0
3649,776,1,3,18,2520.0,1613.9,906.1,2,0.0,0
3650,437,8,3,40,1929.07,1292.39,636.68,3,0.15,0
3651,456,28,2,21,85.12,49.19,35.93,5,0.2,0
3652,95,9,1,9,851.2,534.95,316.25,5,0.05,1
3653,186,15,3,7,7920.0,5862.83,2057.17,4,0.0,0
3654,269,1,5,6,5016.0,3302.11,1713.89,4,0.05,0
3655,245,12,4,38,13585.0,8510.87,5074.13,2,0.05,0
3656,11,13,4,9,396.0,220.41,175.59,3,0.2,0
3657,473,19,3,33,672.0,441.05,230.95,1,0.0,1
3658,734,1,3,10,1254.0,713.58,540.42,1,0.05,0
3659,218,19,4,42,2280.0,1424.39,855.61,2,0.0,0
3660,998,3,10,4,715.0,485.65,229.35,1,0.0,0
3661,700,14,2,25,256.5,184.25,72.25,2,0.0,0
3662,576,23,8,5,325.12,202.78,122.34,5,0.15,1
3663,634,1,8,38,5280.0,3852.84,1427.16,5,0.2,0
3664,586,26,6,47,41.8,29.2,12.6,2,0.0,0
3665,789,21,8,30,189.0,106.8,82.2,5,0.2,0
3666,594,15,5,16,8360.0,5906.12,2453.88,4,0.0,0
3667,606,25,6,13,141.31,103.51,37.8,5,0.15,1
3668,925,16,7,27,5040.0,2830.88,2209.12,4,0.0,0
3669,965,21,7,5,85.5,60.43,25.07,2,0.0,0
3670,178,27,6,31,308.75,194.93,113.82,5,0.0,0
3671,123,5,3,16,2975.0,1704.01,1270.99,1,0.15,0
3672,905,1,7,41,3876.0,2463.26,1412.74,4,0.15,0
3673,278,5,4,44,16100.0,10591.07,5508.93,4,0.0,0
3674,147,28,3,25,161.5,98.01,63.49,5,0.15,0
3675,849,8,8,6,712.0,512.04,199.96,1,0.0,0
3676,395,1,1,2,2508.0,1795.82,712.18,2,0.05,0
3677,504,19,9,37,1920.0,1149.42,770.58,2,0.2,0
3678,425,5,5,28,8032.5,5476.09,2556.41,3,0.1,0
3679,779,13,10,14,299.25,209.77,89.48,2,0.05,0
3680,529,4,8,43,5225.0,3711.26,1513.74,5,0.0,0
3681,702,19,2,22,2916.0,1685.13,1230.87,2,0.1,0
3682,563,22,1,25,75.6,52.17,23.43,3,0.0,0
3683,377,14,8,15,313.5,222.93,90.57,3,0.0,0
3684,573,11,6,15,3078.0,2277.83,800.17,2,0.05,0
3685,804,11,7,40,4069.8,2450.16,1619.64,4,0.05,0
3686,602,19,7,11,2280.0,1625.25,654.75,2,0.0,0
3687,753,27,2,2,203.78,137.57,66.21,3,0.05,0
3688,847,19,3,37,3840.0,2406.2,1433.8,4,0.0,1
3689,225,5,1,27,5320.0,3401.94,1918.06,2,0.2,0
3690,1009,6,10,15,1407.6,780.31,627.29,3,0.15,0
3691,442,9,5,9,272.0,180.91,91.09,1,0.0,0
3692,761,29,1,12,96.8,57.03,39.77,2,0.2,1
3693,946,18,1,19,1759.88,1222.43,537.45,3,0.05,0
3694,281,12,2,34,19061.25,12982.39,6078.86,3,0.15,0
3695,417,8,10,34,1869.0,1137.33,731.67,2,0.0,0
3696,295,25,4,13,136.85,95.28,41.57,4,0.15,0
3697,115,30,10,45,201.6,113.46,88.14,3,0.0,1
3698,1000,13,8,1,660.0,416.72,243.28,4,0.0,0
3699,288,28,9,28,87.4,50.04,37.36,2,0.0,1
3700,311,1,1,47,7200.0,4684.87,2515.13,5,0.0,0
3701,795,27,5,50,276.25,163.24,113.01,5,0.0,0
3702,867,28,8,44,180.5,100.1,80.4,5,0.05,0
3703,341,23,9,39,436.05,302.95,133.1,4,0.05,0
3704,424,13,1,22,425.25,311.91,113.34,3,0.1,1
3705,273,1,9,24,5280.0,3504.08,1775.92,4,0.0,0
3706,233,28,4,10,97.47,60.81,36.66,3,0.1,0
3707,441,12,1,42,5525.0,3158.4,2366.6,1,0.0,0
3708,802,4,8,23,2781.62,1914.27,867.35,5,0.15,0
3709,123,18,1,14,2762.5,1800.91,961.59,5,0.15,0
3710,74,10,5,41,238.0,144.32,93.68,1,0.0,0
3711,131,12,7,25,32500.0,18368.01,14131.99,5,0.0,0
3712,677,7,9,41,6240.0,4074.78,2165.22,1,0.0,0
3713,636,15,6,23,12100.0,7131.95,4968.05,5,0.0,0
3714,25,4,7,34,3448.5,2091.05,1357.45,3,0.05,0
3715,924,18,5,3,526.5,293.49,233.01,1,0.1,1
3716,211,13,10,34,573.75,396.26,177.49,5,0.15,0
3717,211,14,2,7,230.85,169.81,61.04,3,0.1,0
3718,1060,14,2,6,513.0,330.37,182.63,5,0.1,0
3719,899,12,10,48,30875.0,21081.42,9793.58,5,0.0,0
3720,135,16,1,47,3360.0,1866.87,1493.13,3,0.2,1
3721,425,12,4,17,14088.75,9267.91,4820.84,3,0.15,0
3722,865,11,8,46,3240.0,2021.51,1218.49,2,0.1,0
3723,491,8,10,42,3560.0,2499.89,1060.11,5,0.2,0
3724,327,13,7,43,360.0,231.7,128.3,2,0.0,0
3725,988,11,9,3,1683.0,1036.81,646.19,1,0.15,0
3726,872,14,9,32,380.0,224.81,155.19,5,0.2,0
3727,415,1,3,33,3780.0,2198.14,1581.86,3,0.0,0
3728,367,16,7,28,6930.0,4935.71,1994.29,5,0.1,0
3729,649,3,6,48,747.5,458.96,288.54,1,0.0,0
3730,760,10,7,7,616.0,437.83,178.17,2,0.0,0
3731,391,30,1,35,627.0,360.53,266.47,5,0.05,0
3732,17,21,8,49,89.1,64.42,24.68,2,0.1,0
3733,991,26,8,31,82.28,60.89,21.39,4,0.15,0
3734,1027,10,3,21,547.4,381.26,166.14,2,0.15,0
3735,799,7,1,50,22100.0,12193.1,9906.9,5,0.0,1
3736,300,3,1,10,2242.5,1320.14,922.36,3,0.0,0
3737,1002,7,1,23,18304.0,13075.1,5228.9,4,0.2,0
3738,962,4,10,46,4180.0,2865.69,1314.31,4,0.0,0
3739,973,4,7,24,4963.75,3077.39,1886.36,5,0.05,0
3740,933,14,5,3,384.75,267.28,117.47,5,0.1,0
3741,481,7,5,50,12480.0,6907.59,5572.41,3,0.0,0
3742,312,6,5,9,1958.4,1356.25,602.15,4,0.15,0
3743,940,20,4,45,810.0,581.22,228.78,2,0.0,0
3744,530,8,10,46,803.22,445.18,358.04,1,0.05,0
3745,980,22,4,27,24.64,14.11,10.53,1,0.2,0
3746,235,3,6,3,617.5,348.18,269.32,1,0.0,0
3747,311,14,1,2,570.0,328.84,241.16,5,0.0,0
3748,428,22,5,30,64.26,41.2,23.06,3,0.1,0
3749,417,8,6,19,4205.25,2913.17,1292.08,5,0.1,0
3750,183,20,3,7,1093.5,689.54,403.96,3,0.1,0
3751,517,13,4,46,676.88,505.62,171.26,5,0.05,0
3752,581,22,4,10,26.6,15.12,11.48,1,0.0,1
3753,1014,23,3,43,371.45,231.4,140.05,4,0.05,0
3754,291,10,7,35,966.0,697.13,268.87,3,0.0,0
3755,341,24,8,43,1134.0,624.29,509.71,2,0.0,0
3756,290,1,9,26,1380.0,842.96,537.04,1,0.0,0
3757,36,11,2,38,1701.0,1196.04,504.96,1,0.1,0
3758,294,16,2,26,2737.0,1536.56,1200.44,2,0.15,0
3759,406,8,6,27,1775.55,1189.01,586.54,2,0.05,0
3760,412,26,1,6,23.1,16.04,7.06,1,0.0,0
3761,1078,27,10,38,175.5,115.94,59.56,2,0.0,0
3762,8,26,5,35,24.2,15.86,8.34,1,0.0,1
3763,473,11,5,5,2721.6,1976.31,745.29,3,0.1,0
3764,369,20,1,40,990.0,727.35,262.65,2,0.0,0
3765,909,14,7,6,144.4,91.48,52.92,2,0.2,0
3766,51,17,2,9,678.3,459.23,219.07,2,0.15,0
3767,715,28,10,20,174.42,130.17,44.25,4,0.15,0
3768,8,28,6,46,83.6,62.59,21.01,2,0.0,0
3769,181,2,6,44,13300.0,9108.75,4191.25,5,0.0,0
3770,18,28,10,28,167.2,112.18,55.02,4,0.0,0
3771,595,5,2,36,16625.0,11627.51,4997.49,5,0.0,0
3772,865,20,4,31,1530.0,1105.74,424.26,4,0.15,0
3773,213,13,8,28,484.5,350.47,134.03,4,0.15,0
3774,981,13,3,43,742.5,528.73,213.77,5,0.1,0
3775,484,14,9,34,228.0,129.4,98.6,3,0.0,0
3776,331,15,7,12,13200.0,7745.96,5454.04,5,0.0,0
3777,910,17,9,1,1534.25,1054.88,479.37,5,0.15,0
3778,814,3,7,21,773.5,510.56,262.94,2,0.0,0
3779,2,15,5,38,12100.0,8611.38,3488.62,5,0.0,0
3780,218,5,6,22,15793.75,10203.62,5590.13,5,0.05,0
3781,661,20,8,25,1552.5,1024.35,528.15,3,0.0,0
3782,757,24,9,2,1386.0,1018.51,367.49,3,0.0,1
3783,596,4,8,7,4180.0,2702.66,1477.34,4,0.0,0
3784,144,27,3,38,156.0,98.17,57.83,3,0.2,0
3785,1095,18,8,6,702.0,523.27,178.73,1,0.2,0
3786,81,2,6,50,2380.0,1650.96,729.04,1,0.0,0
3787,553,20,3,34,1458.0,1045.46,412.54,4,0.1,0
3788,949,2,4,42,2128.0,1230.54,897.46,1,0.2,0
3789,253,4,3,22,1210.0,821.29,388.71,1,0.0,0
3790,74,16,5,11,4760.0,3540.53,1219.47,5,0.2,0
3791,706,5,3,11,7560.0,4443.82,3116.18,2,0.2,0
3792,244,21,9,2,198.0,144.0,54.0,4,0.0,0
3793,1021,21,4,2,82.8,49.87,32.93,2,0.2,0
3794,789,21,7,9,120.49,85.67,34.82,3,0.15,0
3795,490,16,5,2,3990.0,2900.04,1089.96,3,0.05,0
3796,568,10,7,43,1260.0,920.13,339.87,5,0.0,0
3797,1016,9,1,47,1324.8,967.96,356.84,4,0.1,0
3798,742,21,5,17,148.5,89.23,59.27,3,0.0,0
3799,575,13,7,36,573.75,409.97,163.78,5,0.15,0
3800,1053,7,5,33,9984.0,6083.6,3900.4,2,0.2,0
3801,469,22,6,42,74.48,50.35,24.13,5,0.05,0
3802,1013,7,7,26,16146.0,9891.65,6254.35,3,0.1,0
3803,944,16,6,34,5320.0,3909.47,1410.53,4,0.0,1
3804,596,8,3,50,2705.6,1923.24,782.36,4,0.2,0
3805,516,10,4,47,1008.0,693.61,314.39,4,0.1,0
3806,65,12,1,49,16575.0,11767.29,4807.71,3,0.0,0
3807,66,20,3,35,1090.12,700.62,389.5,3,0.05,0
3808,17,2,8,13,9240.0,6778.03,2461.97,3,0.0,0
3809,402,19,1,45,4788.0,2851.04,1936.96,4,0.05,0
3810,291,28,10,21,111.43,78.86,32.57,3,0.15,0
3811,10,8,9,2,930.05,537.14,392.91,1,0.05,0
3812,720,4,6,3,2524.5,1740.49,784.01,2,0.15,0
3813,704,1,3,36,1620.0,958.95,661.05,1,0.0,0
3814,133,5,8,39,8400.0,5768.75,2631.25,3,0.2,0
3815,477,27,4,49,187.2,135.1,52.1,4,0.1,0
3816,386,3,2,8,1430.0,974.35,455.65,2,0.0,0
3817,563,28,3,26,102.6,74.59,28.01,3,0.0,0
3818,306,18,7,44,3120.0,2219.02,900.98,4,0.0,0
3819,105,17,6,32,383.04,225.41,157.63,2,0.1,0
3820,717,12,5,22,8775.0,5935.27,2839.73,1,0.0,0
3821,84,26,10,41,16.83,10.04,6.79,1,0.1,0
3822,977,22,5,23,92.4,64.79,27.61,3,0.0,0
3823,930,23,1,49,306.0,197.3,108.7,4,0.0,0
3824,221,14,8,13,171.47,102.89,68.58,2,0.05,0
3825,288,28,2,43,104.88,67.66,37.22,3,0.2,1
3826,342,25,7,17,47.25,33.11,14.14,1,0.0,0
3827,528,17,2,33,1371.8,798.33,573.47,4,0.05,0
3828,122,14,10,15,85.5,61.26,24.24,1,0.1,0
3829,482,30,10,39,288.0,183.5,104.5,3,0.0,0
3830,122,10,6,3,714.0,480.6,233.4,3,0.15,0
3831,293,30,3,44,524.4,312.29,212.11,4,0.05,0
3832,355,25,4,18,75.6,53.3,22.3,2,0.2,1
3833,1087,2,5,33,9072.0,6687.44,2384.56,3,0.2,0
3834,312,2,3,24,13440.0,8043.28,5396.72,5,0.2,0
3835,95,28,3,36,34.05,23.65,10.4,2,0.2,0
3836,523,5,8,24,9476.25,5929.47,3546.78,3,0.05,0
3837,131,4,6,19,5500.0,3848.34,1651.66,5,0.0,0
3838,398,29,2,34,98.17,59.87,38.3,2,0.15,0
3839,763,8,2,3,1588.65,1185.55,403.1,2,0.15,0
3840,244,22,2,21,29.26,16.95,12.31,1,0.05,0
3841,958,20,3,25,1026.0,577.48,448.52,3,0.2,0
3842,332,17,2,28,775.2,521.61,253.59,2,0.15,0
3843,1032,16,4,40,3220.0,1834.08,1385.92,2,0.0,0
3844,814,19,2,21,2856.0,1958.87,897.13,4,0.0,0
3845,992,4,1,23,2178.0,1421.73,756.27,2,0.1,0
3846,3,15,5,23,10285.0,6929.52,3355.48,5,0.15,0
3847,765,28,4,4,119.7,73.44,46.26,3,0.0,0
3848,364,1,3,50,5508.0,3918.3,1589.7,4,0.15,0
3849,1013,18,10,3,1270.75,937.85,332.9,2,0.15,0
3850,114,6,10,21,1276.8,817.81,458.99,5,0.05,0
3851,487,21,1,18,40.5,28.6,11.9,1,0.1,0
3852,560,14,8,44,256.5,173.16,83.34,3,0.0,0
3853,300,8,7,35,5117.5,2860.33,2257.17,5,0.0,1
3854,271,15,3,5,1936.0,1355.33,580.67,1,0.2,0
3855,501,9,7,4,288.0,176.29,111.71,1,0.1,0
3856,202,8,9,43,4005.0,2492.44,1512.56,5,0.0,0
3857,65,25,9,48,50.57,35.21,15.36,2,0.15,1
3858,793,17,2,47,1292.0,817.92,474.08,4,0.0,0
3859,177,21,8,16,153.9,85.03,68.87,4,0.1,0
3860,628,21,8,28,198.0,110.73,87.27,4,0.0,0
3861,266,3,5,45,572.0,320.36,251.64,1,0.2,0
3862,19,15,2,28,4840.0,3204.69,1635.31,2,0.0,0
3863,57,26,9,39,69.3,40.61,28.69,3,0.0,0
3864,1084,12,2,49,7020.0,4681.13,2338.87,1,0.2,0
3865,543,26,5,24,62.7,39.76,22.94,3,0.0,0
3866,810,12,6,25,3480.75,2043.94,1436.81,1,0.1,0
3867,161,8,8,29,718.67,503.82,214.85,1,0.15,0
3868,851,25,3,28,50.4,31.29,19.11,2,0.1,0
3869,823,25,7,50,70.56,41.9,28.66,4,0.1,0
3870,745,16,4,30,1540.0,1014.7,525.3,1,0.0,0
3871,979,24,5,3,785.4,453.93,331.47,2,0.15,0
3872,592,22,7,5,79.8,56.46,23.34,3,0.0,1
3873,361,16,7,14,3780.0,2303.42,1476.58,2,0.0,0
3874,147,26,8,27,18.7,11.4,7.3,1,0.15,0
3875,210,12,3,19,29250.0,16746.76,12503.24,5,0.0,0
3876,1090,24,7,14,2268.0,1464.76,803.24,4,0.0,0
3877,796,11,7,35,7267.5,4859.28,2408.22,5,0.05,1
3878,45,7,7,36,21840.0,16210.92,5629.08,5,0.2,0
3879,570,18,4,32,2486.25,1480.73,1005.52,5,0.15,0
3880,162,25,6,37,56.52,41.85,14.67,2,0.15,0
3881,233,22,3,31,25.27,15.57,9.7,1,0.05,0
3882,132,2,5,4,9520.0,7019.37,2500.63,4,0.15,0
3883,193,3,9,29,1170.0,763.67,406.33,2,0.0,0
3884,255,17,4,2,376.2,215.5,160.7,1,0.1,0
3885,821,21,1,31,68.28,43.67,24.61,3,0.15,0
3886,1067,21,5,37,243.0,161.92,81.08,4,0.0,0
3887,117,11,3,9,957.6,550.47,407.13,1,0.05,0
3888,839,26,6,27,47.52,33.15,14.37,3,0.1,0
3889,1095,22,2,1,151.2,98.05,53.15,4,0.0,0
3890,642,14,4,7,437.0,312.81,124.19,4,0.0,0
3891,945,12,6,29,10497.5,7593.33,2904.17,2,0.15,0
3892,858,20,5,39,1800.0,1165.68,634.32,4,0.0,0
3893,146,3,10,14,2600.0,1788.67,811.33,5,0.2,0
3894,110,13,9,11,84.0,59.03,24.97,1,0.0,0
3895,27,16,2,28,6160.0,3620.26,2539.74,4,0.0,0
3896,352,4,7,15,2821.5,2071.5,750.0,2,0.05,0
3897,496,3,8,40,3250.0,1961.54,1288.46,5,0.0,0
3898,93,10,10,4,297.92,203.93,93.99,2,0.05,0
3899,606,12,9,50,16672.5,9919.83,6752.67,3,0.1,0
3900,481,22,10,38,89.6,64.17,25.43,5,0.2,0
3901,571,24,4,39,756.0,553.51,202.49,2,0.0,0
3902,701,4,8,18,1188.0,796.01,391.99,1,0.2,0
3903,661,18,2,41,1794.0,1163.78,630.22,3,0.2,0
3904,368,29,2,46,102.85,60.43,42.42,2,0.15,0
3905,249,23,9,26,168.3,112.7,55.6,2,0.1,0
3906,201,27,4,47,292.5,179.5,113.0,5,0.0,0
3907,798,7,1,39,8840.0,6443.93,2396.07,2,0.0,0
3908,820,17,6,50,1130.5,768.88,361.62,5,0.0,0
3909,627,12,10,35,28600.0,19331.53,9268.47,4,0.0,1
3910,66,18,10,39,939.25,536.8,402.45,2,0.15,0
3911,386,11,2,27,7128.0,4012.17,3115.83,4,0.1,0
3912,442,20,8,13,1453.5,807.79,645.71,4,0.05,0
3913,248,16,4,46,4620.0,3193.66,1426.34,3,0.0,0
3914,272,21,3,42,84.15,60.6,23.55,2,0.15,0
3915,1076,29,4,4,252.45,184.91,67.54,4,0.15,0
3916,481,14,6,20,76.0,55.35,20.65,1,0.0,0
3917,635,10,5,11,739.2,550.26,188.94,3,0.2,0
3918,555,5,1,11,9450.0,6725.58,2724.42,3,0.0,0
3919,15,23,10,20,355.3,220.36,134.94,4,0.05,1
3920,187,4,9,28,990.0,626.97,363.03,1,0.0,0
3921,584,4,5,32,3135.0,2113.62,1021.38,3,0.0,0
3922,134,29,4,30,55.0,33.67,21.33,1,0.0,0
3923,615,27,6,6,357.5,232.99,124.51,5,0.0,0
3924,790,28,2,43,39.9,27.08,12.82,1,0.0,0
3925,655,20,5,12,2328.75,1741.94,586.81,5,0.1,0
3926,358,8,8,25,4565.7,3043.57,1522.13,4,0.05,1
3927,868,20,3,50,810.0,501.71,308.29,2,0.1,0
3928,786,3,10,17,546.0,307.44,238.56,1,0.2,0
3929,393,20,1,40,792.0,561.37,230.63,2,0.2,0
3930,305,10,1,25,1142.4,668.92,473.48,4,0.15,0
3931,554,14,4,13,218.02,142.47,75.55,3,0.15,0
3932,488,9,4,31,960.0,708.3,251.7,3,0.0,0
3933,781,14,10,17,89.78,57.18,32.6,1,0.1,0
3934,590,6,5,16,2280.0,1428.98,851.02,5,0.0,0
3935,274,18,6,22,710.12,428.77,281.35,1,0.05,0
3936,45,19,6,11,5355.0,3912.81,1442.19,5,0.15,0
3937,765,20,5,31,472.5,313.68,158.82,1,0.0,0
3938,865,10,6,14,756.0,430.33,325.67,3,0.1,0
3939,830,11,1,17,4032.0,2864.79,1167.21,4,0.0,0
3940,10,2,10,38,9240.0,5334.02,3905.98,3,0.0,0
3941,933,7,5,19,19890.0,12538.52,7351.48,5,0.15,0
3942,889,14,8,38,406.12,270.43,135.69,5,0.1,0
3943,837,23,2,30,54.4,39.31,15.09,1,0.2,0
3944,106,3,5,40,1456.0,824.33,631.67,4,0.0,1
3945,441,26,9,17,74.8,46.18,28.62,4,0.0,0
3946,735,14,7,47,313.5,213.34,100.16,3,0.0,0
3947,1035,14,1,44,103.79,67.28,36.51,1,0.05,0
3948,371,7,5,45,11440.0,7689.27,3750.73,2,0.0,0
3949,891,19,9,21,1140.0,700.92,439.08,1,0.0,1
3950,687,26,7,27,105.6,78.11,27.49,5,0.2,0
3951,637,2,3,46,9240.0,6551.91,2688.09,3,0.0,0
3952,966,27,9,38,123.5,87.72,35.78,2,0.0,0
3953,69,28,3,22,25.84,17.74,8.1,1,0.2,0
3954,663,28,8,28,69.92,43.72,26.2,2,0.2,0
3955,1054,26,2,41,84.48,59.24,25.24,4,0.2,0
3956,589,19,4,49,3648.0,2414.46,1233.54,4,0.2,0
3957,790,7,6,33,16380.0,9071.06,7308.94,3,0.0,0
3958,45,25,2,49,69.83,46.08,23.75,2,0.05,0
3959,683,3,10,42,1560.0,1094.84,465.16,2,0.0,0
3960,1032,28,6,10,166.06,102.97,63.09,4,0.05,0
3961,973,2,4,25,7581.0,4391.95,3189.05,3,0.05,1
3962,866,7,5,20,15600.0,10542.07,5057.93,3,0.0,0
3963,1042,25,10,25,84.0,47.96,36.04,2,0.0,0
3964,309,7,4,24,21216.0,13458.07,7757.93,4,0.15,0
3965,98,15,4,8,4928.0,2986.31,1941.69,4,0.0,0
3966,946,29,7,12,209.0,131.17,77.83,4,0.0,1
3967,911,18,6,45,555.75,373.94,181.81,1,0.1,1
3968,1001,27,8,17,228.8,165.13,63.67,4,0.2,0
3969,588,21,4,19,181.69,112.08,69.61,5,0.15,0
3970,390,15,8,17,1936.0,1368.37,567.63,1,0.2,0
3971,954,14,9,31,270.75,163.27,107.48,3,0.0,0
3972,984,14,8,23,104.5,69.95,34.55,1,0.0,0
3973,611,3,2,21,2288.0,1353.44,934.56,4,0.2,0
3974,122,20,10,4,382.5,265.27,117.23,1,0.15,0
3975,569,24,1,27,1077.3,669.45,407.85,3,0.05,0
3976,496,24,5,47,1260.0,754.53,505.47,3,0.0,1
3977,684,21,7,24,108.0,80.0,28.0,2,0.0,1
3978,267,14,7,3,83.6,62.0,21.6,1,0.2,0
3979,60,28,10,48,32.3,18.15,14.15,1,0.0,0
3980,631,19,6,27,1320.0,884.4,435.6,1,0.0,0
3981,1028,19,10,48,4416.0,2706.44,1709.56,4,0.2,0
3982,209,22,6,33,42.84,31.8,11.04,2,0.15,0
3983,567,13,7,5,344.25,210.43,133.82,3,0.15,0
3984,191,17,7,33,1162.8,639.55,523.25,4,0.15,0
3985,843,13,7,36,204.0,137.26,66.74,2,0.15,0
3986,273,12,7,22,32175.0,20108.91,12066.09,5,0.1,0
3987,139,9,3,45,544.0,324.39,219.61,2,0.15,0
3988,381,16,7,19,1540.0,932.7,607.3,1,0.0,0
3989,496,20,9,28,900.0,507.08,392.92,2,0.0,0
3990,138,7,2,35,19760.0,10995.38,8764.62,4,0.05,0
3991,924,28,4,14,153.9,110.44,43.46,5,0.1,0
3992,1025,11,3,17,8280.0,5986.02,2293.98,4,0.0,0
3993,6,7,6,39,17160.0,9791.88,7368.12,3,0.0,1
3994,341,30,4,33,550.8,327.8,223.0,4,0.15,0
3995,169,18,7,27,1482.0,1071.35,410.65,3,0.2,0
3996,196,7,2,14,14040.0,9141.39,4898.61,3,0.0,0
3997,290,12,9,24,14950.0,10915.6,4034.4,2,0.0,1
3998,652,18,2,23,1345.5,991.81,353.69,2,0.1,0
3999,747,21,3,45,47.03,31.04,15.99,1,0.05,0
4000,119,26,10,34,31.42,22.85,8.57,3,0.15,0
4001,156,30,3,36,456.0,283.72,172.28,4,0.0,0
4002,227,13,8,23,712.5,422.53,289.97,5,0.0,0
4003,199,19,4,20,4320.0,3200.77,1119.23,5,0.2,0
4004,85,24,1,13,1785.0,1274.18,510.82,5,0.0,0
4005,388,9,3,46,1408.0,823.13,584.87,5,0.2,1
4006,211,23,10,24,363.38,253.97,109.41,5,0.05,0
4007,107,27,10,48,36.4,20.48,15.92,1,0.0,0
4008,968,29,4,19,52.25,31.83,20.42,1,0.0,0
4009,403,8,2,22,2803.5,1651.7,1151.8,3,0.0,0
4010,129,11,4,3,3600.0,2562.1,1037.9,2,0.0,0
4011,922,15,9,6,1980.0,1333.19,646.81,1,0.0,1
4012,835,12,10,36,13260.0,9329.88,3930.12,3,0.15,0
4013,834,24,7,16,1008.0,753.57,254.43,3,0.0,0
4014,377,20,10,7,940.5,693.86,246.64,2,0.05,0
4015,547,11,3,4,6480.0,4451.03,2028.97,4,0.0,1
4016,211,1,7,7,3672.0,2299.07,1372.93,4,0.15,0
4017,36,2,9,41,5880.0,4015.04,1864.96,2,0.0,0
4018,253,13,9,10,528.0,343.57,184.43,4,0.2,0
4019,172,21,8,23,171.0,116.29,54.71,4,0.0,0
4020,782,5,1,34,6247.5,3774.73,2472.77,2,0.15,0
4021,177,24,1,1,1077.3,642.16,435.14,3,0.1,0
4022,721,16,3,49,3402.0,2297.91,1104.09,2,0.1,0
4023,413,6,3,2,428.4,292.26,136.14,1,0.15,1
4024,548,18,6,40,1989.0,1145.19,843.81,4,0.15,0
4025,949,4,3,40,3135.0,1909.37,1225.63,3,0.0,0
4026,92,11,9,42,856.8,630.56,226.24,1,0.15,1
4027,1057,13,1,25,180.0,118.89,61.11,1,0.0,0
4028,373,9,1,27,844.8,515.4,329.4,3,0.2,0
4029,924,26,7,45,99.0,55.27,43.73,5,0.0,0
4030,527,28,2,41,153.42,102.31,51.11,5,0.15,0
4031,804,23,5,14,50.57,36.92,13.65,1,0.0,0
4032,726,14,3,15,577.12,374.22,202.9,5,0.1,0
4033,1046,15,7,23,8976.0,6700.65,2275.35,4,0.15,1
4034,487,3,4,25,617.5,419.55,197.95,1,0.05,1
4035,283,27,10,2,74.75,53.06,21.69,1,0.0,0
4036,783,1,5,31,6300.0,4303.42,1996.58,5,0.0,0
4037,164,25,10,40,33.25,21.67,11.58,1,0.0,0
4038,249,25,5,34,154.0,115.2,38.8,5,0.2,0
4039,504,18,3,46,3250.0,1987.73,1262.27,5,0.0,0
4040,250,9,8,37,352.0,210.03,141.97,1,0.0,0
4041,491,19,6,6,4560.0,2704.13,1855.87,4,0.05,0
4042,679,24,4,9,1915.2,1056.36,858.84,4,0.05,0
4043,1046,25,9,26,178.5,125.67,52.83,5,0.15,0
4044,680,13,3,38,360.0,253.75,106.25,2,0.0,1
4045,1096,22,3,11,189.0,131.05,57.95,5,0.0,1
4046,227,17,4,10,722.0,427.38,294.62,2,0.0,0
4047,1045,17,6,28,1938.0,1181.41,756.59,5,0.15,1
4048,866,16,7,41,5040.0,2790.62,2249.38,4,0.1,1
4049,571,11,9,15,6480.0,4515.35,1964.65,4,0.0,0
4050,973,11,3,6,3420.0,2316.15,1103.85,2,0.0,0
4051,979,11,6,44,5346.0,3612.3,1733.7,3,0.1,1
4052,1001,9,9,46,1408.0,798.9,609.1,4,0.0,0
4053,597,17,7,44,685.9,438.12,247.78,2,0.05,0
4054,242,26,10,40,79.42,47.77,31.65,4,0.05,0
4055,833,12,6,5,12480.0,8464.75,4015.25,3,0.2,0
4056,229,20,7,29,1923.75,1222.26,701.49,5,0.1,1
4057,17,30,1,37,264.0,184.08,79.92,2,0.0,0
4058,125,27,2,26,104.0,57.98,46.02,2,0.2,0
4059,671,19,8,42,2880.0,2115.05,764.95,2,0.0,0
4060,1074,9,9,48,864.0,608.65,255.35,2,0.0,0
4061,983,13,7,36,148.5,100.34,48.16,1,0.1,0
4062,893,21,1,6,213.75,129.3,84.45,5,0.0,0
4063,403,30,5,36,126.0,90.43,35.57,1,0.0,0
4064,449,15,4,24,6217.75,3917.49,2300.26,5,0.05,0
4065,214,30,6,21,342.0,216.61,125.39,3,0.0,0
4066,502,19,3,26,1080.0,786.35,293.65,1,0.1,0
4067,548,30,7,41,205.2,118.44,86.76,2,0.05,0
4068,423,13,5,40,787.5,449.99,337.51,5,0.0,0
4069,1087,27,6,27,298.35,201.48,96.87,4,0.15,0
4070,1027,12,1,11,7475.0,5561.18,1913.82,1,0.0,0
4071,446,18,4,2,2099.5,1297.57,801.93,4,0.05,0
4072,285,3,3,25,1420.25,854.94,565.31,2,0.05,1
4073,760,13,8,42,825.0,501.36,323.64,5,0.0,0
4074,914,18,10,50,468.0,302.37,165.63,1,0.2,0
4075,205,20,9,5,1539.0,961.77,577.23,4,0.05,0
4076,568,10,2,20,1008.0,587.71,420.29,5,0.2,0
4077,206,14,5,40,427.5,279.59,147.91,5,0.0,0
4078,501,17,6,43,1805.0,1090.98,714.02,5,0.05,0
4079,718,13,6,38,192.38,106.53,85.85,1,0.05,0
4080,540,21,4,41,128.25,95.78,32.47,3,0.0,0
4081,965,22,8,7,63.84,40.35,23.49,3,0.2,0
4082,289,24,1,38,1159.2,779.56,379.64,3,0.2,1
4083,998,13,4,20,165.0,97.7,67.3,1,0.0,0
4084,956,4,1,43,1045.0,600.47,444.53,1,0.0,0
4085,517,15,8,15,5643.0,4188.17,1454.83,3,0.1,0
4086,147,27,5,45,308.75,178.06,130.69,5,0.05,0
4087,749,15,9,22,9680.0,5525.08,4154.92,4,0.0,0
4088,1000,10,2,26,1540.0,1116.67,423.33,5,0.0,0
4089,439,20,6,10,612.0,354.3,257.7,2,0.2,0
4090,764,12,9,2,27300.0,20300.1,6999.9,5,0.2,0
4091,618,27,8,24,357.5,243.36,114.14,5,0.0,0
4092,319,26,9,50,67.32,45.65,21.67,3,0.15,0
4093,841,6,4,14,1094.4,602.33,492.07,3,0.05,0
4094,209,9,7,38,979.2,678.84,300.36,4,0.15,0
4095,1010,22,10,32,64.4,37.02,27.38,2,0.0,0
4096,655,19,6,3,5865.0,3480.0,2385.0,5,0.15,1
4097,764,23,7,3,84.79,47.07,37.72,1,0.05,0
4098,796,4,1,5,3740.0,2517.6,1222.4,4,0.0,0
4099,81,25,2,29,28.26,18.14,10.12,1,0.05,0
4100,553,19,1,32,5130.0,3540.45,1589.55,5,0.05,0
4101,1084,11,6,44,2308.5,1686.99,621.51,1,0.05,0
4102,748,19,4,43,5280.0,3739.78,1540.22,5,0.2,0
4103,912,13,4,23,228.0,144.94,83.06,2,0.2,1
4104,754,29,6,46,272.25,171.93,100.32,5,0.1,0
4105,931,5,3,35,15750.0,9513.29,6236.71,5,0.0,0
4106,438,8,6,7,1361.7,750.92,610.78,2,0.1,0
4107,97,20,8,20,478.8,324.17,154.63,2,0.05,1
4108,465,14,7,44,106.4,68.73,37.67,2,0.0,0
4109,848,15,2,45,4752.0,3529.09,1222.91,3,0.1,0
4110,23,22,1,30,49.28,30.69,18.59,2,0.2,0
4111,748,18,3,25,643.5,376.33,267.17,1,0.1,0
4112,372,22,7,16,98.56,65.86,32.7,4,0.2,0
4113,140,5,9,49,16625.0,10570.72,6054.28,5,0.05,0
4114,182,26,3,44,39.6,28.09,11.51,2,0.0,0
4115,541,21,3,21,68.4,42.79,25.61,2,0.2,1
4116,1002,26,9,37,38.72,23.88,14.84,2,0.2,0
4117,627,13,6,29,420.75,284.35,136.4,3,0.15,0
4118,763,23,4,12,227.59,162.45,65.14,3,0.15,0
4119,157,4,9,7,4441.25,3197.7,1243.55,5,0.15,1
4120,702,3,4,25,3510.0,2289.37,1220.63,4,0.0,0
4121,693,5,1,14,16800.0,11417.51,5382.49,5,0.2,0
4122,444,15,7,33,4488.0,2557.91,1930.09,3,0.2,0
4123,573,28,8,6,97.47,66.68,30.79,3,0.05,0
4124,153,9,9,16,608.0,373.76,234.24,2,0.0,1
4125,200,4,3,29,1782.0,1053.9,728.1,2,0.1,0
4126,401,1,9,31,5040.0,3244.46,1795.54,4,0.0,0
4127,22,14,8,28,94.05,56.19,37.86,1,0.1,0
4128,296,24,10,24,458.85,291.01,167.84,1,0.05,0
4129,135,21,7,12,42.75,24.77,17.98,1,0.05,0
4130,1073,28,9,26,256.5,174.77,81.73,5,0.0,0
4131,799,27,10,15,55.25,40.18,15.07,1,0.0,0
4132,793,28,5,42,77.52,48.85,28.67,3,0.2,0
4133,957,10,2,38,1330.0,838.24,491.76,5,0.0,0
4134,473,20,1,25,604.8,429.12,175.68,3,0.2,0
4135,997,21,1,15,148.5,91.66,56.84,3,0.0,0
4136,235,23,10,29,80.75,53.33,27.42,1,0.0,0
4137,766,18,10,7,1296.75,970.87,325.88,2,0.05,0
4138,802,15,1,30,3927.0,2252.42,1674.58,3,0.0,0
4139,506,3,10,16,2210.0,1276.74,933.26,4,0.15,0
4140,352,13,1,9,405.0,257.05,147.95,2,0.0,0
4141,52,18,9,30,1638.0,991.43,646.57,3,0.2,0
4142,475,7,6,35,4659.2,3031.73,1627.47,2,0.2,0
4143,170,1,7,24,4560.0,3315.48,1244.52,4,0.0,0
4144,173,16,5,22,3790.5,2519.86,1270.64,3,0.05,0
4145,707,4,1,11,1485.0,830.73,654.27,1,0.0,0
4146,182,5,9,16,6300.0,4184.91,2115.09,2,0.0,0
4147,988,19,10,1,2640.0,1878.64,761.36,2,0.0,0
4148,930,4,8,32,792.0,512.57,279.43,1,0.2,0
4149,67,12,7,33,22100.0,16103.17,5996.83,4,0.0,0
4150,266,9,7,1,1056.0,784.22,271.78,3,0.0,0
4151,475,25,9,38,58.8,35.15,23.65,3,0.0,0
4152,531,4,9,30,3971.0,2553.18,1417.82,4,0.05,0
4153,125,1,7,18,2400.0,1475.81,924.19,2,0.0,1
4154,932,22,4,6,80.64,48.16,32.48,4,0.2,0
4155,363,9,10,27,1728.0,1265.73,462.27,4,0.0,1
4156,541,28,6,8,36.1,23.77,12.33,1,0.0,1
4157,89,19,5,45,3468.0,2463.66,1004.34,4,0.15,0
4158,190,12,7,2,14040.0,8534.94,5505.06,3,0.2,0
4159,932,20,10,24,1721.25,1252.99,468.26,5,0.15,0
4160,847,27,2,7,52.0,33.63,18.37,1,0.0,1
4161,969,13,5,29,427.5,292.72,134.78,3,0.0,0
4162,700,15,3,33,11880.0,7617.26,4262.74,5,0.2,0
4163,431,10,9,22,606.9,336.8,270.1,3,0.15,0
4164,22,20,9,17,1782.0,1285.99,496.01,4,0.1,0
4165,24,27,7,25,303.88,203.45,100.43,5,0.15,1
4166,836,3,4,34,988.0,697.88,290.12,2,0.05,0
4167,907,29,8,30,188.1,117.55,70.55,4,0.1,0
4168,421,19,10,27,2394.0,1423.39,970.61,2,0.05,0
4169,377,29,8,5,60.5,44.73,15.77,1,0.0,0
4170,733,4,3,36,5747.5,3359.29,2388.21,5,0.05,0
4171,67,14,9,42,161.5,95.34,66.16,2,0.0,0
4172,496,2,3,14,12600.0,9271.27,3328.73,5,0.1,0
4173,777,1,7,46,1008.0,725.39,282.61,1,0.2,1
4174,530,23,4,44,76.71,51.58,25.13,1,0.05,0
4175,391,11,8,35,7920.0,5589.19,2330.81,4,0.0,0
4176,186,5,9,22,5985.0,4148.09,1836.91,2,0.05,0
4177,784,28,5,17,159.6,105.52,54.08,5,0.2,0
4178,981,25,6,16,38.5,28.58,9.92,1,0.0,0
4179,1066,26,1,17,59.4,36.83,22.57,2,0.0,0
4180,294,17,1,21,830.3,524.78,305.52,2,0.05,1
4181,271,12,6,2,25740.0,18582.43,7157.57,4,0.1,1
4182,1086,21,8,35,243.0,166.64,76.36,4,0.0,0
4183,267,6,2,16,501.6,279.31,222.29,1,0.05,1
4184,668,18,7,27,1345.5,948.76,396.74,2,0.1,0
4185,967,19,9,50,4560.0,3346.75,1213.25,4,0.0,0
4186,416,27,2,17,109.2,66.82,42.38,2,0.2,0
4187,838,6,10,8,1305.6,868.86,436.74,4,0.15,0
4188,236,14,1,16,144.4,84.7,59.7,2,0.2,0
4189,14,16,1,2,4620.0,3189.26,1430.74,3,0.0,0
4190,999,10,6,44,308.0,227.24,80.76,1,0.0,0
4191,327,24,1,6,2016.0,1228.78,787.22,4,0.0,1
4192,137,13,5,34,540.0,311.85,228.15,4,0.1,0
4193,140,2,5,26,11200.0,8118.76,3081.24,4,0.0,0
4194,37,25,2,23,69.83,47.92,21.91,2,0.05,0
4195,518,9,3,4,486.4,337.69,148.71,2,0.2,0
4196,1095,30,6,19,648.0,380.85,267.15,5,0.2,0
4197,763,17,8,10,678.3,448.41,229.89,2,0.15,0
4198,22,14,1,6,313.5,200.35,113.15,3,0.0,0
4199,470,5,7,32,1960.0,1368.68,591.32,1,0.0,0
4200,1025,23,2,40,391.0,222.53,168.47,4,0.0,0
4201,219,19,7,32,4560.0,3397.59,1162.41,5,0.2,0
4202,57,20,3,23,425.25,245.0,180.25,1,0.1,0
4203,317,18,6,9,1560.0,1077.97,482.03,2,0.0,1
4204,922,27,1,18,248.62,179.06,69.56,5,0.15,0
4205,698,17,3,38,456.0,299.64,156.36,1,0.0,1
4206,762,30,6,8,119.7,86.0,33.7,1,0.05,0
4207,909,3,5,39,1235.0,902.55,332.45,2,0.0,0
4208,942,10,2,20,504.0,333.78,170.22,2,0.0,0
4209,488,19,7,11,4800.0,2971.99,1828.01,4,0.0,0
4210,487,23,2,12,216.75,144.14,72.61,3,0.15,1
4211,963,24,8,16,1356.6,960.31,396.29,4,0.15,0
4212,529,10,4,41,798.0,539.39,258.61,3,0.0,0
4213,624,20,8,34,1980.0,1328.03,651.97,4,0.0,0
4214,742,16,2,22,4928.0,3411.17,1516.83,4,0.2,0
4215,1062,28,1,11,205.2,114.78,90.42,5,0.1,0
4216,554,30,9,42,91.8,55.94,35.86,1,0.15,0
4217,858,2,1,47,2520.0,1530.69,989.31,1,0.1,0
4218,859,23,6,31,161.5,102.24,59.26,2,0.05,0
4219,344,13,7,45,405.0,252.39,152.61,2,0.0,0
4220,68,8,7,39,1513.0,1012.33,500.67,2,0.0,0
4221,550,30,1,7,324.0,208.45,115.55,3,0.0,0
4222,233,25,8,12,63.17,38.67,24.5,2,0.05,0
4223,1007,28,6,27,174.8,96.59,78.21,5,0.2,0
4224,135,17,5,9,1520.0,903.72,616.28,5,0.2,1
4225,1081,24,5,29,1701.0,989.27,711.73,3,0.0,0
4226,497,27,6,40,221.0,139.91,81.09,4,0.15,0
4227,977,26,2,23,38.72,25.9,12.82,2,0.2,0
4228,341,14,3,48,365.51,254.29,111.22,3,0.05,0
4229,665,1,1,47,2760.0,1852.02,907.98,2,0.0,0
4230,78,23,1,28,173.4,111.09,62.31,3,0.2,0
4231,639,10,3,29,1529.5,917.52,611.98,5,0.05,0
4232,666,11,5,43,1759.5,1291.85,467.65,1,0.15,0
4233,510,4,7,40,3960.0,2291.74,1668.26,4,0.1,0
4234,126,24,7,29,1008.0,728.4,279.6,3,0.2,1
4235,461,20,4,20,428.4,284.85,143.55,2,0.15,0
4236,568,11,4,48,6480.0,3801.46,2678.54,5,0.2,1
4237,711,6,9,31,2754.0,1637.22,1116.78,5,0.15,0
4238,509,27,9,7,130.0,72.01,57.99,2,0.0,0
4239,568,11,4,41,3240.0,1899.15,1340.85,2,0.0,0
4240,636,4,3,10,2904.0,1873.46,1030.54,3,0.2,0
4241,767,7,8,11,5460.0,3254.33,2205.67,1,0.0,0
4242,149,13,1,9,240.0,138.34,101.66,2,0.2,0
4243,59,16,2,24,4410.0,2896.77,1513.23,3,0.0,0
4244,547,21,1,18,81.0,59.05,21.95,2,0.0,0
4245,613,11,7,20,1980.0,1324.12,655.88,1,0.0,0
4246,763,28,2,9,119.7,78.06,41.64,3,0.0,0
4247,996,25,9,5,192.5,138.39,54.11,5,0.0,0
4248,708,29,1,23,126.23,86.81,39.42,2,0.15,0
4249,521,30,2,40,456.0,281.19,174.81,4,0.0,0
4250,644,12,8,8,28405.0,20153.59,8251.41,4,0.05,0
4251,1055,21,3,18,216.0,119.55,96.45,4,0.0,0
4252,247,24,7,9,392.7,268.58,124.12,1,0.15,0
4253,747,29,7,16,181.5,100.16,81.34,3,0.0,0
4254,939,14,2,21,85.5,49.66,35.84,1,0.0,0
4255,790,17,6,43,1436.4,917.97,518.43,4,0.1,0
4256,627,7,4,45,22880.0,16761.45,6118.55,4,0.0,0
4257,78,4,1,6,2244.0,1572.73,671.27,3,0.2,0
4258,103,24,4,39,446.88,320.06,126.82,2,0.05,0
4259,202,18,10,14,585.0,415.26,169.74,1,0.0,1
4260,235,13,4,36,712.5,449.96,262.54,5,0.0,0
4261,722,3,9,44,2500.88,1841.13,659.75,3,0.05,0
4262,718,21,1,43,288.56,177.99,110.57,5,0.05,0
4263,329,13,8,12,900.0,497.17,402.83,5,0.0,1
4264,1000,6,1,47,2640.0,1807.47,832.53,5,0.0,1
4265,595,15,3,41,3971.0,2351.45,1619.55,2,0.05,0
4266,37,15,9,15,2079.0,1235.73,843.27,1,0.1,0
4267,909,29,9,49,235.12,158.89,76.23,5,0.1,0
4268,212,21,5,23,109.35,72.14,37.21,3,0.1,0
4269,163,9,7,31,820.8,457.24,363.56,3,0.1,0
4270,1079,17,7,29,1539.0,1113.74,425.26,3,0.0,0
4271,1007,29,2,6,253.0,157.08,95.92,4,0.0,0
4272,749,27,7,14,214.5,157.71,56.79,3,0.0,0
4273,100,30,8,14,336.0,185.89,150.11,5,0.0,0
4274,716,17,6,28,1231.2,871.94,359.26,3,0.2,0
4275,962,23,8,31,161.5,110.69,50.81,2,0.0,0
4276,1015,23,9,31,87.97,62.16,25.81,1,0.1,0
4277,221,12,5,36,20995.0,12192.63,8802.37,4,0.15,0
4278,295,9,1,9,883.2,537.0,346.2,3,0.2,0
4279,119,11,5,38,907.2,679.23,227.97,1,0.1,0
4280,428,19,8,26,4080.0,2668.67,1411.33,4,0.0,0
4281,635,13,2,26,330.0,194.85,135.15,2,0.0,0
4282,578,8,9,15,845.5,470.08,375.42,1,0.0,0
4283,458,11,3,40,2721.6,2006.82,714.78,3,0.1,1
4284,1008,23,5,7,351.9,233.41,118.49,4,0.1,0
4285,644,9,7,49,1472.0,960.33,511.67,4,0.0,0
4286,399,12,2,34,27300.0,17076.65,10223.35,5,0.2,0
4287,318,15,6,41,10560.0,5816.82,4743.18,4,0.0,0
4288,77,5,4,19,2975.0,1863.68,1111.32,1,0.0,0
4289,210,6,6,6,1166.4,773.06,393.34,3,0.1,0
4290,538,4,9,41,1672.0,1207.87,464.13,2,0.2,1
4291,25,11,2,27,7524.0,4203.58,3320.42,4,0.05,0
4292,236,28,3,14,180.5,116.88,63.62,5,0.0,0
4293,565,16,10,3,5670.0,3551.25,2118.75,5,0.1,0
4294,170,11,3,31,6156.0,3783.43,2372.57,4,0.1,0
4295,578,10,5,10,266.0,154.82,111.18,1,0.0,1
4296,306,9,9,35,1536.0,1067.27,468.73,4,0.0,0
4297,946,8,8,5,2536.5,1416.15,1120.35,3,0.0,1
4298,226,30,9,3,216.6,148.55,68.05,2,0.05,0
4299,250,30,5,8,528.0,316.65,211.35,5,0.2,0
4300,14,13,2,2,470.25,346.17,124.08,3,0.05,0
4301,1027,19,2,7,5520.0,3918.75,1601.25,5,0.2,0
4302,646,28,7,43,218.5,159.0,59.5,5,0.0,0
4303,839,18,9,43,1040.0,585.19,454.81,2,0.0,0
4304,537,3,5,6,988.0,557.18,430.82,2,0.2,0
4305,213,10,1,22,226.1,156.18,69.92,1,0.15,0
4306,238,15,10,43,2090.0,1279.84,810.16,1,0.0,0
4307,740,14,1,37,250.8,140.34,110.46,3,0.2,1
4308,792,15,2,19,8882.5,5820.82,3061.68,5,0.05,0
4309,406,4,5,23,4620.0,2831.79,1788.21,4,0.0,0
4310,313,15,6,43,9504.0,5738.12,3765.88,4,0.1,0
4311,549,1,4,14,4320.0,2599.15,1720.85,4,0.0,0
4312,1076,15,1,39,5940.0,3989.85,1950.15,2,0.0,0
4313,806,24,10,19,249.9,178.22,71.68,1,0.0,0
4314,616,3,1,25,715.0,417.25,297.75,1,0.0,0
4315,924,12,4,5,29250.0,18121.45,11128.55,5,0.0,1
4316,813,8,2,44,529.55,294.09,235.46,1,0.0,0
4317,832,21,6,19,115.2,65.54,49.66,4,0.2,0
4318,812,2,7,19,1666.0,1009.9,656.1,1,0.0,0
4319,1068,13,8,39,546.75,342.11,204.64,3,0.1,0
4320,1063,19,5,33,3888.0,2192.32,1695.68,3,0.1,0
4321,505,13,2,2,142.5,101.12,41.38,1,0.05,0
4322,148,15,8,49,3740.0,2416.39,1323.61,2,0.15,0
4323,635,20,4,13,470.25,308.28,161.97,1,0.05,0
4324,152,15,2,37,6688.0,3748.05,2939.95,4,0.2,0
4325,49,6,2,18,1512.0,857.65,654.35,3,0.0,1
4326,731,11,10,28,7920.0,4716.28,3203.72,4,0.0,0
4327,1063,10,10,47,1142.4,839.81,302.59,4,0.15,0
4328,332,8,10,7,3417.6,2344.27,1073.33,4,0.2,0
4329,480,12,4,1,5200.0,3501.88,1698.12,1,0.0,0
4330,369,13,7,23,280.5,175.92,104.58,2,0.15,0
4331,979,21,8,16,47.03,27.9,19.13,1,0.05,0
4332,622,25,7,45,77.0,50.15,26.85,2,0.0,0
4333,312,30,4,48,576.0,357.0,219.0,5,0.2,0
4334,675,22,4,40,53.76,34.72,19.04,2,0.2,0
4335,929,22,2,17,25.2,15.24,9.96,1,0.0,0
4336,255,29,8,39,229.9,169.54,60.36,4,0.05,0
4337,749,12,9,42,6792.5,4921.46,1871.04,1,0.05,0
4338,948,20,3,8,406.12,234.43,171.69,1,0.05,0
4339,385,30,6,49,376.2,229.65,146.55,3,0.05,0
4340,1096,23,10,29,114.75,84.66,30.09,1,0.0,0
4341,672,12,8,1,14040.0,9736.31,4303.69,2,0.1,0
4342,271,16,2,47,7315.0,4604.84,2710.16,5,0.05,0
4343,310,12,6,9,31200.0,22478.01,8721.99,5,0.2,0
4344,49,20,3,25,472.5,264.4,208.1,1,0.0,0
4345,228,22,1,6,75.81,42.81,33.0,3,0.05,0
4346,942,7,9,17,11232.0,7855.63,3376.37,3,0.2,0
4347,168,5,2,15,3325.0,2276.02,1048.98,1,0.0,0
4348,287,21,4,34,131.96,98.22,33.74,3,0.15,0
4349,105,25,9,26,78.4,46.2,32.2,4,0.0,1
4350,151,2,5,43,7560.0,4346.8,3213.2,3,0.1,0
4351,955,21,4,41,136.8,99.89,36.91,4,0.2,0
4352,650,24,7,5,2415.0,1389.32,1025.68,5,0.0,0
4353,1087,18,3,9,833.62,494.06,339.56,1,0.05,0
4354,815,27,5,8,146.96,82.68,64.28,4,0.05,0
4355,458,27,1,10,69.16,41.66,27.5,2,0.05,0
4356,894,20,4,28,2137.5,1311.08,826.42,5,0.0,0
4357,136,14,8,28,285.0,204.44,80.56,3,0.0,0
4358,139,23,10,47,144.5,84.67,59.83,2,0.15,0
4359,1093,5,7,30,4725.0,2958.35,1766.65,1,0.0,0
4360,945,19,5,39,5130.0,3150.72,1979.28,5,0.1,0
4361,382,11,3,40,6336.0,3810.8,2525.2,4,0.2,0
4362,1066,9,4,48,1382.4,954.82,427.58,4,0.2,0
4363,1039,4,2,5,3168.0,2357.68,810.32,3,0.2,0
4364,873,9,1,39,1600.0,982.55,617.45,5,0.0,0
4365,175,27,6,21,166.72,114.2,52.52,3,0.1,0
4366,115,25,7,45,31.36,20.27,11.09,2,0.2,0
4367,107,6,6,37,228.48,132.61,95.87,1,0.15,0
4368,546,13,4,30,285.0,180.26,104.74,2,0.0,1
4369,813,13,1,14,178.5,109.74,68.76,2,0.0,0
4370,14,6,10,21,1346.4,907.27,439.13,3,0.15,0
4371,1003,15,4,47,7744.0,5143.95,2600.05,4,0.2,0
4372,736,16,10,21,4620.0,3062.44,1557.56,3,0.0,0
4373,300,9,8,18,368.0,207.14,160.86,1,0.0,0
4374,802,30,8,1,121.38,79.57,41.81,2,0.15,0
4375,728,13,8,28,202.5,117.87,84.63,1,0.0,1
4376,598,24,3,14,798.0,566.02,231.98,2,0.0,0
4377,741,13,4,3,701.25,406.19,295.06,5,0.15,1
4378,518,21,9,9,203.06,120.75,82.31,5,0.05,1
4379,351,26,2,3,100.98,70.0,30.98,4,0.15,0
4380,171,6,8,15,1824.0,1281.36,542.64,4,0.0,0
4381,715,5,3,1,18900.0,10419.89,8480.11,4,0.0,0
4382,47,18,5,9,3241.88,1947.32,1294.56,5,0.05,0
4383,895,22,3,32,113.05,71.9,41.15,5,0.15,1
4384,811,11,2,11,4551.75,3168.62,1383.13,5,0.15,0
4385,188,22,1,2,75.6,42.07,33.53,3,0.0,0
4386,622,23,9,50,238.43,137.28,101.15,3,0.15,0
4387,355,7,1,1,13338.0,7364.54,5973.46,2,0.05,0
4388,265,8,6,3,1664.3,1133.12,531.18,2,0.15,0
4389,390,22,5,44,49.28,33.41,15.87,2,0.2,0
4390,936,11,4,37,1539.0,1082.69,456.31,1,0.05,0
4391,62,28,10,8,109.82,69.11,40.71,4,0.15,0
4392,874,20,7,36,1530.0,1048.37,481.63,4,0.15,0
4393,423,28,1,17,119.7,87.62,32.08,3,0.0,0
4394,39,13,2,28,630.0,419.62,210.38,4,0.0,0
4395,589,10,6,36,266.0,163.81,102.19,1,0.0,0
4396,1004,14,5,10,496.38,355.42,140.96,5,0.05,0
4397,8,19,3,19,1320.0,820.69,499.31,1,0.0,0
4398,38,21,10,27,212.62,158.54,54.08,5,0.1,0
4399,400,4,6,11,3465.0,2016.49,1448.51,3,0.0,0
4400,334,5,9,4,11340.0,8136.34,3203.66,3,0.1,0
4401,934,21,8,41,121.5,75.33,46.17,3,0.0,0
4402,118,23,5,32,190.4,140.46,49.94,4,0.0,0
4403,407,20,6,3,472.5,270.82,201.68,1,0.0,0
4404,326,27,6,21,331.5,211.19,120.31,5,0.15,0
4405,913,23,9,36,382.5,241.12,141.38,5,0.0,0
4406,912,9,9,38,304.0,168.41,135.59,1,0.0,1
4407,735,26,9,33,20.57,14.44,6.13,1,0.15,0
4408,885,3,5,9,1111.5,831.77,279.73,2,0.1,0
4409,673,23,5,43,275.4,199.9,75.5,3,0.1,0
4410,723,19,7,29,4617.0,2997.29,1619.71,3,0.05,0
4411,181,4,4,29,4180.0,2757.34,1422.66,5,0.2,0
4412,626,25,6,30,154.0,98.32,55.68,4,0.0,0
4413,214,3,7,1,2778.75,2072.34,706.41,5,0.1,0
4414,1087,19,8,3,1620.0,1104.61,515.39,1,0.0,1
4415,372,4,4,13,4114.0,2691.94,1422.06,4,0.15,0
4416,125,1,9,13,3420.0,2176.91,1243.09,3,0.05,0
4417,267,22,9,41,138.6,92.49,46.11,5,0.1,0
4418,15,22,8,18,123.2,86.01,37.19,4,0.0,0
4419,982,19,10,9,5280.0,3572.87,1707.13,4,0.0,1
4420,807,30,1,15,128.52,88.08,40.44,2,0.1,0
4421,1064,22,6,10,168.0,117.06,50.94,5,0.0,1
4422,1049,13,9,42,162.0,114.14,47.86,1,0.1,0
4423,481,19,8,26,1920.0,1329.32,590.68,2,0.0,1
4424,18,21,1,31,94.05,62.78,31.27,2,0.05,0
4425,609,26,5,21,82.28,60.08,22.2,4,0.15,0
4426,635,9,2,3,1337.6,891.25,446.35,4,0.05,0
4427,873,5,7,41,10500.0,7148.8,3351.2,3,0.0,0
4428,926,27,6,37,49.73,31.24,18.49,1,0.15,1
4429,531,8,6,38,4227.5,3103.75,1123.75,5,0.0,0
4430,111,15,10,46,5852.0,3644.48,2207.52,5,0.05,0
4431,923,17,4,44,1368.0,866.39,501.61,4,0.0,1
4432,148,13,8,34,360.0,213.7,146.3,3,0.2,0
4433,80,16,4,4,4046.0,2767.4,1278.6,4,0.15,0
4434,955,15,7,7,4180.0,2848.74,1331.26,2,0.0,0
4435,6,16,9,35,2926.0,1950.98,975.02,2,0.05,0
4436,405,23,9,21,267.75,159.92,107.83,3,0.0,0
4437,697,5,9,22,3570.0,2097.22,1472.78,1,0.15,0
4438,284,30,7,21,276.0,177.11,98.89,2,0.0,0
4439,678,26,2,19,125.4,72.88,52.52,5,0.05,0
4440,110,7,3,9,5824.0,3764.72,2059.28,2,0.0,0
4441,869,26,10,22,19.8,11.85,7.95,1,0.1,0
4442,754,12,8,3,14300.0,7982.13,6317.87,2,0.0,0
4443,516,3,4,27,1950.0,1437.94,512.06,3,0.0,0
4444,562,26,8,26,15.84,9.22,6.62,1,0.2,0
4445,511,30,10,6,228.0,156.27,71.73,2,0.05,0
4446,30,27,7,21,67.93,47.35,20.58,1,0.05,0
4447,316,6,3,35,979.2,677.62,301.58,2,0.15,0
4448,791,10,5,27,1011.5,627.68,383.82,5,0.15,0
4449,526,12,6,21,16672.5,10280.15,6392.35,3,0.1,0
4450,836,7,6,28,3952.0,2567.55,1384.45,1,0.05,0
4451,639,30,4,15,262.2,165.71,96.49,2,0.05,1
4452,127,9,7,3,288.0,168.65,119.35,1,0.1,0
4453,501,13,10,25,285.0,207.47,77.53,2,0.05,0
4454,377,22,3,10,27.72,17.71,10.01,1,0.1,1
4455,48,13,2,30,787.5,501.11,286.39,5,0.0,1
4456,947,1,2,22,1140.0,635.82,504.18,1,0.0,0
4457,428,9,5,40,258.4,164.67,93.73,1,0.05,0
4458,336,30,2,25,275.4,155.54,119.86,2,0.15,0
4459,487,25,4,38,29.75,19.91,9.84,1,0.15,0
4460,774,26,10,10,23.1,16.63,6.47,1,0.0,0
4461,984,3,3,12,2860.0,2068.29,791.71,4,0.0,1
4462,258,29,3,33,102.85,66.1,36.75,2,0.15,0
4463,373,15,1,21,6534.0,4325.06,2208.94,3,0.1,0
4464,912,26,3,36,41.8,26.34,15.46,2,0.0,0
4465,1062,27,1,6,148.2,110.44,37.76,2,0.05,0
4466,597,9,7,46,1216.0,791.2,424.8,4,0.0,0
4467,555,16,7,1,5985.0,4271.46,1713.54,5,0.05,0
4468,874,29,5,29,93.5,63.16,30.34,2,0.15,1
4469,702,6,6,30,1231.2,812.62,418.58,2,0.05,0
4470,962,16,9,35,3990.0,2546.83,1443.17,3,0.0,0
4471,559,14,6,31,324.9,229.08,95.82,4,0.05,0
4472,889,3,3,40,2778.75,1865.47,913.28,5,0.1,1
4473,314,18,5,10,2808.0,1578.82,1229.18,4,0.1,0
4474,1050,26,3,26,22.44,15.23,7.21,1,0.15,0
4475,245,15,1,1,7260.0,5249.98,2010.02,3,0.0,0
4476,1057,14,1,22,387.6,268.78,118.82,4,0.15,0
4477,22,26,4,5,91.96,56.2,35.76,4,0.05,0
4478,754,21,2,10,178.2,116.67,61.53,4,0.1,1
4479,357,25,5,9,200.81,124.94,75.87,5,0.15,1
4480,554,3,7,2,526.5,353.17,173.33,1,0.1,1
4481,536,18,1,34,2470.0,1818.4,651.6,4,0.0,0
4482,3,23,9,50,355.3,257.4,97.9,4,0.05,0
4483,350,2,8,30,3213.0,2377.01,835.99,1,0.15,0
4484,585,2,5,15,5054.0,3765.27,1288.73,2,0.05,0
4485,907,20,7,29,726.75,532.27,194.48,2,0.15,0
4486,110,11,2,6,806.4,535.55,270.85,1,0.2,0
4487,961,2,2,32,11305.0,7036.5,4268.5,5,0.15,0
4488,25,12,1,10,18232.5,11081.93,7150.57,3,0.15,0
4489,471,23,10,12,47.6,26.29,21.31,1,0.0,0
4490,964,12,10,39,24700.0,16788.21,7911.79,4,0.0,0
4491,684,21,4,39,216.0,144.5,71.5,4,0.0,0
4492,925,24,5,17,756.0,438.68,317.32,2,0.0,0
4493,529,22,3,4,79.8,50.35,29.45,3,0.0,0
4494,433,15,5,3,5610.0,4095.81,1514.19,3,0.0,1
4495,489,15,10,50,3520.0,2248.67,1271.33,2,0.2,0
4496,810,24,10,50,1187.02,742.91,444.11,5,0.05,0
4497,772,25,1,34,110.25,71.58,38.67,3,0.0,0
4498,938,10,10,43,201.6,125.52,76.08,1,0.2,0
4499,801,17,9,6,678.3,452.86,225.44,3,0.0,0
4500,120,7,6,33,11648.0,7066.24,4581.76,4,0.0,0
4501,729,15,5,17,8910.0,5907.22,3002.78,3,0.0,0
4502,895,7,3,17,11856.0,7098.16,4757.84,3,0.2,0
4503,904,24,10,7,399.0,226.67,172.33,1,0.0,1
4504,1062,12,2,35,22230.0,15238.34,6991.66,3,0.05,1
4505,659,20,4,11,517.5,321.57,195.93,1,0.0,0
4506,242,17,4,4,1227.4,845.54,381.86,4,0.15,0
4507,1090,1,1,10,2754.0,1987.52,766.48,2,0.15,0
4508,709,20,8,43,1215.0,749.64,465.36,2,0.0,0
4509,336,27,10,34,280.8,185.22,95.58,4,0.2,0
4510,289,3,5,31,2018.25,1404.24,614.01,3,0.1,0
4511,625,13,1,19,297.0,178.08,118.92,2,0.1,0
4512,213,16,9,17,4256.0,3089.5,1166.5,4,0.2,0
4513,881,3,8,12,2600.0,1708.37,891.63,4,0.0,0
4514,705,26,3,40,56.43,36.07,20.36,2,0.05,1
4515,877,20,9,34,2137.5,1427.71,709.79,5,0.05,0
4516,945,16,6,19,3990.0,2603.65,1386.35,3,0.0,1
4517,604,3,4,18,617.5,453.01,164.49,1,0.0,1
4518,279,24,10,45,917.7,687.31,230.39,2,0.05,1
4519,673,20,7,12,2160.0,1474.63,685.37,4,0.0,0
4520,428,9,7,16,1224.0,679.86,544.14,5,0.1,0
4521,571,27,9,19,166.73,111.84,54.89,3,0.05,0
4522,716,14,2,5,365.51,241.56,123.95,3,0.05,0
4523,271,23,4,4,374.0,254.86,119.14,4,0.0,0
4524,517,17,1,21,722.0,451.79,270.21,2,0.0,0
4525,268,15,5,16,4840.0,2868.36,1971.64,2,0.0,0
4526,361,26,8,5,141.07,95.53,45.54,5,0.05,0
4527,611,15,6,27,3872.0,2178.1,1693.9,2,0.2,0
4528,267,21,2,14,210.38,116.31,94.07,5,0.15,0
4529,381,18,8,35,679.25,430.13,249.12,1,0.05,0
4530,612,12,10,33,19305.0,12167.32,7137.68,3,0.1,0
4531,887,11,5,6,8550.0,4985.07,3564.93,5,0.0,0
4532,1070,6,6,9,648.0,474.97,173.03,1,0.0,0
4533,781,14,10,3,239.4,177.27,62.13,3,0.2,0
4534,1078,25,5,12,212.63,154.82,57.81,5,0.1,1
4535,1091,10,8,3,1134.0,633.78,500.22,3,0.0,0
4536,452,27,3,40,174.04,125.9,48.14,5,0.1,0
4537,344,7,3,2,11232.0,7149.37,4082.63,2,0.2,0
4538,894,10,3,29,957.6,601.22,356.38,4,0.1,0
4539,693,6,8,10,2736.0,1909.06,826.94,5,0.05,1
4540,499,5,1,33,13300.0,8807.36,4492.64,4,0.05,0
4541,897,3,1,27,1049.75,690.09,359.66,2,0.15,0
4542,545,21,6,49,121.84,72.93,48.91,3,0.05,1
4543,356,7,3,29,23868.0,16534.97,7333.03,4,0.15,0
4544,522,11,4,22,8550.0,5909.28,2640.72,5,0.0,0
4545,125,5,8,15,7000.0,4621.05,2378.95,2,0.0,0
4546,918,30,1,20,172.8,103.84,68.96,2,0.2,0
4547,313,11,6,22,6156.0,4027.51,2128.49,3,0.05,0
4548,457,19,8,30,672.0,383.61,288.39,1,0.0,0
4549,142,12,10,27,18525.0,13410.04,5114.96,3,0.05,0
4550,1081,13,6,25,1012.5,617.02,395.48,5,0.0,1
4551,1055,22,5,48,127.68,89.28,38.4,4,0.05,0
4552,366,20,2,45,990.0,652.28,337.72,2,0.0,0
4553,1095,15,8,2,2524.5,1817.14,707.36,1,0.15,1
4554,490,22,10,17,75.6,54.29,21.31,3,0.1,0
4555,572,6,7,18,410.4,259.58,150.82,1,0.05,0
4556,662,7,1,6,10166.0,5687.26,4478.74,2,0.15,0
4557,502,19,9,2,1200.0,833.12,366.88,1,0.0,0
4558,187,28,7,10,171.0,102.52,68.48,5,0.0,0
4559,110,11,9,50,1008.0,663.43,344.57,1,0.0,0
4560,240,12,4,14,24700.0,17723.26,6976.74,4,0.0,0
4561,827,15,1,9,4681.6,2730.03,1951.57,4,0.05,0
4562,146,11,7,24,8550.0,5831.19,2718.81,5,0.05,0
4563,606,12,8,22,30875.0,20757.91,10117.09,5,0.0,0
4564,754,1,6,21,2244.0,1516.58,727.42,2,0.15,0
4565,170,15,2,20,10450.0,7576.94,2873.06,5,0.0,1
4566,587,29,2,36,94.05,58.22,35.83,2,0.1,0
4567,641,5,6,10,3823.75,2786.92,1036.83,1,0.05,0
4568,1026,6,2,26,1656.0,1200.16,455.84,3,0.0,0
4569,379,3,5,24,2860.0,1979.42,880.58,4,0.0,0
4570,123,26,4,3,41.8,28.26,13.54,2,0.05,0
4571,537,15,4,2,8882.5,6261.47,2621.03,5,0.15,0
4572,117,7,6,44,5824.0,4045.93,1778.07,2,0.0,0
4573,346,24,5,19,481.95,332.76,149.19,1,0.15,0
4574,894,8,5,42,760.95,456.65,304.3,1,0.1,0
4575,182,27,9,3,149.18,106.83,42.35,3,0.15,0
4576,980,19,6,38,6600.0,4563.77,2036.23,5,0.0,0
4577,980,20,5,6,792.0,579.89,212.11,2,0.2,0
4578,316,11,5,27,2160.0,1427.19,732.81,1,0.0,0
4579,234,7,5,48,9880.0,7016.86,2863.14,2,0.0,0
4580,969,3,4,14,2470.0,1697.2,772.8,5,0.2,0
4581,361,29,8,28,352.69,200.13,152.56,5,0.05,0
4582,595,27,3,8,61.75,34.28,27.47,1,0.0,0
4583,177,29,4,33,52.25,29.15,23.1,1,0.0,0
4584,626,18,1,11,3217.5,2381.46,836.04,5,0.1,0
4585,1082,23,2,38,390.15,246.74,143.41,4,0.15,0
4586,324,7,2,37,5304.0,3527.92,1776.08,1,0.15,0
4587,1051,5,2,43,8400.0,5159.17,3240.83,2,0.0,1
4588,424,4,8,10,1848.0,1175.71,672.29,2,0.2,0
4589,817,16,1,20,791.35,448.71,342.64,1,0.05,0
4590,446,23,9,37,65.02,37.26,27.76,1,0.1,0
4591,982,10,1,21,308.0,184.13,123.87,1,0.0,0
4592,326,1,4,18,3888.0,2424.46,1463.54,3,0.1,0
4593,1010,3,5,34,2392.0,1502.58,889.42,4,0.2,0
4594,1016,15,6,49,5060.0,3498.98,1561.02,2,0.0,0
4595,312,8,2,25,2136.0,1343.28,792.72,2,0.0,0
4596,1019,21,9,47,51.75,35.21,16.54,1,0.0,0
4597,113,11,8,2,1612.8,1163.44,449.36,2,0.2,0
4598,422,2,7,26,11760.0,6500.14,5259.86,4,0.0,0
4599,576,13,10,26,459.0,307.95,151.05,4,0.15,0
4600,281,25,4,14,161.0,89.49,71.51,4,0.0,0
4601,652,17,1,2,2075.75,1501.45,574.3,5,0.05,0
4602,100,18,7,13,728.0,431.88,296.12,2,0.0,0
4603,63,26,7,22,74.8,48.48,26.32,5,0.2,0
4604,1078,18,4,40,1755.0,1129.56,625.44,2,0.0,0
4605,11,27,10,32,143.0,93.65,49.35,2,0.0,1
4606,290,22,6,36,82.11,49.67,32.44,3,0.15,0
4607,231,7,10,50,4446.0,3294.32,1151.68,1,0.1,0
4608,440,30,5,34,163.2,114.27,48.93,2,0.2,0
4609,423,18,8,13,2457.0,1764.71,692.29,4,0.1,0
4610,493,18,1,3,1657.5,989.66,667.84,3,0.15,0
4611,746,17,5,27,1337.6,808.84,528.76,4,0.2,0
4612,983,23,5,7,374.0,242.43,131.57,4,0.0,0
4613,80,13,4,7,510.0,315.71,194.29,4,0.0,0
4614,906,16,7,3,1330.0,826.82,503.18,1,0.0,0
4615,1051,4,2,48,3960.0,2811.01,1148.99,3,0.0,0
4616,366,18,2,46,1823.25,1080.89,742.36,3,0.15,0
4617,141,3,7,35,2600.0,1483.03,1116.97,4,0.0,0
4618,64,28,4,25,32.3,21.1,11.2,1,0.0,0
4619,46,26,6,22,58.91,39.83,19.08,3,0.15,0
4620,719,30,5,12,583.2,433.87,149.33,4,0.1,0
4621,524,30,4,32,456.0,340.96,115.04,4,0.0,0
4622,407,10,5,41,882.0,660.07,221.93,3,0.0,0
4623,726,22,7,28,37.8,22.54,15.26,1,0.0,0
4624,177,3,10,27,1235.0,801.9,433.1,2,0.0,0
4625,452,17,7,38,904.4,621.68,282.72,4,0.0,0
4626,912,24,4,25,1995.0,1310.75,684.25,5,0.0,0
4627,114,19,6,44,2688.0,2005.16,682.84,4,0.0,0
4628,530,1,10,37,1083.0,743.58,339.42,1,0.05,1
4629,68,18,2,5,1049.75,746.06,303.69,2,0.05,0
4630,40,8,5,34,2523.15,1525.0,998.15,3,0.1,0
4631,971,27,8,3,52.49,33.28,19.21,1,0.15,0
4632,678,23,10,22,102.0,72.65,29.35,1,0.0,0
4633,728,9,5,40,1641.6,1092.02,549.58,4,0.05,0
4634,174,24,8,45,957.6,610.01,347.59,3,0.2,0
4635,346,17,1,1,487.35,362.28,125.07,1,0.05,0
4636,137,21,8,14,135.0,86.7,48.3,3,0.0,0
4637,583,23,6,38,161.5,98.94,62.56,2,0.0,0
4638,839,23,4,36,108.8,63.37,45.43,2,0.2,0
4639,1054,20,8,46,459.0,340.17,118.83,1,0.15,0
4640,109,3,8,1,1310.4,973.88,336.52,4,0.1,0
4641,582,21,6,29,171.0,119.28,51.72,4,0.0,0
4642,555,28,10,20,171.0,97.12,73.88,5,0.0,1
4643,591,6,4,21,1094.4,634.7,459.7,3,0.2,1
4644,414,21,4,31,80.33,52.77,27.56,2,0.15,0
4645,736,28,7,43,150.48,112.67,37.81,4,0.1,0
4646,427,2,3,27,6783.0,4102.25,2680.75,3,0.05,0
4647,968,4,2,22,4702.5,2708.54,1993.96,5,0.1,0
4648,133,27,9,30,55.25,40.22,15.03,1,0.15,0
4649,569,3,1,32,2925.0,1676.61,1248.39,5,0.0,0
4650,156,10,7,17,758.1,524.99,233.11,3,0.05,0
4651,212,19,9,16,864.0,574.83,289.17,1,0.2,0
4652,622,6,5,32,897.6,639.69,257.91,2,0.15,0
4653,690,23,3,16,346.8,237.15,109.65,4,0.15,1
4654,1015,15,1,4,9108.0,6030.42,3077.58,4,0.1,0
4655,302,11,4,12,6210.0,3610.28,2599.72,3,0.0,0
4656,64,18,3,49,1049.75,678.78,370.97,2,0.05,1
4657,124,20,7,43,1710.0,1189.48,520.52,4,0.05,0
4658,882,12,4,36,10400.0,6907.87,3492.13,2,0.2,1
4659,941,3,7,20,1872.0,1338.58,533.42,4,0.2,0
4660,223,25,1,1,56.52,42.31,14.21,2,0.15,0
4661,44,15,1,16,8316.0,5865.63,2450.37,4,0.1,0
4662,1049,25,7,46,134.4,95.63,38.77,4,0.2,0
4663,337,2,8,49,3402.0,2526.94,875.06,1,0.1,1
4664,481,9,9,18,1280.0,876.13,403.87,5,0.0,0
4665,1008,24,5,35,1545.6,976.62,568.98,4,0.2,0
4666,840,12,1,31,13260.0,9582.95,3677.05,3,0.15,0
4667,809,11,8,9,4069.8,2560.04,1509.76,4,0.05,0
4668,184,25,10,33,56.7,32.35,24.35,2,0.1,1
4669,556,16,8,37,3780.0,2728.48,1051.52,3,0.0,0
4670,397,10,6,49,470.4,272.75,197.65,2,0.2,0
4671,368,13,10,15,165.0,94.88,70.12,1,0.0,0
4672,524,12,3,24,24700.0,14778.12,9921.88,4,0.0,0
4673,68,15,5,50,1589.5,995.38,594.12,1,0.15,0
4674,887,17,6,10,722.0,464.24,257.76,2,0.0,0
4675,754,4,3,22,6050.0,3910.95,2139.05,5,0.0,0
4676,51,2,6,14,9996.0,7345.36,2650.64,4,0.15,0
4677,428,7,3,32,17680.0,10491.66,7188.34,4,0.0,0
4678,307,18,6,45,3120.0,2198.56,921.44,4,0.0,0
4679,473,15,3,15,4188.8,2451.88,1736.92,4,0.15,0
4680,426,4,1,15,1589.5,1024.13,565.37,2,0.15,0
4681,109,1,9,45,3360.0,1943.81,1416.19,5,0.0,0
4682,70,7,8,1,13260.0,7799.76,5460.24,3,0.0,1
4683,403,22,2,41,117.6,76.78,40.82,5,0.2,0
4684,752,13,2,9,420.75,272.38,148.37,3,0.15,0
4685,26,9,8,15,1408.0,941.23,466.77,4,0.0,0
4686,762,25,2,31,132.3,90.19,42.11,4,0.1,0
4687,791,10,6,46,714.0,435.89,278.11,3,0.0,0
4688,296,4,6,32,5060.0,3008.13,2051.87,5,0.2,0
4689,323,14,5,2,342.0,236.89,105.11,3,0.0,0
4690,923,7,10,28,21060.0,13110.52,7949.48,5,0.1,0
4691,272,17,9,14,2090.0,1241.86,848.14,5,0.0,0
4692,960,30,9,14,228.0,157.02,70.98,2,0.0,0
4693,338,4,10,33,3564.0,2374.8,1189.2,3,0.2,0
4694,708,26,6,50,25.25,17.35,7.9,1,0.15,0
4695,680,1,7,28,4896.0,3328.64,1567.36,4,0.15,0
4696,76,13,8,15,363.38,230.2,133.18,3,0.05,0
4697,610,27,10,37,339.63,203.55,136.08,5,0.05,0
4698,734,24,10,6,462.0,302.86,159.14,1,0.0,0
4699,301,28,8,25,87.4,49.87,37.53,2,0.0,0
4700,821,8,8,19,953.19,653.25,299.94,2,0.1,0
4701,527,20,6,39,1282.5,756.95,525.55,3,0.0,0
4702,657,26,5,27,72.1,50.88,21.22,3,0.05,0
4703,407,3,8,4,3241.88,1923.86,1318.02,5,0.05,0
4704,187,1,3,48,4320.0,2704.47,1615.53,4,0.0,0
4705,344,12,7,43,35100.0,24358.11,10741.89,4,0.0,0
4706,349,24,4,19,2693.25,1625.59,1067.66,5,0.05,0
4707,134,14,7,1,85.5,49.14,36.36,1,0.1,0
4708,620,18,9,28,2431.0,1808.75,622.25,4,0.15,0
4709,906,7,3,27,14820.0,10889.66,3930.34,3,0.0,0
4710,405,22,8,33,79.38,49.42,29.96,3,0.1,1
4711,188,16,7,4,5355.0,2970.11,2384.89,5,0.15,0
4712,199,30,7,19,275.4,203.77,71.63,3,0.15,0
4713,585,12,8,16,17598.75,11211.56,6387.19,3,0.05,0
4714,615,9,8,14,633.6,404.3,229.3,2,0.1,0
4715,117,24,6,9,1058.4,588.47,469.93,5,0.1,0
4716,895,12,2,36,11732.5,7725.43,4007.07,2,0.05,1
4717,921,15,2,38,7920.0,5210.96,2709.04,5,0.2,0
4718,912,9,4,17,912.0,612.18,299.82,3,0.0,0
4719,654,20,4,33,491.62,285.9,205.72,1,0.05,0
4720,307,8,1,33,4539.0,3033.59,1505.41,5,0.15,0
4721,575,13,10,41,270.0,198.74,71.26,2,0.0,0
4722,476,12,5,34,13104.0,8072.0,5032.0,4,0.1,1
4723,383,27,2,44,203.78,113.39,90.39,3,0.05,0
4724,926,3,1,34,2925.0,1731.35,1193.65,5,0.0,0
4725,860,20,5,25,1800.0,1315.7,484.3,4,0.0,0
4726,121,7,8,26,10374.0,6278.77,4095.23,3,0.05,0
4727,251,22,2,28,30.8,18.03,12.77,1,0.0,0
4728,91,25,4,47,112.0,76.84,35.16,5,0.2,0
4729,720,18,7,46,3729.38,2741.99,987.39,5,0.15,0
4730,91,2,5,8,6048.0,4054.79,1993.21,3,0.1,0
4731,764,5,9,27,14700.0,8380.23,6319.77,4,0.0,0
4732,643,11,1,50,2070.0,1381.15,688.85,1,0.0,0
4733,987,7,9,1,5720.0,3224.46,2495.54,1,0.0,0
4734,725,28,8,7,256.5,187.82,68.68,5,0.0,0
4735,789,24,2,39,1190.7,790.2,400.5,3,0.1,0
4736,389,30,7,41,396.0,287.27,108.73,3,0.0,0
4737,195,22,10,15,119.7,78.58,41.12,5,0.05,0
4738,887,26,8,5,83.6,54.95,28.65,4,0.0,0
4739,303,20,4,46,828.0,593.77,234.23,2,0.2,1
4740,749,1,8,45,1188.0,753.8,434.2,1,0.1,0
4741,451,7,3,5,6188.0,4116.86,2071.14,2,0.0,0
4742,277,2,10,50,9660.0,6599.18,3060.82,3,0.0,1
4743,437,16,2,31,4760.0,3115.09,1644.91,4,0.0,0
4744,317,23,8,17,510.0,320.14,189.86,5,0.0,0
4745,372,29,7,48,102.85,57.24,45.61,2,0.15,0
4746,122,13,10,24,142.5,87.44,55.06,1,0.05,0
4747,345,4,2,36,5940.0,4254.78,1685.22,4,0.0,0
4748,168,29,2,43,83.6,57.15,26.45,2,0.2,0
4749,472,28,10,39,42.56,23.91,18.65,2,0.0,0
4750,1041,25,8,38,84.0,53.41,30.59,2,0.0,0
4751,236,26,5,43,56.43,35.89,20.54,3,0.1,0
4752,1035,23,10,7,87.97,60.77,27.2,1,0.1,0
4753,829,28,9,4,63.84,35.51,28.33,3,0.0,0
4754,134,5,1,14,14000.0,9152.83,4847.17,4,0.0,0
4755,562,25,2,45,126.0,69.64,56.36,5,0.2,0
4756,834,27,1,35,44.2,29.71,14.49,1,0.15,1
4757,526,2,9,16,7581.0,5024.57,2556.43,3,0.05,0
4758,722,1,7,1,6885.0,4904.26,1980.74,5,0.15,0
4759,1028,2,7,9,12880.0,7961.08,4918.92,4,0.0,0
4760,452,22,10,41,66.64,41.3,25.34,5,0.2,0
4761,998,9,3,39,1056.0,645.23,410.77,3,0.0,0
4762,33,10,10,23,940.8,705.0,235.8,4,0.2,0
4763,883,6,6,13,2280.0,1461.09,818.91,5,0.0,0
4764,176,29,10,23,104.5,59.48,45.02,2,0.0,1
4765,586,16,3,34,5320.0,3425.46,1894.54,4,0.0,0
4766,769,29,9,21,288.75,166.59,122.16,5,0.0,0
4767,794,5,10,29,11900.0,6832.88,5067.12,4,0.0,0
4768,281,25,9,26,161.0,113.28,47.72,4,0.0,0
4769,1070,5,5,26,21262.5,15596.0,5666.5,5,0.1,1
4770,846,16,1,8,4480.0,2803.12,1676.88,4,0.0,0
4771,1006,27,5,3,149.5,109.04,40.46,2,0.0,0
4772,1019,5,4,6,8050.0,4665.71,3384.29,2,0.0,0
4773,416,11,3,22,6048.0,3367.34,2680.66,4,0.2,0
4774,1071,27,10,20,416.81,302.48,114.33,5,0.05,0
4775,222,12,1,22,12350.0,8338.57,4011.43,2,0.0,1
4776,467,11,4,50,1008.0,699.35,308.65,1,0.0,0
4777,761,30,7,2,356.4,264.5,91.9,3,0.1,0
4778,591,22,3,16,53.2,36.98,16.22,2,0.0,0
4779,14,20,2,10,2475.0,1814.88,660.12,5,0.0,1
4780,464,24,2,18,235.2,169.91,65.29,1,0.0,0
4781,995,17,4,17,710.6,510.61,199.99,2,0.15,0
4782,987,19,9,10,3960.0,2777.01,1182.99,3,0.0,0
4783,236,14,9,10,180.5,107.11,73.39,2,0.0,0
4784,1059,3,9,7,780.0,554.43,225.57,1,0.0,0
4785,309,28,5,11,182.4,136.56,45.84,4,0.0,0
4786,892,26,4,44,62.7,40.8,21.9,3,0.0,0
4787,579,25,6,9,133.0,93.56,39.44,4,0.0,0
4788,1071,18,3,13,2808.0,1896.22,911.78,4,0.2,0
4789,606,24,3,9,1197.0,736.62,460.38,3,0.0,0
4790,955,17,9,49,649.8,360.67,289.13,2,0.1,0
4791,512,9,6,24,576.0,401.61,174.39,2,0.1,0
4792,967,6,1,17,1732.8,1116.9,615.9,4,0.05,0
4793,776,23,1,35,160.65,105.9,54.75,2,0.1,0
4794,658,23,9,29,83.09,56.75,26.34,1,0.15,0
4795,968,11,4,5,2907.0,2128.68,778.32,2,0.15,0
4796,389,4,6,50,2299.0,1323.49,975.51,2,0.05,0
4797,71,16,5,46,1190.0,842.6,347.4,1,0.0,0
4798,8,21,2,1,198.0,119.88,78.12,4,0.0,0
4799,292,19,10,25,4140.0,2863.08,1276.92,3,0.0,0
4800,420,7,2,39,21840.0,14103.51,7736.49,5,0.2,0
4801,743,8,4,16,2349.6,1565.13,784.47,3,0.2,0
4802,886,27,10,30,61.75,34.27,27.48,1,0.0,0
4803,422,26,5,15,69.3,46.43,22.87,3,0.0,0
4804,729,27,9,46,298.35,168.2,130.15,4,0.15,0
4805,1038,3,8,33,3120.0,2307.57,812.43,4,0.0,1
4806,268,4,6,37,6050.0,3931.46,2118.54,5,0.0,0
4807,935,14,4,33,162.45,118.69,43.76,2,0.05,0
4808,93,30,4,14,67.2,39.21,27.99,1,0.0,0
4809,659,9,9,3,1472.0,894.93,577.07,4,0.0,0
4810,241,10,9,14,957.6,615.42,342.18,4,0.1,0
4811,1017,9,1,30,368.0,232.04,135.96,1,0.0,0
4812,724,13,1,1,769.5,571.33,198.17,4,0.05,0
4813,317,4,3,44,6600.0,3789.62,2810.38,5,0.0,0
4814,436,28,9,27,161.5,104.35,57.15,5,0.0,0
4815,902,5,7,17,5985.0,3538.32,2446.68,2,0.1,0
4816,614,24,6,42,1848.0,1175.66,672.34,5,0.2,0
4817,76,29,7,26,187.0,136.04,50.96,4,0.0,0
4818,475,4,3,13,1570.8,1151.13,419.67,3,0.15,0
4819,697,17,5,38,2280.0,1305.28,974.72,5,0.0,0
4820,634,28,7,23,41.8,31.07,10.73,1,0.0,0
4821,60,28,7,48,61.37,40.59,20.78,2,0.05,0
4822,39,10,9,46,470.4,294.12,176.28,2,0.2,0
4823,1084,4,2,45,5049.0,3118.31,1930.69,4,0.15,0
4824,741,24,9,41,1247.4,918.6,328.8,3,0.1,0
4825,506,16,10,49,2800.0,1656.8,1143.2,2,0.0,0
4826,397,30,7,22,598.5,350.39,248.11,5,0.05,0
4827,876,17,8,31,1520.0,1008.66,511.34,4,0.0,0
4828,871,3,4,50,1950.0,1261.86,688.14,3,0.0,1
4829,150,19,6,15,6000.0,4451.92,1548.08,5,0.0,0
4830,610,6,7,32,1056.0,623.14,432.86,2,0.0,0
4831,1004,28,7,8,100.32,55.73,44.59,3,0.2,0
4832,168,8,10,7,2536.5,1661.76,874.74,3,0.0,0
4833,580,6,4,27,1299.6,875.53,424.07,3,0.05,0
4834,536,19,10,1,1140.0,823.99,316.01,1,0.0,0
4835,807,4,7,50,1570.8,1008.54,562.26,3,0.2,0
4836,639,27,10,37,74.75,55.78,18.97,1,0.0,0
4837,1087,22,1,25,136.08,100.39,35.69,4,0.1,0
4838,474,13,8,12,75.6,51.79,23.81,1,0.1,0
4839,372,25,4,30,73.15,44.7,28.45,2,0.05,0
4840,118,12,9,25,16380.0,10446.61,5933.39,5,0.1,0
4841,547,30,6,40,432.0,295.02,136.98,4,0.0,0
4842,746,12,8,40,14300.0,10062.11,4237.89,2,0.0,0
4843,15,4,2,44,3630.0,2488.6,1141.4,3,0.0,0
4844,956,22,8,14,45.22,32.44,12.78,2,0.15,0
4845,869,17,6,27,1710.0,1175.75,534.25,5,0.1,0
4846,861,25,2,3,175.0,119.82,55.18,5,0.0,0
4847,711,17,7,31,2565.0,1836.17,728.83,5,0.0,1
4848,399,28,7,18,113.72,63.71,50.01,3,0.05,0
4849,308,16,7,32,5376.0,3779.56,1596.44,4,0.2,0
4850,807,26,5,48,35.34,22.58,12.76,3,0.1,0
4851,789,20,5,38,1346.62,941.17,405.45,3,0.05,0
4852,489,9,8,17,816.0,454.69,361.31,3,0.15,0
4853,519,1,6,16,4332.0,2529.59,1802.41,4,0.05,0
4854,559,22,9,40,100.8,73.15,27.65,4,0.0,0
4855,530,11,1,16,5472.0,3901.25,1570.75,4,0.2,0
4856,67,25,8,34,29.75,17.73,12.02,1,0.0,0
4857,1093,12,7,38,17550.0,12185.37,5364.63,2,0.0,0
4858,834,20,7,20,1800.0,1240.79,559.21,5,0.0,0
4859,60,16,4,30,2380.0,1769.57,610.43,2,0.0,0
4860,179,12,1,47,24700.0,14457.79,10242.21,4,0.0,1
4861,528,27,1,21,61.75,43.87,17.88,1,0.0,0
4862,835,12,9,15,24700.0,16705.3,7994.7,5,0.05,0
4863,414,29,5,26,231.0,156.97,74.03,4,0.0,0
4864,808,28,7,48,22.61,13.42,9.19,1,0.0,0
4865,280,29,8,13,284.62,183.55,101.07,5,0.1,0
4866,301,26,1,46,126.5,90.27,36.23,5,0.0,0
4867,182,1,3,41,4104.0,2294.07,1809.93,4,0.05,0
4868,226,22,10,21,25.27,15.41,9.86,1,0.05,0
4869,946,16,10,41,5320.0,3477.55,1842.45,4,0.0,1
4870,45,14,2,17,299.25,217.82,81.43,3,0.0,0
4871,761,9,8,34,1760.0,1268.96,491.04,5,0.0,0
4872,705,22,3,27,37.8,26.54,11.26,1,0.0,0
4873,827,28,9,31,60.65,42.53,18.12,3,0.05,0
4874,175,21,9,44,42.75,28.64,14.11,1,0.0,0
4875,818,30,2,14,357.0,205.44,151.56,5,0.0,0
4876,520,12,10,42,27787.5,20648.29,7139.21,5,0.1,1
4877,210,23,4,16,290.7,214.26,76.44,4,0.05,0
4878,685,30,9,50,136.8,91.08,45.72,1,0.05,0
4879,829,28,6,8,17.02,10.82,6.2,1,0.2,0
4880,74,15,9,14,7947.5,5397.13,2550.37,5,0.15,0
4881,551,17,4,1,684.0,447.0,237.0,2,0.0,0
4882,948,7,7,22,12597.0,8637.49,3959.51,3,0.15,0
4883,538,20,3,31,769.5,432.11,337.39,2,0.1,0
4884,242,28,8,36,180.5,127.86,52.64,5,0.0,0
4885,525,8,2,28,2874.7,1879.63,995.07,4,0.15,0
4886,1030,27,5,17,224.25,148.04,76.21,3,0.0,0
4887,647,24,10,14,483.0,361.85,121.15,1,0.0,1
4888,69,15,6,28,1496.0,1036.2,459.8,1,0.2,0
4889,867,20,10,50,450.0,314.39,135.61,1,0.0,0
4890,78,29,3,39,198.69,134.01,64.68,5,0.15,0
4891,449,1,10,11,1428.0,1028.07,399.93,2,0.0,0
4892,543,1,4,2,4104.0,2784.7,1319.3,4,0.1,0
4893,724,9,1,12,1728.0,1269.87,458.13,4,0.0,0
4894,299,28,10,23,87.4,57.83,29.57,2,0.0,1
4895,9,1,5,9,2640.0,1802.75,837.25,2,0.0,0
4896,80,25,7,34,47.6,34.83,12.77,2,0.2,0
4897,255,26,1,37,48.4,35.42,12.98,2,0.0,0
4898,1087,10,8,14,1890.0,1207.13,682.87,5,0.0,0
4899,916,29,4,38,210.38,122.04,88.34,5,0.15,0
4900,675,21,6,16,216.0,123.34,92.66,5,0.2,0
4901,322,16,3,44,2688.0,1755.38,932.62,2,0.2,0
4902,563,28,3,38,82.08,60.85,21.23,3,0.2,0
4903,379,28,6,24,142.12,90.07,52.05,4,0.15,0
4904,1078,22,2,22,102.06,56.97,45.09,3,0.1,0
4905,1052,4,10,28,6600.0,4745.36,1854.64,5,0.0,0
4906,1028,15,7,7,7590.0,5426.18,2163.82,3,0.0,0
4907,1050,18,5,38,663.0,476.74,186.26,1,0.15,0
4908,1046,19,3,42,4320.0,2727.84,1592.16,3,0.0,0
4909,487,30,6,2,384.0,242.92,141.08,4,0.2,1
4910,710,26,6,39,59.4,42.9,16.5,2,0.0,0
4911,160,28,1,33,61.37,35.63,25.74,2,0.15,0
4912,676,10,8,50,1142.4,741.8,400.6,4,0.15,0
4913,763,19,3,24,3213.0,1842.64,1370.36,3,0.15,0
4914,917,5,5,48,12600.0,8974.78,3625.22,5,0.2,0
4915,963,20,1,2,1710.0,1183.56,526.44,4,0.0,0
4916,746,20,5,36,1336.5,918.97,417.53,3,0.1,0
4917,544,30,2,28,456.0,268.81,187.19,4,0.0,0
4918,864,22,8,8,56.0,34.88,21.12,2,0.0,0
4919,62,30,3,50,387.6,247.81,139.79,4,0.05,0
4920,43,13,5,8,252.0,188.28,63.72,2,0.2,0
4921,989,13,6,13,165.0,117.71,47.29,1,0.0,1
4922,414,9,2,32,336.0,207.58,128.42,1,0.0,1
4923,689,18,4,19,2340.0,1578.32,761.68,3,0.0,0
4924,745,30,7,12,125.4,93.85,31.55,1,0.05,1
4925,440,7,6,43,15028.0,11182.45,3845.55,4,0.15,0
4926,850,17,1,36,1520.0,1066.62,453.38,5,0.0,0
4927,188,1,9,27,1080.0,637.4,442.6,1,0.0,0
4928,759,30,6,44,475.2,291.87,183.33,4,0.1,0
4929,936,19,4,15,3888.0,2436.78,1451.22,4,0.1,0
4930,497,28,2,43,152.0,99.51,52.49,4,0.0,1
4931,1061,17,9,23,456.0,253.85,202.15,1,0.0,0
4932,404,20,2,6,472.5,339.37,133.13,1,0.0,0
4933,332,13,5,4,162.0,112.04,49.96,1,0.1,0
4934,487,23,4,37,340.0,220.98,119.02,4,0.0,0
4935,5,22,4,35,130.9,83.71,47.19,5,0.15,0
4936,129,18,9,40,1170.0,713.03,456.97,2,0.1,1
4937,922,17,2,49,1094.4,701.03,393.37,4,0.2,0
4938,560,29,3,48,44.55,26.57,17.98,1,0.1,0
4939,190,6,5,12,1641.6,998.78,642.82,4,0.05,0
4940,846,10,5,2,638.4,433.89,204.51,3,0.05,0
4941,341,25,8,39,179.55,107.36,72.19,4,0.05,0
4942,671,17,2,44,2166.0,1383.48,782.52,5,0.05,0
4943,559,20,10,11,1154.25,756.37,397.88,3,0.05,0
4944,627,30,5,25,660.0,492.72,167.28,5,0.0,0
4945,686,8,2,21,2563.2,1633.87,929.33,3,0.2,0
4946,296,7,10,18,5980.0,4038.42,1941.58,1,0.0,0
4947,23,28,9,37,167.2,117.56,49.64,4,0.0,0
4948,800,14,9,5,68.64,51.29,17.35,1,0.15,0
4949,285,19,3,16,2760.0,1729.81,1030.19,2,0.0,0
4950,381,29,1,15,242.0,144.25,97.75,4,0.0,0
4951,553,2,7,44,2520.0,1645.4,874.6,1,0.0,0
4952,617,23,9,21,336.6,201.6,135.0,4,0.1,1
4953,676,11,10,25,5508.0,3883.75,1624.25,3,0.15,0
4954,762,27,8,33,245.7,168.4,77.3,4,0.1,0
4955,723,11,2,48,4617.0,3127.74,1489.26,2,0.05,0
4956,870,9,5,39,960.0,713.88,246.12,3,0.0,1
4957,340,15,1,24,11880.0,7140.74,4739.26,4,0.0,0
4958,396,29,5,17,121.0,68.04,52.96,2,0.0,0
4959,1045,14,8,17,387.6,220.91,166.69,4,0.15,0
4960,104,8,6,6,2492.0,1655.51,836.49,5,0.0,0
4961,45,26,6,27,58.91,33.59,25.32,3,0.15,0
4962,655,2,9,6,9660.0,7075.84,2584.16,3,0.0,0
4963,1026,28,8,28,148.58,111.29,37.29,4,0.15,0
4964,1004,22,10,45,24.64,14.93,9.71,1,0.2,0
4965,197,1,7,3,4860.0,3616.37,1243.63,5,0.1,0
4966,1006,2,1,24,6440.0,4318.84,2121.16,2,0.0,0
4967,716,15,5,38,11880.0,8002.69,3877.31,4,0.0,0
4968,272,16,1,46,3080.0,2073.72,1006.28,2,0.0,0
4969,232,26,5,14,56.43,40.31,16.12,3,0.1,0
4970,13,21,8,31,148.5,88.23,60.27,3,0.0,0
4971,23,20,3,9,470.25,310.34,159.91,1,0.05,0
4972,695,26,4,30,26.4,19.79,6.61,1,0.0,0
4973,318,2,5,16,3024.0,1739.56,1284.44,1,0.1,0
4974,179,6,7,28,1824.0,1148.44,675.56,4,0.0,0
4975,454,7,7,6,12376.0,7647.76,4728.24,4,0.0,0
4976,299,9,8,21,1104.0,640.27,463.73,3,0.0,0
4977,285,29,1,44,120.17,81.21,38.96,2,0.05,0
4978,118,5,8,47,5880.0,3243.07,2636.93,3,0.0,1
4979,730,29,7,36,297.0,188.67,108.33,4,0.0,0
4980,947,3,2,12,524.88,343.54,181.34,1,0.15,0
4981,930,28,10,13,68.4,42.61,25.79,2,0.0,0
4982,471,25,4,2,58.8,38.57,20.23,3,0.0,0
4983,655,3,7,22,2392.0,1342.42,1049.58,4,0.2,0
4984,608,7,3,7,24700.0,13743.41,10956.59,5,0.0,0
4985,811,22,5,27,66.64,41.11,25.53,5,0.2,1
4986,678,24,2,37,504.0,349.85,154.15,1,0.0,0
4987,133,11,5,35,9000.0,6352.3,2647.7,5,0.0,0
4988,454,7,5,26,7889.7,4730.37,3159.33,3,0.15,1
4989,416,25,4,1,104.74,72.45,32.29,3,0.05,0
4990,620,7,8,45,5720.0,3806.82,1913.18,1,0.0,0
4991,578,4,7,50,3135.0,2006.92,1128.08,3,0.0,0
4992,301,4,8,1,3605.25,2027.22,1578.03,3,0.05,0
4993,699,23,10,11,433.5,310.79,122.71,5,0.15,0
4994,435,30,10,48,408.0,261.04,146.96,4,0.0,0
4995,767,13,9,7,598.5,401.61,196.89,4,0.05,0
4996,727,20,2,32,1032.75,727.93,304.82,2,0.15,0
4997,142,2,6,47,6720.0,4488.51,2231.49,3,0.2,0
4998,388,8,2,32,4895.0,3666.38,1228.62,5,0.0,0
4999,1024,1,9,39,3519.0,2146.57,1372.43,3,0.15,0
5000,607,30,6,10,307.8,181.76,126.04,3,0.1,0
5001,957,1,8,25,3420.0,2275.36,1144.64,3,0.0,0
5002,26,16,9,42,4389.0,2543.17,1845.83,3,0.05,1
5003,374,15,2,38,4598.0,2552.87,2045.13,2,0.05,0
5004,785,26,2,8,109.72,71.59,38.13,5,0.05,0
5005,241,1,10,15,3648.0,2008.75,1639.25,4,0.2,0
5006,571,28,10,1,171.0,116.41,54.59,5,0.0,0
5007,403,5,8,45,12495.0,7292.3,5202.7,4,0.15,0
5008,1073,15,8,32,9504.0,5321.77,4182.23,4,0.2,0
5009,951,5,7,33,6650.0,3797.39,2852.61,2,0.0,0
5010,822,10,7,2,595.84,351.82,244.02,4,0.05,0
5011,742,13,10,44,148.5,105.95,42.55,1,0.1,0
5012,726,28,2,14,146.21,87.44,58.77,3,0.05,1
5013,942,26,5,47,79.2,54.18,25.02,5,0.2,0
5014,92,2,8,23,1489.6,958.4,531.2,1,0.05,0
5015,1076,14,8,13,346.28,198.81,147.47,3,0.1,0
5016,232,16,8,17,6317.5,4667.21,1650.29,5,0.05,0
5017,924,20,4,24,1822.5,1245.38,577.12,5,0.1,1
5018,629,7,9,16,16302.0,10936.72,5365.28,3,0.05,0
5019,255,6,6,10,422.4,239.1,183.3,1,0.2,0
5020,779,29,5,28,288.75,167.4,121.35,5,0.0,0
5021,230,19,2,37,4104.0,2729.32,1374.68,4,0.1,0
5022,490,22,1,14,28.0,19.68,8.32,1,0.0,0
5023,444,2,6,42,8568.0,4939.63,3628.37,4,0.1,0
5024,978,12,4,16,17160.0,10575.65,6584.35,3,0.2,0
5025,352,2,3,39,9072.0,5985.45,3086.55,3,0.2,0
5026,984,17,2,8,752.4,437.54,314.86,2,0.1,0
5027,404,10,6,8,1176.0,781.0,395.0,4,0.0,0
5028,262,5,10,15,3657.5,2483.29,1174.21,1,0.05,0
5029,688,29,1,16,280.5,169.81,110.69,5,0.15,0
5030,900,12,1,21,17598.75,12117.53,5481.22,3,0.05,0
5031,989,25,10,6,154.0,90.98,63.02,4,0.0,1
5032,617,7,5,42,17160.0,10638.32,6521.68,3,0.0,0
5033,157,3,6,32,1852.5,1336.41,516.09,3,0.0,0
5034,941,6,1,40,1166.4,649.6,516.8,3,0.1,0
5035,780,19,6,29,3591.0,2108.96,1482.04,3,0.05,0
5036,404,7,10,7,19656.0,12295.09,7360.91,4,0.1,0
5037,944,1,9,35,3420.0,1892.34,1527.66,3,0.0,0
5038,558,8,10,42,2403.0,1707.03,695.97,3,0.0,0
5039,139,1,5,10,3840.0,2686.98,1153.02,4,0.2,0
5040,396,12,5,38,14300.0,10498.55,3801.45,2,0.0,0
5041,1075,26,2,33,126.23,84.95,41.28,5,0.15,0
5042,233,7,3,49,24700.0,15411.37,9288.63,5,0.0,1
5043,658,7,9,20,25415.0,14372.51,11042.49,5,0.15,0
5044,1023,2,4,20,12880.0,8103.12,4776.88,4,0.0,0
5045,844,10,3,25,448.0,320.96,127.04,2,0.0,0
5046,663,10,7,11,322.0,239.02,82.98,1,0.0,0
5047,700,23,5,25,487.69,336.09,151.6,5,0.15,0
5048,512,19,5,1,3840.0,2772.55,1067.45,4,0.2,0
5049,505,22,5,15,79.8,50.0,29.8,3,0.05,0
5050,698,27,5,31,66.3,45.24,21.06,1,0.15,0
5051,512,30,10,34,120.0,76.6,43.4,1,0.0,1
5052,733,4,7,13,3630.0,2050.63,1579.37,3,0.0,0
5053,175,24,3,1,798.0,485.35,312.65,2,0.0,0
5054,693,13,2,25,900.0,657.98,242.02,5,0.0,0
5055,519,22,2,34,79.8,45.83,33.97,3,0.0,0
5056,404,14,7,24,99.75,65.19,34.56,1,0.0,1
5057,138,11,7,45,4860.0,2786.31,2073.69,3,0.1,0
5058,203,22,6,47,90.72,52.99,37.73,4,0.1,0
5059,675,6,5,38,1152.0,653.33,498.67,2,0.0,0
5060,238,21,2,42,128.25,85.17,43.08,3,0.0,1
5061,554,17,2,19,342.0,188.57,153.43,1,0.0,0
5062,1052,12,7,37,39000.0,25977.8,13022.2,5,0.0,0
5063,345,14,6,10,128.25,91.8,36.45,1,0.0,0
5064,63,4,8,20,935.0,523.91,411.09,1,0.0,1
5065,620,23,5,28,420.75,274.62,146.13,5,0.1,0
5066,826,12,10,20,18200.0,12525.36,5674.64,5,0.0,0
5067,383,26,10,8,41.14,25.8,15.34,2,0.15,1
5068,670,20,2,27,1620.0,1115.81,504.19,3,0.0,0
5069,642,7,3,47,5382.0,3664.75,1717.25,1,0.1,1
5070,202,7,1,34,14040.0,8333.38,5706.62,3,0.0,0
5071,1093,25,3,16,141.75,93.36,48.39,3,0.0,1
5072,26,24,3,10,1316.7,770.05,546.65,3,0.05,0
5073,168,21,4,50,85.5,64.04,21.46,2,0.0,0
5074,519,6,4,35,1732.8,1230.23,502.57,4,0.05,0
5075,971,13,1,20,256.5,188.21,68.29,2,0.1,0
5076,1011,21,7,46,196.65,120.05,76.6,4,0.05,1
5077,1023,16,3,5,1529.5,1040.15,489.35,1,0.05,0
5078,599,27,1,2,98.8,58.66,40.14,2,0.2,0
5079,759,28,2,2,177.65,128.37,49.28,5,0.15,1
5080,297,10,8,9,966.0,566.63,399.37,3,0.0,0
5081,133,14,9,38,171.0,100.13,70.87,2,0.1,1
5082,890,25,4,38,166.25,114.69,51.56,5,0.0,0
5083,212,26,9,11,89.1,52.4,36.7,5,0.1,0
5084,393,22,3,50,110.88,75.42,35.46,4,0.1,0
5085,980,29,1,18,102.85,74.6,28.25,2,0.15,0
5086,936,25,4,6,141.75,95.03,46.72,5,0.1,0
5087,145,27,2,47,221.0,147.12,73.88,4,0.15,0
5088,166,21,4,21,85.5,59.12,26.38,2,0.0,0
5089,709,1,8,42,1539.0,994.04,544.96,1,0.05,0
5090,610,19,5,43,5940.0,3994.0,1946.0,5,0.1,1
5091,406,26,6,30,83.16,52.66,30.5,4,0.1,1
5092,257,25,2,16,192.5,137.13,55.37,5,0.0,1
5093,735,3,10,50,1930.5,1169.68,760.82,3,0.1,0
5094,351,6,6,38,1944.0,1108.4,835.6,3,0.0,0
5095,387,23,1,48,252.45,142.25,110.2,3,0.1,0
5096,847,7,6,8,4160.0,2784.41,1375.59,1,0.0,0
5097,702,4,4,28,2821.5,1978.61,842.89,2,0.05,0
5098,21,28,6,47,41.8,23.53,18.27,1,0.0,0
5099,292,5,4,17,7647.5,5530.94,2116.56,2,0.05,0
5100,1029,26,8,3,40.48,27.76,12.72,2,0.2,0
5101,230,5,9,6,13300.0,9674.0,3626.0,4,0.0,0
5102,472,12,5,44,12376.0,8494.86,3881.14,4,0.15,0
5103,285,27,2,5,142.02,99.39,42.63,2,0.05,1
5104,867,8,8,14,890.0,543.93,346.07,1,0.0,0
5105,422,8,2,2,4205.25,2651.62,1553.63,5,0.1,1
5106,111,27,7,47,87.36,65.01,22.35,3,0.2,1
5107,54,1,4,35,1134.0,805.4,328.6,1,0.1,0
5108,856,10,9,24,238.0,132.68,105.32,1,0.15,0
5109,139,17,3,20,323.0,193.98,129.02,1,0.15,0
5110,917,2,3,34,7182.0,4040.14,3141.86,3,0.05,0
5111,964,18,8,42,1235.0,866.84,368.16,2,0.0,0
5112,980,28,1,14,83.6,50.66,32.94,2,0.0,0
5113,1015,9,4,47,736.0,449.76,286.24,2,0.0,0
5114,843,12,2,3,5200.0,3737.19,1462.81,1,0.0,0
5115,25,21,5,8,99.0,59.09,39.91,2,0.0,0
5116,933,19,5,9,918.0,591.62,326.38,1,0.15,1
5117,301,22,3,44,57.96,43.01,14.95,2,0.1,0
5118,951,5,2,32,10640.0,7514.19,3125.81,4,0.2,0
5119,1018,23,9,30,371.45,239.67,131.78,4,0.05,0
5120,760,28,2,14,198.55,127.66,70.89,5,0.05,0
5121,437,20,9,6,1721.25,1023.53,697.72,5,0.1,0
5122,330,2,5,33,13440.0,7496.39,5943.61,4,0.0,0
5123,518,11,6,48,8122.5,5977.17,2145.33,5,0.05,0
5124,174,21,8,47,85.5,48.97,36.53,2,0.0,0
5125,63,16,10,43,3808.0,2331.79,1476.21,4,0.2,0
5126,508,21,2,23,144.0,88.39,55.61,4,0.2,0
5127,395,30,10,7,561.0,345.05,215.95,5,0.15,0
5128,288,2,6,18,8694.0,5114.18,3579.82,3,0.1,0
5129,375,15,2,44,12100.0,7264.02,4835.98,5,0.0,1
5130,467,17,6,27,851.2,492.04,359.16,4,0.0,0
5131,959,21,2,50,128.25,82.3,45.95,3,0.0,0
5132,381,2,6,23,7854.0,4848.39,3005.61,3,0.15,0
5133,655,9,5,49,349.6,245.34,104.26,1,0.05,1
5134,847,15,8,45,7040.0,4612.09,2427.91,5,0.2,1
5135,338,21,3,7,51.64,28.8,22.84,1,0.15,0
5136,19,30,5,2,660.0,428.27,231.73,5,0.0,1
5137,256,26,3,19,96.8,66.56,30.24,4,0.0,0
5138,1008,18,1,18,747.5,553.53,193.97,1,0.0,1
5139,876,14,8,6,451.25,271.39,179.86,5,0.05,0
5140,888,5,5,20,13300.0,9165.57,4134.43,4,0.0,0
5141,849,16,2,8,1120.0,728.47,391.53,1,0.0,0
5142,29,8,4,11,2790.15,1967.93,822.22,3,0.05,0
5143,602,8,1,30,1691.0,1034.2,656.8,2,0.0,0
5144,867,25,9,37,140.0,90.52,49.48,5,0.2,1
5145,123,25,4,41,35.0,24.84,10.16,1,0.0,0
5146,208,26,8,29,89.1,64.66,24.44,5,0.1,0
5147,293,9,7,37,736.0,473.56,262.44,2,0.0,0
5148,1081,4,2,44,2970.0,1688.89,1281.11,2,0.0,0
5149,591,8,3,16,676.4,407.77,268.63,1,0.2,0
5150,777,27,6,7,273.0,156.96,116.04,5,0.2,0
5151,166,29,8,4,52.25,31.57,20.68,1,0.0,1
5152,943,9,4,47,576.0,419.13,156.87,2,0.0,0
5153,961,10,1,45,798.0,499.54,298.46,3,0.0,0
5154,318,7,2,5,18720.0,10704.92,8015.08,3,0.0,0
5155,56,21,3,2,189.0,122.43,66.57,4,0.0,0
5156,824,21,10,14,20.16,11.22,8.94,1,0.2,0
5157,362,3,5,17,1491.75,1078.42,413.33,2,0.15,0
5158,897,21,4,48,102.6,60.54,42.06,3,0.2,0
5159,279,11,7,8,1656.0,1046.38,609.62,1,0.2,1
5160,641,22,10,37,161.0,97.25,63.75,5,0.0,0
5161,175,18,5,22,1852.5,1181.37,671.13,3,0.0,0
5162,649,18,3,26,3737.5,2593.7,1143.8,5,0.0,0
5163,123,18,2,18,2925.0,2086.71,838.29,5,0.1,0
5164,65,6,4,9,816.0,539.4,276.6,2,0.0,0
5165,713,17,1,45,872.1,608.17,263.93,2,0.15,0
5166,352,17,9,2,1539.0,1131.49,407.51,3,0.0,0
5167,94,28,8,46,106.4,70.99,35.41,5,0.0,1
5168,924,26,4,24,47.52,33.64,13.88,3,0.2,0
5169,270,12,3,18,27170.0,17598.86,9571.14,4,0.05,0
5170,561,19,7,17,5400.0,3006.64,2393.36,5,0.0,0
5171,109,2,7,1,5644.8,3705.33,1939.47,4,0.1,0
5172,278,13,5,35,690.0,512.02,177.98,4,0.0,0
5173,746,26,6,14,91.96,61.5,30.46,4,0.05,0
5174,721,29,5,42,297.0,197.97,99.03,4,0.0,0
5175,46,29,5,2,231.0,166.77,64.23,4,0.0,0
5176,726,24,4,39,2268.0,1289.39,978.61,4,0.0,0
5177,456,5,5,30,1862.0,1234.01,627.99,1,0.05,0
5178,279,12,2,46,29900.0,17648.73,12251.27,4,0.0,0
5179,117,7,3,24,2475.2,1769.88,705.32,1,0.15,0
5180,609,8,10,33,4895.0,3620.08,1274.92,5,0.0,1
5181,942,18,10,23,994.5,730.89,263.61,2,0.15,0
5182,1023,19,5,37,4692.0,2826.99,1865.01,4,0.15,1
5183,628,20,6,46,2475.0,1778.4,696.6,5,0.0,0
5184,238,6,8,47,775.2,443.29,331.91,2,0.15,0
5185,590,22,3,29,23.94,14.26,9.68,1,0.1,0
5186,574,29,1,11,89.1,66.2,22.9,2,0.1,0
5187,265,16,7,7,5852.0,4293.17,1558.83,4,0.05,0
5188,63,25,5,3,75.86,55.73,20.13,3,0.15,0
5189,751,4,2,11,5747.5,3427.13,2320.37,5,0.05,0
5190,252,1,6,1,2244.0,1624.41,619.59,2,0.15,0
5191,332,2,8,50,8568.0,5802.99,2765.01,3,0.15,0
5192,348,26,9,46,56.43,39.84,16.59,2,0.05,1
5193,1005,16,5,12,2898.0,1715.73,1182.27,2,0.1,0
5194,445,30,4,41,408.0,284.08,123.92,4,0.0,0
5195,903,17,4,39,1155.2,807.76,347.44,4,0.2,0
5196,706,4,1,1,2821.5,1552.62,1268.88,2,0.05,0
5197,339,3,5,13,2237.62,1464.26,773.36,3,0.15,1
5198,784,26,6,14,92.4,57.49,34.91,4,0.0,0
5199,510,4,1,23,2200.0,1456.54,743.46,2,0.0,0
5200,135,18,8,15,552.5,393.37,159.13,1,0.15,1
5201,106,16,10,14,1489.6,953.13,536.47,2,0.05,0
5202,467,4,3,40,2464.0,1793.34,670.66,4,0.0,0
5203,176,24,5,34,1197.0,872.31,324.69,3,0.0,0
5204,930,22,6,39,22.68,13.15,9.53,1,0.1,0
5205,38,1,10,4,5040.0,2946.2,2093.8,4,0.0,0
5206,979,3,3,49,643.5,429.13,214.37,1,0.1,0
5207,572,12,3,16,24862.5,17153.52,7708.98,5,0.15,0
5208,78,5,4,14,2380.0,1465.06,914.94,1,0.2,0
5209,1057,24,8,23,478.8,297.89,180.91,1,0.05,0
5210,61,7,3,13,3536.0,2606.7,929.3,1,0.2,0
5211,117,26,7,1,61.6,45.45,16.15,5,0.0,0
5212,25,6,5,8,1056.0,590.74,465.26,2,0.0,0
5213,867,16,6,34,5600.0,3461.56,2138.44,4,0.0,0
5214,11,19,6,37,1320.0,814.51,505.49,1,0.0,0
5215,897,6,4,26,1641.6,998.51,643.09,4,0.1,0
5216,913,6,9,28,1296.0,852.81,443.19,3,0.0,0
5217,276,2,5,15,16100.0,11319.69,4780.31,5,0.0,0
5218,95,22,5,26,31.36,20.3,11.06,2,0.0,0
5219,397,30,5,39,201.6,134.02,67.58,2,0.2,0
5220,872,26,7,29,66.0,42.13,23.87,3,0.0,1
5221,860,19,9,48,3240.0,1985.9,1254.1,3,0.1,0
5222,155,25,2,4,113.05,80.52,32.53,4,0.15,0
5223,310,14,5,6,541.5,365.49,176.01,5,0.05,0
5224,922,18,10,21,1111.5,716.41,395.09,2,0.05,0
5225,328,9,10,14,364.8,254.67,110.13,1,0.05,0
5226,1069,5,5,16,17010.0,9405.14,7604.86,4,0.1,0
5227,600,2,8,41,13300.0,8349.68,4950.32,5,0.0,0
5228,1043,27,8,24,249.6,166.23,83.37,4,0.2,1
5229,286,25,1,50,68.42,50.89,17.53,2,0.15,0
5230,962,7,6,50,19760.0,11425.17,8334.83,4,0.0,0
5231,991,6,2,10,1056.0,586.47,469.53,2,0.0,0
5232,938,22,9,37,60.48,40.36,20.12,3,0.2,0
5233,291,23,5,12,234.6,147.25,87.35,3,0.2,0
5234,2,29,6,32,302.5,191.01,111.49,5,0.0,0
5235,421,1,4,18,1008.0,737.9,270.1,1,0.2,0
5236,831,11,4,9,6480.0,3982.84,2497.16,5,0.1,0
5237,547,20,10,29,1296.0,963.0,333.0,4,0.2,0
5238,90,14,1,2,323.0,238.29,84.71,4,0.0,0
5239,570,26,4,16,79.2,59.29,19.91,4,0.0,0
5240,163,24,8,20,1197.0,751.12,445.88,3,0.0,0
5241,782,8,9,45,3551.1,2085.53,1465.57,4,0.05,0
5242,733,29,8,46,193.6,118.14,75.46,4,0.2,0
5243,666,9,6,33,1398.4,803.22,595.18,4,0.05,0
5244,1023,10,2,18,611.8,398.39,213.41,2,0.05,1
5245,131,9,2,47,1440.0,936.16,503.84,5,0.1,0
5246,425,23,5,44,361.25,204.62,156.63,5,0.0,0
5247,420,23,4,37,357.0,253.54,103.46,5,0.2,1
5248,327,4,6,37,1320.0,847.71,472.29,1,0.0,0
5249,434,28,3,43,32.3,22.41,9.89,1,0.0,1
5250,530,30,6,27,364.8,235.88,128.92,4,0.2,0
5251,545,4,8,42,3971.0,2189.66,1781.34,4,0.05,0
5252,473,19,2,7,2284.8,1630.8,654.0,4,0.15,0
5253,902,21,7,32,136.8,97.53,39.27,4,0.2,1
5254,971,24,7,25,1276.8,766.52,510.28,4,0.2,1
5255,96,18,6,9,327.6,224.16,103.44,1,0.1,1
5256,287,19,7,20,4140.0,3044.2,1095.8,3,0.0,0
5257,745,2,5,37,13860.0,9062.8,4797.2,5,0.1,0
5258,1027,16,3,30,4830.0,3371.73,1458.27,3,0.0,0
5259,11,14,2,44,522.5,359.72,162.78,5,0.0,0
5260,349,20,9,30,1032.75,676.7,356.05,2,0.15,0
5261,565,2,1,25,10080.0,6159.46,3920.54,4,0.0,0
5262,885,7,10,3,9880.0,7015.0,2865.0,2,0.0,0
5263,507,2,4,6,11900.0,6997.01,4902.99,5,0.15,0
5264,490,8,1,6,890.0,632.07,257.93,1,0.0,0
5265,44,13,6,17,708.75,435.65,273.1,5,0.1,0
5266,655,12,3,45,22425.0,13022.11,9402.89,3,0.0,0
5267,704,3,5,13,3159.0,2026.47,1132.53,4,0.1,0
5268,932,23,9,14,229.5,169.25,60.25,3,0.0,1
5269,410,21,9,30,40.16,24.03,16.13,1,0.15,0
5270,814,14,10,28,96.09,71.82,24.27,2,0.15,0
5271,728,23,9,28,344.25,221.28,122.97,3,0.0,0
5272,289,11,7,3,1863.0,1253.7,609.3,1,0.1,0
5273,228,25,7,9,79.8,50.67,29.13,3,0.2,0
5274,964,14,3,38,171.47,121.8,49.67,2,0.05,0
5275,582,5,7,34,7980.0,4575.61,3404.39,3,0.2,1
5276,938,7,7,31,19890.0,14274.88,5615.12,5,0.15,1
5277,100,3,1,9,1164.8,658.6,506.2,4,0.2,0
5278,641,28,3,1,78.66,58.29,20.37,2,0.1,0
5279,207,30,3,8,275.4,155.61,119.79,3,0.15,0
5280,562,29,6,47,198.0,141.62,56.38,4,0.0,0
5281,555,14,3,10,85.5,53.71,31.79,1,0.0,0
5282,445,21,4,39,65.02,40.35,24.67,2,0.15,0
5283,590,7,3,25,9880.0,5909.39,3970.61,2,0.0,0
5284,567,1,4,4,4320.0,2646.75,1673.25,4,0.0,0
5285,1080,27,5,5,263.25,148.01,115.24,3,0.0,1
5286,1084,10,4,49,1134.0,734.35,399.65,3,0.0,0
5287,435,24,4,12,1785.0,1286.97,498.03,5,0.0,0
5288,954,1,3,17,3420.0,2087.76,1332.24,3,0.0,0
5289,177,1,10,1,4332.0,2465.94,1866.06,4,0.05,0
5290,483,22,6,45,44.8,31.42,13.38,2,0.0,0
5291,452,16,7,23,2499.0,1594.78,904.22,3,0.0,0
5292,261,15,6,31,4840.0,2972.23,1867.77,2,0.0,0
5293,219,10,8,7,505.4,319.04,186.36,2,0.05,0
5294,506,19,4,50,5100.0,3692.36,1407.64,5,0.15,0
5295,368,15,1,9,2420.0,1359.49,1060.51,1,0.0,0
5296,426,29,5,15,84.15,47.13,37.02,2,0.1,0
5297,677,17,3,19,1732.8,1018.52,714.28,4,0.05,0
5298,144,27,3,39,260.0,145.26,114.74,5,0.2,0
5299,230,23,10,8,153.42,95.02,58.4,2,0.05,0
5300,743,11,8,43,1980.0,1406.61,573.39,1,0.0,0
5301,184,14,3,12,68.4,50.29,18.11,1,0.2,0
5302,667,20,2,3,439.87,266.22,173.65,1,0.15,0
5303,807,9,4,26,571.2,342.83,228.37,3,0.0,0
5304,857,19,2,17,2400.0,1651.21,748.79,2,0.0,1
5305,16,21,1,30,99.0,72.66,26.34,2,0.0,1
5306,816,23,9,16,151.72,97.46,54.26,3,0.0,0
5307,1039,29,8,35,168.3,108.8,59.5,3,0.15,0
5308,448,7,9,49,9282.0,5178.41,4103.59,3,0.0,0
5309,89,29,1,43,187.0,126.57,60.43,4,0.0,0
5310,1054,24,7,42,1915.2,1392.24,522.96,4,0.05,0
5311,758,18,7,8,2860.0,1889.17,970.83,4,0.0,0
5312,948,21,1,16,128.25,91.15,37.1,3,0.0,0
5313,452,6,5,25,728.28,515.47,212.81,3,0.15,0
5314,847,28,9,19,30.4,18.52,11.88,1,0.0,0
5315,412,11,2,30,5386.5,3182.36,2204.14,3,0.05,1
5316,140,27,9,24,52.0,36.18,15.82,1,0.2,1
5317,811,19,7,23,3570.0,2615.47,954.53,5,0.0,0
5318,844,1,1,41,1632.0,969.06,662.94,2,0.15,0
5319,315,6,10,26,1555.2,935.08,620.12,3,0.1,0
5320,18,19,3,12,2640.0,1500.88,1139.12,2,0.0,0
5321,724,16,10,41,4536.0,3148.29,1387.71,3,0.2,0
5322,268,8,8,26,3916.0,2367.63,1548.37,4,0.0,0
5323,880,10,4,4,504.0,362.5,141.5,2,0.1,0
5324,159,8,8,10,1521.9,1007.37,514.53,2,0.1,0
5325,411,12,3,20,12285.0,7132.25,5152.75,2,0.1,0
5326,757,2,2,46,8316.0,5229.31,3086.69,3,0.1,0
5327,534,1,8,28,4560.0,2807.52,1752.48,5,0.2,0
5328,959,18,4,43,1482.0,962.95,519.05,3,0.2,0
5329,50,2,8,33,5880.0,3590.86,2289.14,2,0.0,0
5330,804,13,10,20,446.25,283.94,162.31,5,0.0,0
5331,10,22,10,41,92.4,60.39,32.01,3,0.0,0
5332,730,29,1,34,222.75,148.32,74.43,3,0.0,0
5333,875,6,10,31,912.0,570.97,341.03,2,0.05,0
5334,300,7,3,21,20332.0,14495.16,5836.84,4,0.15,0
5335,623,23,7,35,397.38,231.72,165.66,5,0.15,1
5336,554,15,3,13,3960.0,2683.32,1276.68,2,0.0,0
5337,882,14,7,7,95.0,54.15,40.85,1,0.0,1
5338,792,3,9,4,1768.0,1153.87,614.13,4,0.2,0
5339,791,25,9,45,141.31,104.36,36.95,5,0.05,0
5340,347,9,5,39,1296.0,908.21,387.79,3,0.0,0
5341,738,3,9,28,3038.75,1868.23,1170.52,5,0.15,0
5342,471,22,5,18,12.54,8.31,4.23,1,0.2,0
5343,482,28,2,35,54.72,30.4,24.32,2,0.1,0
5344,391,9,8,27,1760.0,1251.18,508.82,5,0.0,0
5345,417,16,8,39,2499.0,1859.12,639.88,2,0.15,0
5346,5,3,3,11,715.0,448.38,266.62,1,0.0,0
5347,752,6,1,1,1056.0,703.28,352.72,2,0.0,0
5348,443,3,4,16,1878.5,1318.65,559.85,4,0.15,0
5349,137,10,1,38,1400.0,792.27,607.73,5,0.0,0
5350,376,8,2,36,4650.25,3007.69,1642.56,5,0.05,0
5351,231,6,10,23,2280.0,1663.29,616.71,5,0.0,1
5352,201,22,8,32,71.82,52.49,19.33,3,0.05,0
5353,29,1,1,45,1122.0,747.66,374.34,1,0.15,1
5354,163,15,7,22,3344.0,2345.99,998.01,2,0.2,1
5355,633,17,4,17,668.8,483.39,185.41,2,0.2,1
5356,986,4,6,5,3630.0,2518.34,1111.66,3,0.0,0
5357,237,4,8,41,888.25,611.11,277.14,1,0.15,0
5358,274,16,3,35,3220.0,2314.39,905.61,2,0.0,0
5359,487,22,9,1,119.0,70.26,48.74,5,0.15,0
5360,234,6,4,11,433.2,295.97,137.23,1,0.05,0
5361,768,28,10,46,79.8,48.12,31.68,2,0.0,0
5362,479,5,6,12,10640.0,6192.86,4447.14,4,0.05,0
5363,88,29,3,6,93.5,53.27,40.23,2,0.0,0
5364,710,24,5,11,2409.75,1429.03,980.72,5,0.15,1
5365,1012,22,1,7,30.59,19.55,11.04,1,0.05,0
5366,887,30,8,48,541.5,377.63,163.87,5,0.05,1
5367,15,6,6,7,1584.0,1031.88,552.12,3,0.0,0
5368,347,14,8,15,128.25,74.93,53.32,1,0.0,0
5369,613,3,8,44,2145.0,1454.62,690.38,3,0.0,0
5370,25,12,4,5,32175.0,19504.56,12670.44,5,0.1,0
5371,702,1,8,21,4860.0,3185.84,1674.16,3,0.0,0
5372,336,18,5,27,3334.5,1875.51,1458.99,4,0.05,0
5373,1033,9,7,29,1748.0,978.71,769.29,5,0.05,0
5374,466,1,8,26,1713.6,1043.28,670.32,3,0.15,0
5375,1045,8,6,21,1068.0,693.68,374.32,1,0.0,0
5376,343,15,10,29,5049.0,2915.84,2133.16,2,0.15,0
5377,53,4,9,16,2310.0,1437.29,872.71,2,0.0,0
5378,323,3,4,17,741.0,540.25,200.75,1,0.05,0
5379,1094,1,2,40,8100.0,5044.48,3055.52,5,0.0,0
5380,85,13,6,5,108.38,69.78,38.6,1,0.15,0
5381,560,28,8,5,32.49,18.19,14.3,1,0.05,0
5382,721,26,8,37,106.92,70.7,36.22,4,0.1,1
5383,184,6,5,4,1468.8,1001.79,467.01,4,0.15,0
5384,610,18,2,16,3038.75,1988.08,1050.67,5,0.15,0
5385,255,4,5,22,4598.0,3260.65,1337.35,4,0.05,0
5386,900,14,2,38,270.75,163.42,107.33,3,0.0,0
5387,60,4,8,3,4675.0,3310.04,1364.96,5,0.0,0
5388,628,11,2,31,6336.0,4496.7,1839.3,4,0.2,0
5389,313,22,4,36,33.6,23.21,10.39,1,0.0,0
5390,472,10,8,33,297.92,191.29,106.63,2,0.05,0
5391,389,24,3,4,2310.0,1564.38,745.62,5,0.0,0
5392,374,18,5,34,3217.5,2074.84,1142.66,5,0.1,0
5393,1029,16,3,30,2898.0,1946.11,951.89,2,0.1,1
5394,441,21,6,45,130.05,87.84,42.21,4,0.15,0
5395,523,1,10,16,5130.0,3232.81,1897.19,5,0.1,0
5396,1083,10,7,19,1890.0,1140.26,749.74,5,0.0,0
5397,509,19,9,15,3060.0,2147.38,912.62,3,0.15,0
5398,711,5,4,39,4252.5,2962.33,1290.17,1,0.1,0
5399,930,13,3,10,540.0,333.02,206.98,4,0.0,1
5400,463,27,4,20,34.58,23.38,11.2,1,0.05,0
5401,214,14,7,13,180.5,127.42,53.08,2,0.0,0
5402,273,3,6,26,1430.0,1038.82,391.18,2,0.0,1
5403,363,28,7,14,205.2,145.68,59.52,4,0.0,0
5404,860,6,4,13,1368.0,761.2,606.8,3,0.05,0
5405,746,12,2,48,21450.0,12959.64,8490.36,3,0.0,0
5406,302,3,2,7,2990.0,1803.05,1186.95,4,0.0,0
5407,601,19,6,31,3420.0,2404.47,1015.53,3,0.0,0
5408,1089,23,5,12,327.04,195.42,131.62,3,0.05,0
5409,752,3,3,40,715.0,533.2,181.8,1,0.0,0
5410,1006,21,10,12,131.96,82.8,49.16,3,0.15,0
5411,1027,15,3,17,8602.0,5082.57,3519.43,4,0.15,0
5412,1082,29,8,24,297.0,170.37,126.63,5,0.2,0
5413,5,2,8,21,3080.0,1921.05,1158.95,1,0.0,1
5414,155,26,9,15,59.56,43.28,16.28,3,0.05,0
5415,481,2,6,30,11200.0,6742.57,4457.43,5,0.0,0
5416,157,1,9,6,2280.0,1438.45,841.55,2,0.0,0
5417,489,24,8,35,1680.0,1027.67,652.33,4,0.0,0
5418,146,30,5,41,480.0,304.87,175.13,4,0.0,0
5419,798,4,1,25,3973.75,2513.97,1459.78,5,0.15,0
5420,634,20,2,10,445.5,326.36,119.14,1,0.1,0
5421,76,13,6,1,510.0,367.15,142.85,4,0.0,0
5422,172,12,10,1,6175.0,4508.23,1666.77,1,0.0,0
5423,285,24,4,6,1932.0,1063.24,868.76,4,0.0,0
5424,108,6,8,11,1075.2,724.9,350.3,5,0.2,0
5425,1048,8,3,8,2136.0,1411.55,724.45,2,0.0,1
5426,542,24,10,36,1197.0,747.39,449.61,3,0.0,0
5427,810,25,7,40,83.3,56.42,26.88,5,0.2,1
5428,1035,29,5,11,63.25,42.98,20.27,1,0.0,0
5429,570,27,5,9,166.73,92.16,74.57,3,0.05,0
5430,1001,6,4,46,2508.0,1413.37,1094.63,5,0.05,1
5431,755,6,9,46,1346.4,901.81,444.59,3,0.15,0
5432,560,15,6,43,6732.0,4290.73,2441.27,4,0.15,1
5433,1004,23,10,33,168.3,100.29,68.01,2,0.1,0
5434,1022,16,10,31,6842.5,4495.03,2347.47,5,0.15,0
5435,799,15,7,2,7480.0,5190.96,2289.04,4,0.0,0
5436,756,19,4,39,3366.0,2304.13,1061.87,3,0.15,0
5437,10,25,5,15,192.5,143.42,49.08,5,0.0,0
5438,889,24,1,9,1995.0,1403.48,591.52,5,0.0,0
5439,785,14,1,40,399.0,247.96,151.04,4,0.0,0
5440,805,1,8,21,571.2,333.74,237.46,1,0.2,0
5441,1025,10,3,25,547.4,316.04,231.36,2,0.15,0
5442,586,30,2,34,91.2,52.54,38.66,1,0.2,0
5443,601,2,9,23,11305.0,6747.12,4557.88,5,0.15,0
5444,493,11,3,18,3420.0,2409.65,1010.35,2,0.05,0
5445,678,2,8,47,11424.0,8400.15,3023.85,4,0.15,0
5446,661,15,4,32,6831.0,4866.98,1964.02,3,0.1,0
5447,723,24,3,22,567.0,331.19,235.81,1,0.0,0
5448,595,14,8,38,90.25,61.54,28.71,1,0.0,0
5449,348,28,3,31,205.2,138.9,66.3,5,0.2,0
5450,561,19,7,21,2160.0,1527.78,632.22,2,0.0,0
5451,522,22,10,37,133.0,76.93,56.07,5,0.0,0
5452,1059,11,5,3,8640.0,4853.69,3786.31,4,0.0,0
5453,184,11,10,46,1620.0,982.65,637.35,1,0.0,0
5454,656,16,6,15,8050.0,4538.9,3511.1,5,0.0,1
5455,988,13,4,22,297.0,180.24,116.76,2,0.1,0
5456,268,24,7,48,924.0,558.3,365.7,2,0.0,0
5457,289,1,7,16,2760.0,2006.6,753.4,2,0.0,0
5458,1080,20,8,34,2430.0,1554.63,875.37,4,0.0,0
5459,784,29,6,39,98.17,58.28,39.89,2,0.15,0
5460,588,4,10,5,4180.0,2971.52,1208.48,4,0.0,0
5461,99,8,4,48,996.8,648.84,347.96,2,0.0,0
5462,577,3,9,42,1755.0,1112.54,642.46,3,0.0,0
5463,881,2,3,44,2380.0,1596.93,783.07,1,0.15,0
5464,456,16,9,35,666.4,387.62,278.78,1,0.15,1
5465,65,19,4,27,3468.0,2584.66,883.34,4,0.15,1
5466,1022,15,8,30,4048.0,2563.22,1484.78,2,0.2,0
5467,935,13,5,23,405.0,249.55,155.45,3,0.0,1
5468,427,9,9,8,1360.0,967.21,392.79,5,0.0,0
5469,414,12,2,7,6825.0,4274.93,2550.07,1,0.0,0
5470,646,12,4,16,6727.5,4532.01,2195.49,1,0.1,0
5471,394,23,4,13,93.5,58.25,35.25,1,0.0,0
5472,144,10,9,21,714.0,504.86,209.14,3,0.15,0
5473,294,13,5,2,690.0,489.94,200.06,4,0.0,0
5474,790,15,5,46,2310.0,1562.6,747.4,1,0.0,0
5475,609,10,9,31,1232.0,704.05,527.95,4,0.0,1
5476,861,10,9,16,714.0,412.09,301.91,3,0.15,0
5477,929,8,1,12,4005.0,2245.75,1759.25,5,0.0,0
5478,979,30,3,23,224.4,124.93,99.47,2,0.15,0
5479,740,17,10,14,1588.4,1117.73,470.67,4,0.05,0
5480,371,18,5,34,3217.5,2344.92,872.58,5,0.1,0
5481,615,27,10,23,67.93,46.58,21.35,1,0.05,0
5482,138,24,10,18,1008.0,719.01,288.99,3,0.2,0
5483,601,10,7,17,798.0,476.93,321.07,3,0.0,0
5484,62,9,2,24,544.0,394.18,149.82,2,0.0,1
5485,1078,13,8,35,607.5,365.19,242.31,3,0.0,1
5486,142,17,10,31,1368.0,940.5,427.5,4,0.1,0
5487,256,29,5,25,242.0,169.33,72.67,4,0.0,0
5488,468,14,8,10,159.6,111.49,48.11,3,0.0,1
5489,58,2,5,43,2793.0,1806.27,986.73,1,0.05,0
5490,1015,8,5,45,4094.0,2802.69,1291.31,4,0.0,0
5491,201,8,5,1,2883.6,1942.44,941.16,4,0.1,0
5492,180,13,5,23,570.0,409.61,160.39,4,0.0,0
5493,592,21,3,46,181.69,133.42,48.27,5,0.15,0
5494,258,25,9,49,146.3,100.57,45.73,4,0.05,0
5495,185,12,1,28,21060.0,15523.48,5536.52,4,0.1,0
5496,735,24,8,8,1386.0,994.0,392.0,3,0.0,0
5497,166,28,7,27,162.45,118.31,44.14,5,0.1,1
5498,491,14,4,25,270.75,183.53,87.22,3,0.05,0
5499,759,11,2,45,7920.0,5723.97,2196.03,4,0.0,0
5500,425,19,6,27,2040.0,1175.73,864.27,2,0.0,1
5501,153,17,3,24,1299.6,819.81,479.79,4,0.1,0
5502,167,5,7,37,10640.0,7424.75,3215.25,4,0.2,0
5503,795,19,8,36,2754.0,1780.04,973.96,3,0.1,0
5504,1040,21,10,27,108.0,71.75,36.25,2,0.0,1
5505,120,12,3,32,3640.0,2517.88,1122.12,1,0.0,0
5506,376,6,6,37,501.6,301.0,200.6,1,0.05,0
5507,247,5,8,19,13860.0,10164.13,3695.87,4,0.1,0
5508,227,16,7,14,1064.0,714.14,349.86,1,0.2,0
5509,1029,28,7,16,148.58,101.08,47.5,4,0.15,0
5510,744,22,6,15,123.2,78.11,45.09,4,0.0,0
5511,395,1,7,13,3762.0,2423.07,1338.93,3,0.05,0
5512,723,16,8,24,6804.0,4737.5,2066.5,4,0.1,0
5513,1067,10,2,1,1134.0,813.78,320.22,3,0.0,0
5514,445,28,3,31,64.6,38.35,26.25,2,0.0,0
5515,1073,6,8,20,2592.0,1813.44,778.56,4,0.0,0
5516,470,26,6,27,12.32,8.15,4.17,1,0.0,0
5517,310,1,4,35,1224.0,879.58,344.42,1,0.15,0
5518,675,17,7,9,410.4,253.2,157.2,1,0.1,1
5519,132,23,2,7,153.0,107.47,45.53,2,0.1,0
5520,62,26,4,41,71.06,44.55,26.51,4,0.05,0
5521,623,16,3,33,1309.0,784.42,524.58,1,0.15,0
5522,669,19,9,18,4140.0,2436.39,1703.61,3,0.0,1
5523,1007,20,1,46,879.75,600.7,279.05,2,0.15,0
5524,64,27,4,32,165.75,102.6,63.15,3,0.0,0
5525,221,22,4,10,67.83,41.96,25.87,3,0.15,0
5526,918,23,6,27,244.8,139.45,105.35,4,0.2,0
5527,98,27,4,4,103.74,67.46,36.28,3,0.05,0
5528,935,26,2,9,79.2,45.96,33.24,4,0.0,0
5529,599,26,9,39,18.81,11.68,7.13,1,0.1,0
5530,1035,8,9,33,2047.0,1497.15,549.85,2,0.0,0
5531,248,9,10,30,1337.6,846.34,491.26,4,0.05,0
5532,504,13,2,27,427.5,270.52,156.98,3,0.05,0
5533,1041,29,3,9,264.0,189.54,74.46,4,0.0,0
5534,551,23,10,43,61.2,45.37,15.83,1,0.2,0
5535,540,19,5,13,2907.0,2097.91,809.09,3,0.15,0
5536,839,28,7,5,54.72,35.96,18.76,2,0.1,0
5537,697,1,1,46,5760.0,3272.15,2487.85,5,0.2,0
5538,710,24,7,48,2041.2,1199.21,841.99,4,0.1,1
5539,747,30,10,49,250.8,178.42,72.38,2,0.05,1
5540,584,3,3,41,2470.0,1563.54,906.46,4,0.0,0
5541,671,22,4,27,28.56,18.74,9.82,1,0.15,0
5542,898,5,1,43,6650.0,4857.67,1792.33,2,0.0,1
5543,440,18,9,7,552.5,305.14,247.36,1,0.0,1
5544,875,13,8,28,285.0,166.09,118.91,2,0.05,0
5545,909,8,5,50,2282.85,1357.74,925.11,3,0.1,1
5546,741,14,8,1,355.3,202.57,152.73,4,0.15,0
5547,6,12,7,43,20377.5,14490.56,5886.94,3,0.05,0
5548,397,19,7,32,5040.0,3092.19,1947.81,4,0.0,0
5549,923,7,10,16,4446.0,2668.72,1777.28,1,0.05,0
5550,700,9,7,36,2052.0,1434.87,617.13,5,0.05,0
5551,103,25,6,34,93.1,61.14,31.96,5,0.05,0
5552,330,11,4,7,3888.0,2761.11,1126.89,2,0.1,0
5553,860,5,6,18,11200.0,7298.8,3901.2,4,0.2,0
5554,67,19,6,34,1020.0,563.88,456.12,1,0.0,0
5555,602,13,2,21,570.0,366.72,203.28,5,0.2,0
5556,84,1,2,38,1020.0,652.95,367.05,1,0.0,0
5557,656,9,7,29,625.6,382.75,242.85,2,0.15,0
5558,500,28,7,49,190.0,135.67,54.33,5,0.0,0
5559,67,18,10,18,552.5,315.73,236.77,1,0.0,0
5560,775,16,2,34,2940.0,1681.22,1258.78,2,0.0,1
5561,718,10,3,43,1606.5,964.9,641.6,5,0.15,0
5562,359,12,2,7,7897.5,5380.12,2517.38,1,0.1,0
5563,724,20,5,48,546.75,332.84,213.91,1,0.1,0
5564,579,3,3,21,2933.12,1977.77,955.35,5,0.05,0
5565,75,24,4,49,714.0,472.36,241.64,2,0.0,0
5566,858,15,7,28,1870.0,1173.33,696.67,1,0.15,0
5567,1073,19,6,5,2592.0,1917.55,674.45,2,0.2,0
5568,436,19,10,31,5100.0,3349.43,1750.57,5,0.0,0
5569,399,1,9,7,6300.0,3978.41,2321.59,5,0.0,0
5570,419,21,10,44,160.65,88.63,72.02,4,0.15,0
5571,783,8,9,11,887.78,510.01,377.77,1,0.05,1
5572,164,18,6,8,1235.0,883.0,352.0,2,0.0,0
5573,963,17,7,4,1028.85,736.49,292.36,3,0.05,0
5574,927,16,2,38,2142.0,1513.21,628.79,2,0.15,0
5575,277,25,1,15,40.25,26.41,13.84,1,0.0,1
5576,910,11,8,18,1710.0,1112.69,597.31,1,0.0,0
5577,381,8,1,14,3916.0,2449.91,1466.09,4,0.0,0
5578,988,4,10,42,2420.0,1698.66,721.34,2,0.0,0
5579,359,13,6,22,810.0,476.17,333.83,4,0.0,0
5580,849,16,5,45,3360.0,2314.63,1045.37,3,0.0,0
5581,469,15,6,49,2464.0,1573.71,890.29,2,0.0,0
5582,609,22,9,35,49.28,30.29,18.99,2,0.2,0
5583,100,23,2,34,142.8,100.3,42.5,3,0.0,0
5584,230,11,7,31,2736.0,1631.87,1104.13,2,0.2,0
5585,153,11,8,28,4360.5,2764.96,1595.54,3,0.15,1
5586,755,2,7,49,15400.0,11459.31,3940.69,5,0.0,0
5587,1033,24,4,5,2415.0,1453.43,961.57,5,0.0,0
5588,124,6,8,21,2280.0,1277.54,1002.46,5,0.05,1
5589,613,24,6,25,785.4,469.83,315.57,2,0.15,0
5590,309,8,5,40,3204.0,1940.92,1263.08,3,0.0,0
5591,110,11,2,21,2570.4,1655.6,914.8,3,0.15,0
5592,274,13,4,35,862.5,616.5,246.0,5,0.0,0
5593,341,9,3,30,410.4,234.76,175.64,1,0.05,0
5594,799,25,3,46,126.44,79.1,47.34,5,0.15,1
5595,514,16,7,47,2800.0,1894.25,905.75,2,0.0,0
5596,706,21,5,31,243.0,155.22,87.78,5,0.2,0
5597,380,14,9,7,418.0,245.72,172.28,5,0.2,0
5598,318,6,10,18,460.8,326.63,134.17,1,0.2,1
5599,457,5,9,49,1568.0,1156.88,411.12,1,0.2,1
5600,803,6,6,16,1428.0,1033.17,394.83,5,0.0,0
5601,1028,12,5,22,22425.0,12622.69,9802.31,3,0.0,0
5602,337,11,9,34,4860.0,2926.96,1933.04,2,0.0,0
5603,476,12,7,15,3640.0,2660.53,979.47,1,0.0,0
5604,309,14,8,13,290.7,177.49,113.21,3,0.15,0
5605,632,15,10,49,11495.0,7150.56,4344.44,5,0.05,0
5606,1032,19,7,42,2760.0,1625.47,1134.53,2,0.0,0
5607,751,2,9,27,4928.0,3242.52,1685.48,2,0.2,1
5608,643,13,5,41,345.0,219.99,125.01,2,0.0,0
5609,1073,27,9,12,175.5,116.76,58.74,2,0.0,0
5610,900,6,9,39,1299.6,836.12,463.48,3,0.05,0
5611,438,13,4,5,510.0,305.4,204.6,4,0.0,0
5612,602,13,1,7,570.0,398.34,171.66,4,0.0,1
5613,312,17,1,16,775.2,564.43,210.77,2,0.15,0
5614,101,17,5,43,851.2,565.36,285.84,4,0.0,0
5615,888,26,4,17,33.44,25.06,8.38,2,0.2,0
5616,195,2,2,25,10080.0,7093.5,2986.5,4,0.0,0
5617,295,17,5,24,1311.0,740.03,570.97,3,0.0,0
5618,1093,21,6,30,243.0,179.88,63.12,5,0.2,0
5619,721,3,2,41,789.75,483.67,306.08,1,0.1,0
5620,75,13,7,48,108.38,73.91,34.47,1,0.15,0
5621,798,29,1,19,168.3,93.16,75.14,4,0.1,0
5622,537,20,6,13,1710.0,1157.4,552.6,5,0.2,0
5623,778,29,3,20,173.25,128.7,44.55,3,0.0,0
5624,1007,18,9,19,2130.38,1543.95,586.43,3,0.05,0
5625,303,30,2,28,414.0,300.14,113.86,3,0.0,1
5626,561,5,4,50,14175.0,8349.19,5825.81,5,0.1,0
5627,521,28,1,30,28.88,16.27,12.61,1,0.2,1
5628,951,25,3,40,166.25,92.23,74.02,5,0.0,0
5629,53,12,1,28,25935.0,14753.31,11181.69,4,0.05,0
5630,480,30,4,43,153.6,88.23,65.37,2,0.2,0
5631,522,15,10,49,6270.0,3768.86,2501.14,3,0.0,0
5632,350,19,9,45,3240.0,2270.43,969.57,2,0.0,0
5633,321,1,3,33,7200.0,4473.41,2726.59,5,0.0,0
5634,98,17,10,44,638.4,365.25,273.15,3,0.0,0
5635,804,18,1,8,734.82,493.4,241.42,2,0.05,0
5636,94,28,6,49,20.22,14.1,6.12,1,0.05,1
5637,279,9,10,5,662.4,403.45,258.95,2,0.1,0
5638,346,12,1,48,16672.5,10005.51,6666.99,2,0.05,0
5639,312,26,4,36,47.52,35.26,12.26,2,0.1,0
5640,476,16,7,23,2352.0,1574.02,777.98,3,0.0,0
5641,317,27,9,49,198.9,130.26,68.64,3,0.15,0
5642,54,17,7,41,957.6,545.07,412.53,3,0.2,0
5643,504,27,3,38,58.5,35.91,22.59,1,0.1,0
5644,118,25,5,43,78.4,50.89,27.51,5,0.2,0
5645,57,27,6,8,341.25,249.88,91.37,5,0.0,0
5646,349,4,1,40,1410.75,847.33,563.42,1,0.05,0
5647,475,19,2,45,638.4,367.06,271.34,1,0.05,1
5648,21,1,4,46,3960.0,2490.43,1469.57,3,0.0,0
5649,1033,23,5,34,391.0,267.77,123.23,4,0.0,0
5650,427,16,5,50,3213.0,2010.28,1202.72,3,0.1,0
5651,11,15,3,15,9196.0,6399.7,2796.3,4,0.05,0
5652,963,9,2,10,273.6,156.26,117.34,1,0.1,0
5653,894,17,10,14,1534.25,891.05,643.2,5,0.15,0
5654,272,26,9,44,102.85,62.37,40.48,5,0.15,0
5655,506,25,6,8,140.0,80.83,59.17,4,0.0,0
5656,673,16,8,24,2856.0,2095.18,760.82,2,0.15,0
5657,594,18,1,14,586.62,345.67,240.95,1,0.05,0
5658,143,15,6,10,5280.0,3587.79,1692.21,3,0.2,0
5659,693,8,8,25,3204.0,2152.97,1051.03,3,0.0,0
5660,1056,8,10,15,1068.0,791.67,276.33,1,0.0,0
5661,733,8,10,24,1664.3,1147.76,516.54,2,0.15,0
5662,86,17,9,23,646.0,432.83,213.17,2,0.0,0
5663,959,29,4,19,52.25,29.62,22.63,1,0.0,0
5664,1002,27,5,30,214.5,149.19,65.31,3,0.0,0
5665,921,28,8,3,82.08,54.8,27.28,3,0.2,0
5666,855,15,9,5,11000.0,6852.11,4147.89,5,0.0,0
5667,689,19,8,29,2592.0,1625.16,966.84,2,0.1,0
5668,65,22,4,50,71.4,44.17,27.23,3,0.0,0
5669,823,18,10,7,327.6,236.87,90.73,1,0.1,0
5670,225,23,8,21,290.7,197.04,93.66,4,0.1,1
5671,65,16,3,7,5057.5,3583.74,1473.76,5,0.15,0
5672,930,26,2,44,71.28,47.59,23.69,4,0.1,0
5673,1037,15,3,15,10560.0,6458.92,4101.08,4,0.0,0
5674,66,9,9,22,979.2,718.18,261.02,4,0.1,0
5675,227,5,7,21,11305.0,6579.09,4725.91,4,0.15,0
5676,295,27,10,8,119.6,77.51,42.09,2,0.2,0
5677,1094,17,6,42,1026.0,682.79,343.21,2,0.0,0
5678,132,20,7,2,2250.0,1282.46,967.54,5,0.0,0
5679,686,29,6,13,224.4,133.6,90.8,4,0.15,0
5680,570,7,8,27,9360.0,6139.43,3220.57,2,0.0,0
5681,827,16,1,32,744.8,521.56,223.24,1,0.05,0
5682,523,18,2,18,1852.5,1020.65,831.85,3,0.0,0
5683,557,2,8,24,10080.0,5844.38,4235.62,4,0.0,0
5684,252,2,7,20,2926.0,2059.16,866.84,1,0.05,0
5685,326,19,7,34,2880.0,2006.19,873.81,2,0.0,0
5686,677,24,5,10,2016.0,1408.23,607.77,4,0.0,0
5687,995,19,10,10,3960.0,2809.19,1150.81,3,0.0,0
5688,984,23,4,27,317.9,227.24,90.66,4,0.15,0
5689,565,15,6,33,6336.0,4194.8,2141.2,4,0.2,1
5690,499,22,8,5,22.4,15.46,6.94,1,0.2,0
5691,293,12,10,4,25415.0,18078.12,7336.88,4,0.15,0
5692,664,7,7,1,5681.0,3453.45,2227.55,1,0.05,0
5693,42,9,1,11,957.6,709.41,248.19,3,0.05,0
5694,602,4,4,7,3553.0,2236.15,1316.85,4,0.15,0
5695,722,5,8,50,4488.75,2568.01,1920.74,1,0.05,0
5696,918,19,8,7,4104.0,2432.02,1671.98,4,0.05,1
5697,19,14,5,12,418.0,277.51,140.49,4,0.0,0
5698,49,23,5,14,401.62,271.42,130.2,5,0.1,0
5699,834,15,7,9,2816.0,2046.57,769.43,2,0.2,0
5700,713,10,4,5,1285.2,959.79,325.41,4,0.15,0
5701,137,11,9,20,7200.0,5235.54,1964.46,4,0.0,0
5702,858,2,5,25,10080.0,5861.67,4218.33,4,0.1,0
5703,419,14,10,2,339.15,248.13,91.02,4,0.15,0
5704,719,2,3,26,3780.0,2273.57,1506.43,1,0.0,0
5705,966,8,2,9,1352.8,952.59,400.21,2,0.2,0
5706,885,13,8,28,570.0,346.16,223.84,4,0.0,0
5707,480,24,3,18,571.2,425.16,146.04,2,0.15,0
5708,844,19,5,15,2880.0,1987.93,892.07,3,0.0,1
5709,1026,24,7,5,1738.8,1187.78,551.02,4,0.1,0
5710,139,8,9,3,2536.5,1508.89,1027.61,3,0.05,0
5711,775,25,8,36,174.56,106.36,68.2,5,0.05,0
5712,763,5,7,8,11025.0,6130.28,4894.72,3,0.0,0
5713,713,22,6,32,37.8,28.08,9.72,1,0.0,0
5714,765,2,9,26,13965.0,10165.08,3799.92,5,0.05,0
5715,190,5,4,22,14175.0,10170.2,4004.8,5,0.1,1
5716,889,21,3,21,203.06,135.92,67.14,5,0.05,0
5717,505,11,7,2,1710.0,1162.17,547.83,1,0.05,0
5718,709,3,6,6,2808.0,1971.98,836.02,4,0.2,0
5719,915,23,6,5,382.5,246.68,135.82,5,0.0,0
5720,686,7,2,12,19968.0,11772.68,8195.32,4,0.2,0
5721,515,26,6,34,18.7,10.53,8.17,1,0.15,1
5722,867,23,3,8,170.0,107.67,62.33,2,0.0,0
5723,568,22,7,5,75.6,55.77,19.83,3,0.0,0
5724,884,25,6,16,53.2,30.76,22.44,2,0.2,0
5725,536,29,8,3,261.25,194.9,66.35,5,0.0,0
5726,553,17,2,11,1453.5,928.13,525.37,5,0.15,0
5727,559,2,9,39,7560.0,4834.53,2725.47,3,0.0,0
5728,619,18,2,9,2574.0,1472.31,1101.69,4,0.1,0
5729,512,1,1,34,1200.0,783.6,416.4,1,0.0,0
5730,25,11,9,3,9900.0,5975.19,3924.81,5,0.0,0
5731,579,23,1,22,72.67,52.16,20.51,1,0.1,0
5732,99,11,7,46,2016.0,1494.74,521.26,2,0.0,0
5733,885,26,10,38,17.76,10.42,7.34,1,0.15,0
5734,484,3,2,27,1872.0,1143.22,728.78,4,0.1,0
5735,281,21,2,11,147.49,109.52,37.97,3,0.05,0
5736,529,5,9,8,5652.5,3883.74,1768.76,2,0.15,0
5737,1073,28,4,26,102.6,65.81,36.79,2,0.0,0
5738,1043,27,9,17,331.5,230.35,101.15,5,0.15,0
5739,353,13,1,38,405.0,242.57,162.43,2,0.0,0
5740,532,24,7,24,1356.6,842.16,514.44,4,0.15,0
5741,246,25,7,26,109.73,79.02,30.71,3,0.05,1
5742,198,7,1,19,21060.0,13037.67,8022.33,5,0.1,0
5743,482,30,9,37,384.0,261.06,122.94,4,0.0,0
5744,721,2,9,25,6426.0,4442.22,1983.78,2,0.15,0
5745,662,7,3,50,9568.0,5695.08,3872.92,2,0.2,0
5746,303,9,9,32,1472.0,837.28,634.72,4,0.0,0
5747,203,29,4,43,247.5,176.45,71.05,5,0.0,1
5748,744,16,5,21,7315.0,4196.72,3118.28,5,0.05,0
5749,662,28,9,13,218.5,133.82,84.68,5,0.0,1
5750,1062,8,6,18,2563.2,1481.92,1081.28,3,0.2,0
5751,1055,17,6,37,2052.0,1179.89,872.11,5,0.1,0
5752,888,20,7,24,1539.0,906.82,632.18,4,0.1,0
5753,850,26,3,30,59.84,34.87,24.97,4,0.15,0
5754,484,3,3,31,1560.0,1140.6,419.4,3,0.0,0
5755,422,20,10,46,1417.5,959.59,457.91,3,0.0,0
5756,68,6,3,33,408.0,294.65,113.35,1,0.0,0
5757,55,14,3,37,299.25,216.51,82.74,3,0.0,0
5758,792,22,10,19,67.83,40.33,27.5,3,0.05,0
5759,438,9,2,42,693.6,415.7,277.9,3,0.15,0
5760,445,6,4,48,326.4,214.03,112.37,1,0.2,0
5761,875,15,10,41,2090.0,1325.91,764.09,1,0.05,0
5762,527,16,8,42,2128.0,1192.42,935.58,2,0.2,1
5763,163,22,1,19,23.94,14.27,9.67,1,0.1,0
5764,960,28,9,12,144.4,102.3,42.1,4,0.0,0
5765,916,16,8,40,3213.0,1909.61,1303.39,3,0.15,0
5766,579,5,3,21,5985.0,3562.24,2422.76,2,0.1,0
5767,275,9,3,24,1398.4,895.26,503.14,4,0.05,0
5768,935,9,6,29,864.0,503.69,360.31,3,0.0,0
5769,1068,17,6,12,513.0,378.15,134.85,1,0.0,0
5770,633,14,1,15,418.0,274.31,143.69,4,0.0,0
5771,812,23,9,32,202.3,131.72,70.58,5,0.2,0
5772,33,25,5,30,93.71,63.27,30.44,3,0.15,1
5773,506,12,9,39,18525.0,12977.93,5547.07,3,0.05,0
5774,786,19,4,44,6300.0,4128.04,2171.96,5,0.0,0
5775,112,5,6,20,7840.0,5648.21,2191.79,4,0.0,0
5776,972,19,5,27,3876.0,2482.39,1393.61,4,0.15,0
5777,140,17,10,34,1520.0,1054.14,465.86,4,0.0,0
5778,161,28,4,37,97.47,67.62,29.85,3,0.1,0
5779,672,26,10,9,26.4,18.28,8.12,1,0.0,0
5780,898,6,4,41,1162.8,651.55,511.25,3,0.15,0
5781,944,7,8,32,23465.0,13551.69,9913.31,5,0.05,0
5782,1035,30,10,25,414.0,291.11,122.89,3,0.0,0
5783,1011,22,8,37,27.37,17.67,9.7,1,0.15,0
5784,315,26,3,2,23.76,16.48,7.28,1,0.1,0
5785,62,4,5,12,3740.0,2362.03,1377.97,5,0.2,0
5786,119,13,3,21,84.0,54.41,29.59,1,0.0,0
5787,221,9,10,50,273.6,188.74,84.86,1,0.1,0
5788,29,22,9,1,26.18,15.79,10.39,1,0.15,1
5789,1055,23,8,12,306.0,208.63,97.37,3,0.0,0
5790,601,29,10,26,209.0,144.37,64.63,4,0.0,0
5791,610,27,9,13,71.5,40.97,30.53,1,0.0,0
5792,952,5,6,5,5652.5,3354.36,2298.14,2,0.15,1
5793,422,25,4,21,69.83,44.88,24.95,2,0.05,0
5794,992,16,8,14,3927.0,2777.97,1149.03,3,0.15,0
5795,686,18,8,21,780.0,532.84,247.16,1,0.0,0
5796,897,20,2,17,406.12,297.48,108.64,1,0.05,0
5797,374,28,9,2,167.2,123.41,43.79,4,0.0,1
5798,73,16,5,26,4046.0,3017.79,1028.21,4,0.15,0
5799,1019,27,5,31,119.6,85.98,33.62,2,0.2,1
5800,185,15,2,49,3960.0,2786.29,1173.71,2,0.0,0
5801,867,17,4,48,380.0,220.68,159.32,1,0.0,0
5802,793,30,10,24,204.0,125.5,78.5,2,0.0,0
5803,778,16,4,21,1396.5,1038.88,357.62,1,0.05,0
5804,114,22,8,12,66.64,39.64,27.0,5,0.15,0
5805,945,27,7,18,209.95,143.96,65.99,4,0.15,1
5806,376,22,7,6,83.16,57.34,25.82,3,0.1,0
5807,420,22,7,43,58.8,41.41,17.39,2,0.0,0
5808,904,11,7,45,5130.0,3050.26,2079.74,3,0.0,0
5809,79,19,6,5,4080.0,2518.91,1561.09,5,0.2,1
5810,822,7,1,4,11648.0,7315.1,4332.9,4,0.0,0
5811,242,26,1,23,19.85,11.95,7.9,1,0.05,0
5812,947,28,1,20,180.5,102.54,77.96,5,0.0,0
5813,746,25,4,45,130.9,88.54,42.36,4,0.15,0
5814,505,20,7,24,855.0,627.9,227.1,2,0.05,1
5815,650,19,9,26,5244.0,3375.89,1868.11,4,0.05,0
5816,739,10,9,38,1309.0,921.61,387.39,5,0.15,0
5817,374,23,10,39,336.6,236.67,99.93,4,0.1,1
5818,667,10,9,12,1288.0,721.18,566.82,4,0.0,0
5819,507,7,2,14,9880.0,6440.41,3439.59,2,0.05,0
5820,537,14,1,11,90.25,57.48,32.77,1,0.0,0
5821,589,3,6,32,2470.0,1700.94,769.06,4,0.0,0
5822,139,17,5,12,1140.0,791.71,348.29,3,0.0,0
5823,848,25,2,31,95.2,71.17,24.03,4,0.15,0
5824,321,5,4,45,12600.0,9154.93,3445.07,3,0.0,0
5825,662,18,8,43,598.0,447.1,150.9,1,0.2,0
5826,12,26,3,50,43.56,30.74,12.82,2,0.1,0
5827,457,26,4,23,22.18,15.99,6.19,2,0.1,0
5828,1020,4,6,47,2530.0,1797.73,732.27,2,0.0,0
5829,840,10,8,11,806.4,550.64,255.76,4,0.1,0
5830,1022,9,7,18,1104.0,614.67,489.33,3,0.0,0
5831,1065,8,2,49,1068.0,800.72,267.28,1,0.0,1
5832,101,17,9,4,1010.8,619.84,390.96,5,0.05,0
5833,719,25,1,48,127.58,73.0,54.58,3,0.1,0
5834,1085,1,2,1,6885.0,4552.44,2332.56,5,0.15,0
5835,862,16,10,32,4200.0,2729.62,1470.38,3,0.0,0
5836,435,15,9,50,8882.5,5554.99,3327.51,5,0.05,0
5837,606,13,6,16,285.0,173.87,111.13,2,0.0,0
5838,567,24,10,27,756.0,559.84,196.16,2,0.0,0
5839,303,5,7,11,20125.0,13548.68,6576.32,5,0.0,0
5840,2,6,4,32,1584.0,1045.25,538.75,3,0.0,0
5841,502,10,6,4,840.0,481.37,358.63,3,0.0,0
5842,655,30,1,17,552.0,386.57,165.43,4,0.0,0
5843,980,28,10,28,75.24,42.53,32.71,2,0.1,0
5844,997,15,4,27,9680.0,6431.66,3248.34,4,0.0,0
5845,650,19,2,39,6900.0,4400.94,2499.06,5,0.0,0
5846,475,13,7,24,151.2,96.5,54.7,2,0.1,0
5847,717,17,8,20,2180.25,1458.85,721.4,5,0.15,0
5848,742,15,2,16,1936.0,1309.41,626.59,1,0.2,0
5849,538,9,10,25,288.8,172.88,115.92,1,0.05,0
5850,371,11,8,17,7524.0,4865.58,2658.42,4,0.05,0
5851,324,3,3,15,3900.0,2546.87,1353.13,5,0.0,0
5852,786,29,2,40,51.98,36.45,15.53,1,0.1,0
5853,961,11,6,32,6840.0,4676.94,2163.06,5,0.2,0
5854,453,5,3,39,1770.12,1249.34,520.78,1,0.15,1
5855,663,19,1,21,4140.0,2889.26,1250.74,3,0.0,0
5856,778,11,9,24,5670.0,3484.24,2185.76,3,0.0,0
5857,459,9,5,12,510.72,293.73,216.99,3,0.05,0
5858,962,4,3,13,5225.0,3131.83,2093.17,5,0.0,1
5859,114,25,7,22,39.2,24.48,14.72,2,0.0,0
5860,755,20,8,21,2103.75,1384.98,718.77,5,0.15,0
5861,321,17,3,47,410.4,258.83,151.57,1,0.1,0
5862,1004,18,8,49,1823.25,1174.42,648.83,3,0.15,0
5863,300,25,8,13,128.8,95.04,33.76,4,0.2,0
5864,961,15,4,38,8882.5,5324.63,3557.87,5,0.15,0
5865,789,14,1,37,339.15,225.15,114.0,4,0.15,0
5866,668,30,6,1,117.3,79.59,37.71,1,0.15,0
5867,746,22,1,29,55.44,34.92,20.52,2,0.1,1
5868,56,22,2,2,105.84,63.11,42.73,4,0.1,0
5869,303,13,6,10,621.0,361.22,259.78,4,0.1,0
5870,487,1,6,40,3060.0,1730.99,1329.01,3,0.15,0
5871,1024,4,2,30,5060.0,2988.74,2071.26,4,0.0,0
5872,906,6,5,41,1231.2,699.46,531.74,3,0.1,0
5873,943,22,1,33,126.0,69.48,56.52,5,0.0,0
5874,646,25,4,45,161.0,88.62,72.38,5,0.2,0
5875,803,11,10,41,4284.0,2730.95,1553.05,4,0.0,0
5876,760,2,8,48,3080.0,1744.56,1335.44,1,0.0,0
5877,94,14,10,27,212.8,119.8,93.0,4,0.0,0
5878,219,11,7,36,3078.0,1969.86,1108.14,2,0.1,0
5879,376,16,9,22,2926.0,1942.37,983.63,2,0.05,0
5880,319,4,5,47,6600.0,4039.44,2560.56,5,0.0,0
5881,212,16,4,1,4284.0,2520.89,1763.11,4,0.15,0
5882,1084,12,9,14,8336.25,5517.38,2818.87,1,0.05,0
5883,1028,7,7,50,29900.0,18976.84,10923.16,5,0.0,0
5884,809,14,6,43,226.1,166.6,59.5,4,0.0,0
5885,761,30,6,37,376.2,265.95,110.25,3,0.05,0
5886,670,10,2,1,856.8,601.0,255.8,3,0.15,0
5887,906,16,3,23,1330.0,741.9,588.1,1,0.0,0
5888,1092,21,10,48,273.38,153.9,119.48,5,0.1,0
5889,656,26,6,34,101.2,59.94,41.26,4,0.0,0
5890,598,25,6,31,66.5,43.58,22.92,2,0.0,0
5891,234,1,5,6,3420.0,2420.82,999.18,3,0.0,0
5892,621,19,4,8,5016.0,2772.62,2243.38,4,0.05,0
5893,877,25,2,6,89.25,55.63,33.62,3,0.15,0
5894,895,3,4,42,1852.5,1279.94,572.56,3,0.0,0
5895,730,2,1,3,11340.0,7488.93,3851.07,3,0.0,0
5896,283,5,8,2,12880.0,9381.37,3498.63,4,0.2,0
5897,77,30,7,20,408.0,249.51,158.49,5,0.2,0
5898,896,21,6,48,213.75,156.91,56.84,5,0.0,0
5899,807,7,9,14,12376.0,8012.81,4363.19,4,0.0,0
5900,624,12,6,50,30387.5,17304.34,13083.16,5,0.15,0
5901,453,8,6,5,1270.92,862.4,408.52,3,0.2,0
5902,558,21,10,41,153.9,106.26,47.64,4,0.05,0
5903,73,25,1,47,29.75,18.49,11.26,1,0.0,0
5904,38,9,9,49,1344.0,937.21,406.79,5,0.2,0
5905,340,27,6,7,263.25,180.98,82.27,3,0.0,0
5906,897,2,10,38,12635.0,7481.83,5153.17,5,0.05,0
5907,29,19,9,8,5016.0,3721.12,1294.88,4,0.05,1
5908,211,8,1,15,4005.0,2506.91,1498.09,5,0.0,0
5909,370,18,2,24,715.0,447.74,267.26,1,0.0,0
5910,838,13,3,24,480.0,274.72,205.28,4,0.0,0
5911,449,14,2,9,214.79,143.63,71.16,4,0.05,0
5912,353,25,3,49,236.25,173.78,62.47,5,0.0,0
5913,633,16,5,24,1386.0,778.91,607.09,1,0.1,0
5914,1036,20,8,8,2160.0,1469.68,690.32,4,0.0,0
5915,690,25,8,7,168.0,122.43,45.57,4,0.0,0
5916,169,9,5,29,288.8,178.07,110.73,1,0.05,0
5917,538,25,2,24,63.17,38.04,25.13,2,0.05,1
5918,1025,24,3,39,1642.2,1098.98,543.22,4,0.15,0
5919,756,9,2,43,1408.0,1023.19,384.81,5,0.2,0
5920,949,18,1,17,2778.75,1797.91,980.84,5,0.1,0
5921,43,20,4,36,897.75,538.03,359.72,2,0.05,0
5922,667,24,3,20,772.8,498.49,274.31,2,0.2,0
5923,996,10,2,20,1232.0,885.77,346.23,4,0.0,1
5924,7,26,3,28,24.2,15.02,9.18,1,0.0,0
5925,667,12,6,25,6727.5,3965.8,2761.7,1,0.1,0
5926,882,24,3,6,756.0,454.48,301.52,2,0.1,0
5927,738,12,2,1,30387.5,18849.81,11537.69,5,0.15,1
5928,742,25,3,31,115.5,72.02,43.48,3,0.0,1
5929,1031,21,1,33,131.96,95.72,36.24,3,0.15,1
5930,28,15,3,31,2420.0,1520.39,899.61,1,0.0,0
5931,67,23,3,43,361.25,234.0,127.25,5,0.0,1
5932,509,5,7,31,6650.0,3986.62,2663.38,2,0.05,0
5933,839,5,8,29,10640.0,6472.14,4167.86,4,0.05,1
5934,688,30,9,33,129.6,87.73,41.87,1,0.1,0
5935,789,18,8,41,2184.0,1329.72,854.28,4,0.2,0
5936,593,9,10,40,486.4,274.61,211.79,2,0.2,0
5937,710,21,8,11,230.85,150.27,80.58,4,0.05,0
5938,10,30,6,15,448.8,284.78,164.02,4,0.15,0
5939,1027,7,3,3,11960.0,7527.22,4432.78,2,0.0,1
5940,423,28,2,31,143.64,79.43,64.21,4,0.1,0
5941,85,30,4,36,510.0,299.82,210.18,5,0.0,0
5942,654,26,2,33,25.3,15.93,9.37,1,0.0,0
5943,24,6,4,28,950.4,533.81,416.59,2,0.1,0
5944,455,17,9,45,960.92,696.35,264.57,5,0.15,1
5945,148,4,6,18,1980.0,1280.67,699.33,2,0.1,1
5946,737,16,4,17,1232.0,755.84,476.16,1,0.2,0
5947,45,22,7,50,117.6,76.44,41.16,4,0.0,0
5948,483,23,7,23,68.0,42.8,25.2,1,0.0,1
5949,841,30,3,10,230.4,170.58,59.82,3,0.2,0
5950,270,5,6,7,16362.5,9478.52,6883.98,5,0.15,1
5951,873,21,2,50,90.0,50.28,39.72,2,0.0,0
5952,134,2,9,19,2800.0,1720.92,1079.08,1,0.0,0
5953,1017,30,1,26,234.6,157.89,76.71,2,0.15,0
5954,77,19,10,31,3060.0,2213.76,846.24,3,0.0,0
5955,811,14,6,4,282.62,179.11,103.51,5,0.0,0
5956,802,18,3,8,1160.25,740.83,419.42,3,0.0,0
5957,402,2,9,44,11760.0,8640.14,3119.86,4,0.0,0
5958,37,7,10,1,27300.0,15157.87,12142.13,5,0.0,0
5959,802,6,7,3,1142.4,772.83,369.57,4,0.0,1
5960,583,16,5,33,3391.5,2169.8,1221.7,3,0.15,0
5961,1095,27,9,40,175.5,104.63,70.87,2,0.0,0
5962,1092,4,6,12,2673.0,1889.63,783.37,2,0.1,0
5963,277,19,8,43,2208.0,1359.23,848.77,2,0.2,0
5964,608,19,4,36,3249.0,2287.85,961.15,3,0.05,0
5965,481,21,2,33,171.0,120.98,50.02,5,0.05,0
5966,550,15,9,4,1881.0,1340.77,540.23,1,0.05,0
5967,356,24,5,49,2268.0,1428.74,839.26,4,0.0,1
5968,1072,8,8,23,3063.83,2083.14,980.69,3,0.15,0
5969,574,27,6,35,105.3,68.29,37.01,2,0.1,0
5970,1024,24,8,3,2173.5,1218.99,954.51,5,0.1,0
5971,909,26,3,7,16.72,9.96,6.76,1,0.2,0
5972,1025,1,5,13,2760.0,1578.72,1181.28,2,0.0,0
5973,862,19,7,17,1200.0,671.7,528.3,1,0.0,0
5974,64,3,10,44,1105.0,679.99,425.01,2,0.0,0
5975,891,6,3,25,387.6,257.14,130.46,1,0.15,0
5976,795,24,5,9,1356.6,973.46,383.14,4,0.05,0
5977,240,13,2,19,128.25,94.99,33.26,1,0.1,0
5978,16,3,8,6,2860.0,1917.38,942.62,4,0.0,0
5979,649,15,5,3,6072.0,3473.35,2598.65,3,0.2,0
5980,742,1,9,5,5610.0,3098.53,2511.47,5,0.15,0
5981,682,14,8,15,342.0,243.0,99.0,3,0.0,1
5982,748,20,6,6,1584.0,1008.12,575.88,4,0.2,0
5983,541,4,4,42,1045.0,722.0,323.0,1,0.0,0
5984,1080,26,7,31,29.7,18.69,11.01,1,0.0,0
5985,868,1,3,19,6000.0,4460.23,1539.77,5,0.0,0
5986,913,15,8,19,1683.0,1026.97,656.03,1,0.15,0
5987,965,3,8,22,1235.0,710.99,524.01,2,0.0,0
5988,1011,23,6,11,391.0,239.75,151.25,4,0.0,0
5989,1071,20,9,39,577.12,411.56,165.56,1,0.05,0
5990,511,4,8,7,2640.0,1957.35,682.65,3,0.2,0
5991,529,6,5,8,912.0,629.59,282.41,2,0.0,0
5992,747,29,5,27,242.0,136.7,105.3,4,0.0,0
5993,418,15,2,48,7392.0,5373.66,2018.34,4,0.2,0
5994,2,22,7,26,154.0,94.26,59.74,5,0.0,1
5995,110,18,6,31,364.0,218.7,145.3,1,0.0,1
5996,186,30,8,26,102.6,57.02,45.58,1,0.05,0
5997,76,4,2,44,1776.5,1052.83,723.67,2,0.05,0
5998,186,22,9,41,23.94,13.94,10.0,1,0.05,1
5999,652,16,10,25,3864.0,2451.24,1412.76,3,0.2,0
6000,131,19,2,43,3600.0,2596.17,1003.83,3,0.0,0
6001,118,23,8,36,76.16,46.32,29.84,2,0.2,0
6002,574,7,5,49,9360.0,6945.86,2414.14,2,0.0,0
6003,143,27,2,17,260.0,188.64,71.36,4,0.0,0
6004,894,5,5,49,16625.0,9565.79,7059.21,5,0.0,1
6005,128,21,7,19,76.5,43.2,33.3,2,0.15,0
6006,1047,9,7,4,691.2,491.68,199.52,2,0.1,1
6007,713,4,6,40,2970.0,1799.27,1170.73,2,0.0,0
6008,801,11,3,5,4284.0,2720.07,1563.93,4,0.0,0
6009,479,4,7,49,2376.0,1683.4,692.6,3,0.1,0
6010,70,25,6,42,89.25,50.8,38.45,3,0.0,1
6011,975,30,2,15,336.6,213.76,122.84,3,0.15,1
6012,496,21,2,49,42.75,28.16,14.59,1,0.05,0
6013,94,21,8,35,90.72,65.06,25.66,4,0.1,0
6014,928,24,7,4,340.2,241.59,98.61,1,0.1,0
6015,29,9,2,45,897.6,647.83,249.77,3,0.15,0
6016,581,16,5,32,2660.0,1605.29,1054.71,2,0.0,0
6017,961,8,7,49,4016.12,2236.52,1779.6,5,0.05,0
6018,1029,25,6,10,96.6,57.79,38.81,3,0.2,0
6019,991,26,6,4,72.6,51.48,21.12,3,0.0,0
6020,38,3,2,34,1842.75,1160.13,682.62,3,0.1,0
6021,917,9,1,48,1440.0,840.72,599.28,5,0.0,0
6022,726,2,10,23,13608.0,7901.24,5706.76,4,0.1,0
6023,547,15,3,25,7128.0,3991.15,3136.85,4,0.1,1
6024,353,10,2,28,378.0,253.02,124.98,1,0.0,0
6025,73,26,7,12,67.32,45.72,21.6,4,0.1,1
6026,54,17,9,48,379.05,246.56,132.49,1,0.05,0
6027,252,5,2,30,19250.0,12907.8,6342.2,5,0.0,0
6028,305,25,3,14,84.0,49.31,34.69,2,0.0,0
6029,1021,5,6,1,7245.0,5218.3,2026.7,2,0.1,1
6030,879,4,7,12,3740.0,2143.86,1596.14,4,0.15,1
6031,189,7,5,12,15912.0,11005.99,4906.01,4,0.15,0
6032,413,11,8,15,6048.0,3634.1,2413.9,4,0.2,1
6033,208,22,5,47,50.4,33.86,16.54,2,0.0,0
6034,900,20,4,31,1282.5,800.18,482.32,3,0.0,0
6035,135,20,10,19,900.0,504.07,395.93,2,0.0,0
6036,675,19,3,43,4320.0,3198.81,1121.19,3,0.0,1
6037,5,28,10,24,106.59,76.71,29.88,3,0.15,0
6038,1007,16,10,46,8050.0,5064.06,2985.94,5,0.0,0
6039,374,16,4,30,7700.0,4933.9,2766.1,5,0.0,0
6040,204,14,2,9,427.5,242.4,185.1,5,0.0,0
6041,209,22,2,16,50.4,28.8,21.6,2,0.0,0
6042,385,12,1,12,20377.5,15178.57,5198.93,3,0.05,0
6043,1076,27,5,46,87.75,51.97,35.78,1,0.0,0
6044,259,6,4,11,475.2,307.37,167.83,1,0.1,0
6045,659,29,8,4,316.25,187.04,129.21,5,0.0,0
6046,215,8,8,1,4227.5,2800.18,1427.32,5,0.0,0
6047,1064,7,8,40,12480.0,7426.08,5053.92,2,0.0,1
6048,869,27,9,12,123.5,83.97,39.53,2,0.05,0
6049,429,15,2,24,1683.0,1003.7,679.3,1,0.1,1
6050,618,9,10,35,1408.0,991.97,416.03,5,0.2,0
6051,7,7,8,41,14586.0,9299.07,5286.93,3,0.15,0
6052,474,18,2,7,582.4,344.65,237.75,2,0.2,0
6053,513,19,5,26,2400.0,1724.31,675.69,2,0.0,0
6054,64,15,8,1,1870.0,1370.25,499.75,1,0.0,1
6055,660,21,9,34,82.8,48.93,33.87,2,0.2,0
6056,208,22,2,50,126.0,86.13,39.87,5,0.0,0
6057,476,17,6,4,361.76,264.86,96.9,2,0.15,0
6058,986,19,9,49,2640.0,1724.16,915.84,2,0.0,0
6059,449,15,2,24,4188.8,2550.8,1638.0,4,0.2,0
6060,481,7,1,29,3952.0,2498.43,1453.57,1,0.05,0
6061,1011,2,7,14,6440.0,3670.63,2769.37,2,0.0,0
6062,142,23,7,45,85.0,63.57,21.43,1,0.0,0
6063,691,24,4,2,2520.0,1633.0,887.0,5,0.0,0
6064,390,9,1,15,1337.6,902.28,435.32,4,0.05,1
6065,18,25,4,32,163.62,111.33,52.29,5,0.15,0
6066,200,26,9,38,39.6,28.88,10.72,2,0.0,0
6067,760,17,3,3,1672.0,1189.28,482.72,4,0.0,0
6068,554,15,5,9,5643.0,3734.4,1908.6,3,0.05,1
6069,500,5,6,21,2800.0,1777.78,1022.22,1,0.2,0
6070,276,19,10,2,3519.0,2562.61,956.39,3,0.15,0
6071,904,20,2,9,342.0,218.9,123.1,1,0.2,0
6072,71,20,6,31,1530.0,1043.9,486.1,5,0.2,0
6073,480,11,6,1,7200.0,4778.45,2421.55,5,0.0,0
6074,849,18,5,18,1482.0,911.92,570.08,3,0.05,0
6075,163,27,8,17,185.25,103.13,82.12,3,0.0,0
6076,114,30,6,6,171.36,117.07,54.29,3,0.15,0
6077,575,1,10,12,1080.0,751.54,328.46,1,0.0,0
6078,648,20,10,44,1035.0,760.67,274.33,2,0.0,0
6079,459,29,5,41,30.8,22.32,8.48,1,0.0,0
6080,107,13,8,2,420.0,301.8,118.2,5,0.0,0
6081,557,14,6,20,427.5,235.6,191.9,5,0.0,0
6082,83,29,5,3,46.75,32.38,14.37,1,0.0,0
6083,735,9,10,30,1267.2,897.67,369.53,4,0.1,0
6084,903,12,3,24,24700.0,14978.35,9721.65,4,0.0,1
6085,291,28,5,26,174.8,107.2,67.6,4,0.0,0
6086,171,7,9,3,17784.0,10959.93,6824.07,4,0.1,0
6087,1039,4,3,43,1056.0,752.81,303.19,1,0.2,0
6088,764,2,9,44,2940.0,1949.89,990.11,1,0.0,0
6089,632,8,2,22,930.05,672.99,257.06,1,0.05,1
6090,145,25,8,17,29.75,18.94,10.81,1,0.15,0
6091,992,28,7,13,35.53,19.82,15.71,1,0.15,1
6092,469,25,3,45,39.2,26.14,13.06,2,0.0,0
6093,119,6,6,20,1075.2,680.23,394.97,4,0.0,0
6094,600,9,7,38,1216.0,757.68,458.32,4,0.0,1
6095,1035,20,3,17,1552.5,1146.2,406.3,3,0.0,0
6096,380,17,2,6,668.8,427.22,241.58,2,0.2,0
6097,572,25,8,46,126.0,87.2,38.8,5,0.2,0
6098,938,24,6,37,321.3,231.93,89.37,1,0.15,1
6099,614,17,10,20,418.0,277.92,140.08,1,0.0,0
6100,696,28,9,17,182.4,132.49,49.91,4,0.0,0
6101,317,21,5,36,256.5,169.81,86.69,5,0.05,0
6102,977,25,4,31,130.9,88.71,42.19,4,0.15,0
6103,857,26,5,37,88.0,56.37,31.63,4,0.0,0
6104,509,9,3,23,288.0,164.14,123.86,1,0.1,0
6105,252,14,3,35,496.38,303.45,192.93,5,0.05,0
6106,938,14,7,45,273.6,153.62,119.98,4,0.2,0
6107,247,20,4,24,940.5,675.02,265.48,2,0.05,0
6108,432,4,8,28,4441.25,3193.67,1247.58,5,0.05,0
6109,1088,26,6,27,118.8,79.01,39.79,4,0.0,0
6110,768,28,7,47,63.84,46.49,17.35,2,0.2,0
6111,852,16,1,43,3360.0,2034.46,1325.54,3,0.2,0
6112,986,30,2,18,132.0,93.85,38.15,1,0.0,0
6113,959,30,1,9,290.7,160.95,129.75,3,0.15,0
6114,755,10,5,40,924.0,626.45,297.55,3,0.0,0
6115,657,15,6,9,7210.5,5398.3,1812.2,3,0.05,0
6116,530,30,5,48,570.0,354.19,215.81,5,0.0,0
6117,970,13,7,14,228.0,140.82,87.18,2,0.2,0
6118,377,1,6,2,6600.0,4886.66,1713.34,5,0.0,0
6119,921,6,8,47,1728.0,1132.87,595.13,4,0.0,0
6120,293,16,7,37,4105.5,2674.74,1430.76,3,0.15,0
6121,124,23,9,38,204.0,150.49,53.51,3,0.2,0
6122,874,27,7,2,123.5,90.78,32.72,2,0.05,0
6123,64,26,3,50,71.06,48.77,22.29,4,0.05,0
6124,354,21,10,19,103.28,64.25,39.03,2,0.15,0
6125,988,20,7,7,1980.0,1177.68,802.32,4,0.0,0
6126,957,22,9,17,53.2,34.48,18.72,2,0.0,0
6127,590,19,2,38,1083.0,637.46,445.54,1,0.05,0
6128,684,1,8,12,3888.0,2275.2,1612.8,3,0.1,0
6129,796,20,2,23,1377.0,888.56,488.44,4,0.1,0
6130,1044,5,4,4,14280.0,7985.61,6294.39,4,0.15,0
6131,403,7,5,48,27300.0,15787.15,11512.85,5,0.0,1
6132,984,10,4,12,1108.8,800.66,308.14,4,0.1,0
6133,571,20,5,7,2025.0,1150.32,874.68,5,0.0,0
6134,722,30,10,40,162.0,109.99,52.01,1,0.0,0
6135,616,14,5,3,209.0,156.37,52.63,2,0.0,0
6136,947,20,2,17,1710.0,1142.32,567.68,4,0.0,0
6137,169,21,3,2,68.4,40.77,27.63,2,0.2,0
6138,122,12,10,25,22100.0,14067.59,8032.41,4,0.15,0
6139,316,7,10,19,11232.0,7695.41,3536.59,2,0.1,0
6140,732,29,5,11,272.25,166.07,106.18,5,0.1,0
6141,982,8,5,41,4160.75,2935.81,1224.94,5,0.15,0
6142,499,1,3,29,3840.0,2216.94,1623.06,4,0.2,0
6143,930,19,4,5,4320.0,2685.1,1634.9,4,0.0,1
6144,676,12,4,11,29640.0,19961.88,9678.12,4,0.05,0
6145,626,22,9,16,123.2,77.48,45.72,4,0.0,0
6146,945,25,8,38,56.52,36.85,19.67,2,0.15,0
6147,550,28,10,6,54.72,35.86,18.86,2,0.2,0
6148,340,17,8,31,1462.05,1034.68,427.37,3,0.05,0
6149,171,2,5,2,10108.0,6984.55,3123.45,4,0.05,0
6150,339,20,7,40,2430.0,1425.26,1004.74,4,0.0,0
6151,206,24,6,32,756.0,516.46,239.54,2,0.0,0
6152,38,10,1,17,249.9,182.22,67.68,1,0.15,0
6153,210,19,2,9,4320.0,3071.07,1248.93,5,0.2,0
6154,509,15,1,12,8800.0,5610.53,3189.47,4,0.0,1
6155,597,20,7,15,1282.5,713.06,569.44,3,0.0,0
6156,758,7,2,43,5720.0,4155.3,1564.7,1,0.0,0
6157,1047,10,6,26,1075.2,639.8,435.4,4,0.2,0
6158,449,16,1,45,708.05,488.18,219.87,1,0.15,0
6159,945,9,10,13,288.8,179.6,109.2,1,0.05,1
6160,1024,8,1,12,869.97,640.86,229.11,1,0.15,1
6161,912,7,8,14,7904.0,5288.67,2615.33,2,0.2,0
6162,91,3,1,7,1404.0,820.44,583.56,3,0.1,0
6163,324,30,3,47,432.0,322.52,109.48,3,0.0,0
6164,428,17,7,22,775.2,533.72,241.48,3,0.2,0
6165,826,2,3,42,3763.2,2133.74,1629.46,3,0.2,1
6166,512,11,9,47,1440.0,871.7,568.3,1,0.2,0
6167,132,27,9,46,52.0,28.94,23.06,1,0.2,0
6168,108,3,6,48,728.0,503.45,224.55,2,0.0,0
6169,672,20,7,4,1026.0,647.66,378.34,2,0.05,0
6170,562,26,8,32,94.05,59.57,34.48,5,0.05,0
6171,526,30,9,22,456.0,279.69,176.31,4,0.0,0
6172,560,6,3,20,1382.4,832.46,549.94,4,0.2,0
6173,540,22,9,27,21.28,14.81,6.47,1,0.2,0
6174,529,29,2,48,261.25,169.74,91.51,5,0.0,0
6175,238,10,9,36,252.7,141.79,110.91,1,0.05,1
6176,44,3,10,32,2047.5,1498.97,548.53,3,0.0,0
6177,349,13,8,48,961.88,692.61,269.27,5,0.05,0
6178,96,9,5,47,537.6,392.7,144.9,3,0.0,1
6179,572,24,3,40,907.2,525.26,381.94,3,0.2,0
6180,39,17,9,4,957.6,535.04,422.56,3,0.2,0
6181,254,8,8,43,4160.75,2633.8,1526.95,5,0.15,0
6182,363,14,9,17,609.19,340.29,268.9,5,0.05,0
6183,129,14,10,43,475.0,289.26,185.74,5,0.0,0
6184,12,15,7,43,12100.0,7717.72,4382.28,5,0.0,0
6185,879,18,2,17,1235.0,768.16,466.84,2,0.05,0
6186,463,20,8,26,856.8,489.19,367.61,4,0.15,0
6187,516,4,8,6,3300.0,1834.34,1465.66,3,0.0,0
6188,29,3,8,23,607.75,424.52,183.23,1,0.15,1
6189,12,29,8,31,302.5,177.21,125.29,5,0.0,0
6190,754,12,8,28,6435.0,4343.79,2091.21,1,0.1,1
6191,988,26,1,28,91.96,52.99,38.97,4,0.05,0
6192,327,26,3,36,52.8,35.23,17.57,2,0.0,0
6193,421,1,10,10,1260.0,732.93,527.07,1,0.0,1
6194,745,20,8,35,990.0,628.22,361.78,2,0.0,0
6195,575,26,1,34,99.0,57.83,41.17,5,0.0,0
6196,708,19,10,18,4131.0,2656.5,1474.5,3,0.15,0
6197,801,19,9,35,714.0,417.89,296.11,1,0.0,0
6198,701,25,7,9,42.53,25.23,17.3,1,0.1,0
6199,30,28,9,35,41.8,25.98,15.82,1,0.0,0
6200,79,26,2,26,31.79,17.79,14.0,2,0.15,0
6201,494,15,1,15,6600.0,4447.15,2152.85,3,0.0,1
6202,217,11,2,26,6498.0,4552.86,1945.14,4,0.05,0
6203,847,5,10,26,7560.0,5457.79,2102.21,3,0.1,1
6204,395,13,1,9,495.0,369.35,125.65,3,0.0,0
6205,1000,7,3,4,28600.0,16746.95,11853.05,5,0.0,0
6206,737,2,9,2,11088.0,6693.23,4394.77,4,0.1,0
6207,949,27,4,42,293.31,214.78,78.53,5,0.05,0
6208,410,21,5,8,47.25,32.03,15.22,1,0.0,0
6209,661,18,5,33,2242.5,1615.34,627.16,3,0.0,0
6210,474,1,1,18,2688.0,1599.44,1088.56,4,0.0,0
6211,849,1,9,39,3840.0,2406.77,1433.23,4,0.0,0
6212,502,16,6,40,1400.0,849.14,550.86,1,0.0,1
6213,105,21,6,48,100.8,60.33,40.47,5,0.2,0
6214,31,5,8,42,17325.0,9610.53,7714.47,5,0.1,0
6215,872,9,6,8,640.0,439.76,200.24,2,0.0,0
6216,657,30,1,8,621.0,456.76,164.24,5,0.1,0
6217,1006,11,5,31,3726.0,2427.82,1298.18,2,0.1,0
6218,580,6,8,20,433.2,252.11,181.09,1,0.05,0
6219,667,26,1,29,50.6,31.02,19.58,2,0.0,0
6220,759,23,3,35,280.5,172.2,108.3,3,0.0,0
6221,115,4,4,22,1232.0,792.94,439.06,2,0.0,0
6222,897,18,9,31,1852.5,1285.47,567.03,3,0.0,0
6223,247,29,9,41,181.5,118.44,63.06,3,0.0,0
6224,190,27,5,7,117.0,87.0,30.0,2,0.0,1
6225,7,16,5,41,1540.0,1073.37,466.63,1,0.0,0
6226,679,14,10,39,228.0,161.98,66.02,2,0.0,0
6227,834,23,10,10,244.8,162.63,82.17,4,0.1,1
6228,544,15,4,33,6688.0,4496.68,2191.32,4,0.2,0
6229,309,22,6,12,60.48,33.85,26.63,2,0.1,1
6230,752,14,4,27,99.28,56.21,43.07,1,0.05,0
6231,253,7,8,14,22880.0,13943.43,8936.57,5,0.2,0
6232,641,18,2,37,1420.25,891.74,528.51,2,0.05,0
6233,389,14,5,14,418.0,286.58,131.42,4,0.0,0
6234,628,29,6,45,242.0,146.65,95.35,5,0.2,1
6235,241,12,1,49,27787.5,17059.38,10728.12,5,0.1,0
6236,602,13,4,42,128.25,82.02,46.23,1,0.1,0
6237,981,29,7,50,121.0,90.16,30.84,2,0.0,0
6238,264,7,1,18,9152.0,6543.12,2608.88,2,0.2,0
6239,455,23,9,34,101.15,69.01,32.14,2,0.0,0
6240,298,11,1,40,3933.0,2175.86,1757.14,2,0.05,0
6241,636,8,9,28,3720.2,2429.36,1290.84,4,0.05,0
6242,1024,21,3,25,43.99,25.6,18.39,1,0.15,0
6243,1037,20,7,28,1026.0,667.61,358.39,2,0.05,0
6244,995,7,9,4,22880.0,14990.34,7889.66,5,0.2,1
6245,413,7,1,37,21840.0,12419.83,9420.17,4,0.0,0
6246,348,10,8,32,321.3,220.89,100.41,1,0.15,0
6247,1073,23,7,9,114.75,76.04,38.71,1,0.0,0
6248,848,27,4,26,187.2,137.95,49.25,4,0.1,0
6249,1036,21,2,28,243.0,152.47,90.53,5,0.1,0
6250,818,28,9,44,113.05,81.97,31.08,5,0.0,0
6251,97,10,3,24,282.24,193.16,89.08,2,0.1,0
6252,1032,30,1,28,552.0,311.89,240.11,5,0.2,0
6253,275,6,5,7,2484.0,1756.77,727.23,5,0.1,1
6254,907,1,4,8,1026.0,577.08,448.92,1,0.1,0
6255,9,20,9,23,1485.0,1086.52,398.48,3,0.0,1
6256,92,27,5,35,72.8,43.75,29.05,2,0.0,1
6257,652,18,7,45,2541.5,1720.29,821.21,4,0.15,0
6258,375,4,4,5,5142.5,2858.77,2283.73,5,0.15,0
6259,850,10,1,21,1008.0,650.47,357.53,5,0.1,0
6260,456,21,1,34,85.68,56.65,29.03,4,0.15,0
6261,434,15,9,12,4768.5,3501.95,1266.55,3,0.15,0
6262,219,5,7,48,14962.5,9715.13,5247.37,5,0.1,0
6263,165,11,6,32,7267.5,4140.19,3127.31,5,0.15,0
6264,901,7,2,19,9880.0,7095.29,2784.71,2,0.0,0
6265,795,5,5,31,13387.5,8100.89,5286.61,5,0.1,0
6266,505,7,2,32,26000.0,16637.83,9362.17,5,0.0,0
6267,80,12,10,31,20995.0,12113.54,8881.46,4,0.05,0
6268,29,30,8,34,336.6,246.76,89.84,3,0.15,0
6269,28,25,2,22,146.3,89.08,57.22,4,0.05,1
6270,285,4,10,40,4554.0,3107.84,1446.16,4,0.1,0
6271,703,21,3,21,154.91,111.66,43.25,3,0.15,0
6272,685,18,7,26,3120.0,2096.72,1023.28,4,0.0,0
6273,113,15,3,9,4681.6,3151.55,1530.05,4,0.05,0
6274,49,4,6,50,3465.0,2063.52,1401.48,3,0.0,0
6275,478,18,7,43,2340.0,1389.32,950.68,5,0.1,0
6276,277,26,4,35,113.85,71.5,42.35,5,0.1,0
6277,518,14,9,48,361.0,239.2,121.8,4,0.0,1
6278,178,2,4,24,10640.0,6910.12,3729.88,4,0.0,0
6279,107,18,5,13,1237.6,909.9,327.7,4,0.15,0
6280,330,14,3,31,193.8,120.76,73.04,2,0.15,0
6281,65,2,2,10,9044.0,6532.98,2511.02,4,0.05,0
6282,75,19,7,5,2754.0,1946.08,807.92,3,0.1,0
6283,172,1,1,39,1083.0,680.61,402.39,1,0.05,0
6284,662,10,6,20,644.0,361.24,282.76,2,0.0,0
6285,1063,28,5,26,77.52,54.03,23.49,2,0.15,0
6286,611,28,3,1,125.4,89.57,35.83,3,0.0,0
6287,1038,30,8,44,288.0,187.15,100.85,2,0.0,1
6288,324,4,7,26,3168.0,2232.89,935.11,3,0.2,0
6289,218,2,8,4,11305.0,7727.73,3577.27,5,0.15,0
6290,135,28,2,32,38.0,25.98,12.02,1,0.0,0
6291,301,12,1,2,29900.0,17498.34,12401.66,4,0.0,1
6292,862,30,5,16,288.0,191.54,96.46,3,0.2,0
6293,848,11,3,28,4320.0,3108.12,1211.88,3,0.0,1
6294,583,16,8,44,3990.0,2259.69,1730.31,3,0.0,0
6295,322,17,6,45,2280.0,1341.66,938.34,5,0.0,0
6296,1021,11,6,39,9832.5,7223.03,2609.47,5,0.05,0
6297,384,2,5,47,2618.0,1620.16,997.84,1,0.15,0
6298,1085,24,3,49,1134.0,806.46,327.54,2,0.0,0
6299,561,24,4,2,642.6,477.61,164.99,2,0.15,0
6300,1014,15,5,19,7590.0,4520.45,3069.55,3,0.0,0
6301,298,19,5,23,4968.0,3158.24,1809.76,4,0.1,1
6302,1022,23,5,46,97.75,73.26,24.49,1,0.0,1
6303,931,5,5,41,10710.0,6477.3,4232.7,4,0.15,0
6304,308,26,9,14,79.2,52.48,26.72,3,0.0,0
6305,923,21,2,2,36.45,24.22,12.23,1,0.1,0
6306,598,6,10,33,820.8,545.0,275.8,2,0.1,0
6307,532,5,2,9,16625.0,10552.46,6072.54,5,0.0,0
6308,963,25,1,50,66.5,43.43,23.07,2,0.0,0
6309,702,21,6,31,273.38,181.41,91.97,5,0.1,0
6310,1083,24,5,15,1445.85,1080.91,364.94,3,0.15,1
6311,718,4,3,50,2970.0,1755.02,1214.98,2,0.0,0
6312,115,23,8,45,42.84,30.18,12.66,1,0.1,0
6313,444,3,4,38,1491.75,1013.93,477.82,3,0.1,0
6314,922,18,5,21,2925.0,2043.07,881.93,5,0.0,0
6315,253,5,9,11,3272.5,1865.82,1406.68,1,0.15,0
6316,806,10,3,7,833.0,511.35,321.65,5,0.0,0
6317,1016,18,9,38,1196.0,768.88,427.12,2,0.2,1
6318,107,16,1,24,744.8,413.38,331.42,1,0.05,0
6319,41,21,7,9,160.65,95.34,65.31,4,0.15,0
6320,368,30,5,46,264.0,167.77,96.23,2,0.0,0
6321,7,25,8,39,192.5,115.71,76.79,5,0.0,0
6322,986,17,10,48,794.2,532.79,261.41,2,0.05,0
6323,1014,22,6,11,57.96,38.7,19.26,2,0.1,0
6324,400,13,10,7,787.5,490.13,297.37,5,0.0,0
6325,460,17,6,29,1064.0,697.41,366.59,5,0.0,0
6326,301,24,10,2,458.85,326.08,132.77,1,0.05,0
6327,647,20,10,21,983.25,723.38,259.87,2,0.05,0
6328,1012,4,6,42,3225.75,1918.6,1307.15,3,0.15,1
6329,145,21,8,37,90.0,63.77,26.23,2,0.0,0
6330,612,27,8,22,286.0,192.55,93.45,4,0.0,0
6331,195,28,8,25,87.21,48.85,38.36,3,0.15,0
6332,42,26,1,3,43.89,28.78,15.11,2,0.05,0
6333,731,29,9,43,242.0,170.29,71.71,4,0.0,0
6334,257,11,4,33,1584.0,1077.01,506.99,1,0.2,0
6335,196,20,1,22,769.5,551.68,217.82,2,0.05,0
6336,427,6,9,30,1632.0,1120.75,511.25,5,0.2,0
6337,1020,10,7,50,644.0,405.1,238.9,2,0.0,0
6338,975,11,4,6,1683.0,1222.45,460.55,1,0.15,0
6339,533,25,4,35,133.0,96.01,36.99,4,0.0,0
6340,666,15,10,13,2530.0,1827.22,702.78,1,0.0,0
6341,549,26,2,38,94.05,64.14,29.91,5,0.05,0
6342,788,6,5,43,907.2,549.39,357.81,2,0.1,1
6343,289,25,8,29,32.2,19.99,12.21,1,0.2,0
6344,469,22,7,34,47.04,31.96,15.08,3,0.0,0
6345,225,29,9,10,156.75,106.47,50.28,3,0.0,0
6346,63,7,2,42,20995.0,13449.11,7545.89,5,0.05,1
6347,977,12,10,7,21450.0,15352.5,6097.5,3,0.0,0
6348,880,30,2,40,384.0,242.11,141.89,4,0.2,0
6349,771,26,1,6,69.3,48.04,21.26,3,0.0,0
6350,4,25,2,1,73.15,49.8,23.35,2,0.05,0
6351,776,23,5,30,254.36,182.84,71.52,3,0.05,0
6352,809,12,8,13,6961.5,4723.91,2237.59,2,0.1,0
6353,617,3,1,22,679.25,444.18,235.07,1,0.05,0
6354,312,8,4,4,4272.0,2603.33,1668.67,5,0.2,0
6355,381,4,5,45,4114.0,2281.97,1832.03,4,0.15,0
6356,201,27,7,22,93.6,67.16,26.44,2,0.2,0
6357,26,11,4,50,5940.0,3912.29,2027.71,3,0.0,0
6358,1006,23,9,5,391.0,260.31,130.69,4,0.0,0
6359,774,4,6,4,4620.0,3334.36,1285.64,4,0.0,0
6360,816,4,7,39,654.5,416.72,237.78,1,0.0,0
6361,119,11,10,4,3024.0,1735.55,1288.45,3,0.0,0
6362,962,15,10,28,4180.0,2795.94,1384.06,2,0.0,1
6363,845,15,1,37,8360.0,5723.42,2636.58,5,0.05,0
6364,556,20,7,5,810.0,543.52,266.48,2,0.0,1
6365,449,1,9,43,2570.4,1679.54,890.86,4,0.1,0
6366,927,28,10,35,153.9,89.36,64.54,5,0.1,0
6367,933,12,10,26,24862.5,15622.15,9240.35,5,0.15,0
6368,363,15,5,33,5049.0,3013.58,2035.42,2,0.15,0
6369,74,19,8,5,3060.0,1981.73,1078.27,3,0.0,0
6370,727,1,2,13,3078.0,1971.35,1106.65,2,0.05,0
6371,180,3,6,25,1976.0,1376.04,599.96,4,0.2,1
6372,568,1,9,11,5400.0,3993.24,1406.76,5,0.0,0
6373,831,10,10,42,190.4,113.86,76.54,1,0.15,0
6374,668,2,10,18,5474.0,3897.75,1576.25,2,0.15,0
6375,217,12,10,27,11732.5,8760.41,2972.09,2,0.05,0
6376,457,4,10,5,1848.0,1205.88,642.12,3,0.0,0
6377,495,13,10,2,150.0,109.58,40.42,1,0.0,0
6378,623,14,5,19,522.5,293.64,228.86,5,0.0,0
6379,133,11,2,39,3240.0,1947.21,1292.79,2,0.1,0
6380,191,28,2,40,64.98,46.0,18.98,2,0.05,0
6381,112,1,10,33,2284.8,1279.48,1005.32,4,0.15,0
6382,1071,3,5,20,833.62,607.96,225.66,1,0.05,0
6383,797,4,2,31,3179.0,1845.16,1333.84,4,0.15,0
6384,335,1,7,31,1458.0,1084.48,373.52,1,0.1,0
6385,1063,24,6,36,1008.0,755.78,252.22,2,0.0,0
6386,983,16,10,45,3927.0,2540.11,1386.89,3,0.15,0
6387,14,2,4,4,6160.0,3838.3,2321.7,2,0.0,0
6388,1065,28,7,6,182.4,121.82,60.58,4,0.0,0
6389,365,25,3,44,127.58,77.92,49.66,3,0.1,1
6390,859,9,2,40,864.0,642.0,222.0,3,0.1,0
6391,1037,30,4,12,432.0,289.36,142.64,3,0.0,0
6392,21,5,7,15,7700.0,5670.69,2029.31,2,0.0,0
6393,297,15,8,45,10120.0,6641.76,3478.24,4,0.0,0
6394,339,14,9,12,230.85,157.38,73.47,2,0.1,0
6395,760,9,4,45,1056.0,694.47,361.53,3,0.0,0
6396,494,17,1,8,380.0,258.24,121.76,1,0.0,0
6397,831,20,5,50,306.0,227.4,78.6,1,0.15,0
6398,211,7,10,35,14040.0,9985.2,4054.8,3,0.0,0
6399,420,16,6,1,5880.0,3487.67,2392.33,5,0.2,0
6400,241,15,6,11,6270.0,4303.01,1966.99,3,0.0,0
6401,302,9,4,17,736.0,513.55,222.45,2,0.0,0
6402,989,26,10,28,68.97,40.22,28.75,3,0.05,0
6403,405,29,4,24,57.75,36.62,21.13,1,0.0,0
6404,668,25,6,47,201.25,150.9,50.35,5,0.0,0
6405,1062,6,10,19,547.2,394.85,152.35,1,0.05,0
6406,1064,13,3,24,486.0,310.13,175.87,3,0.1,0
6407,388,28,8,2,133.76,77.77,55.99,4,0.2,0
6408,1038,15,4,25,2376.0,1335.54,1040.46,1,0.1,0
6409,273,27,3,27,114.4,67.56,46.84,2,0.2,0
6410,170,14,8,24,90.25,51.16,39.09,1,0.0,0
6411,278,21,8,48,41.4,24.55,16.85,1,0.2,0
6412,196,27,5,29,234.0,164.13,69.87,4,0.0,0
6413,1044,23,7,14,408.0,243.69,164.31,4,0.0,0
6414,968,1,9,2,3420.0,2227.02,1192.98,3,0.0,0
6415,155,26,3,46,35.53,25.1,10.43,2,0.15,0
6416,800,26,6,29,44.88,26.44,18.44,3,0.2,0
6417,797,9,5,22,272.0,183.67,88.33,1,0.0,1
6418,317,6,3,1,2448.0,1447.02,1000.98,5,0.15,0
6419,836,27,5,44,124.8,93.17,31.63,3,0.2,0
6420,792,4,4,34,888.25,501.89,386.36,1,0.05,0
6421,771,2,7,37,11760.0,8001.95,3758.05,5,0.2,0
6422,539,11,2,3,5814.0,4184.81,1629.19,4,0.15,0
6423,312,20,3,5,2160.0,1608.92,551.08,4,0.0,0
6424,774,1,5,45,2394.0,1559.38,834.62,2,0.05,0
6425,217,25,1,16,113.05,66.49,46.56,4,0.15,0
6426,772,20,6,42,1890.0,1158.94,731.06,4,0.0,0
6427,786,20,5,5,945.0,580.06,364.94,2,0.0,0
6428,4,22,9,33,146.3,102.78,43.52,5,0.05,0
6429,188,29,1,30,49.5,33.12,16.38,1,0.0,0
6430,419,23,7,2,142.8,106.33,36.47,2,0.2,0
6431,1040,21,6,36,270.0,162.6,107.4,5,0.0,0
6432,429,26,8,9,14.96,8.82,6.14,1,0.2,0
6433,1013,16,7,14,6440.0,4769.19,1670.81,5,0.2,0
6434,149,23,10,5,425.0,301.84,123.16,5,0.0,0
6435,609,23,4,3,444.12,294.9,149.22,5,0.05,0
6436,770,17,5,12,359.1,206.23,152.87,1,0.1,0
6437,68,3,9,48,2210.0,1419.99,790.01,4,0.0,0
6438,468,4,2,11,2464.0,1660.3,803.7,4,0.0,0
6439,794,1,4,4,1734.0,1027.4,706.6,2,0.15,0
6440,1003,17,2,29,418.0,244.76,173.24,1,0.0,0
6441,288,16,6,34,7245.0,4117.9,3127.1,5,0.1,0
6442,651,20,3,2,2070.0,1148.56,921.44,4,0.0,0
6443,781,12,3,30,12967.5,7364.06,5603.44,2,0.05,1
6444,211,1,10,23,2160.0,1591.57,568.43,2,0.0,0
6445,143,15,10,43,3520.0,2163.99,1356.01,2,0.2,0
6446,348,5,4,35,4725.0,2802.24,1922.76,1,0.0,0
6447,66,6,1,37,1632.0,927.29,704.71,5,0.2,0
6448,11,3,5,25,3396.25,1923.88,1472.37,5,0.05,0
6449,826,2,8,32,2979.2,1731.94,1247.26,2,0.05,0
6450,579,12,1,45,27787.5,15323.14,12464.36,5,0.1,0
6451,420,23,6,15,178.5,111.11,67.39,2,0.0,0
6452,824,23,3,27,95.2,70.91,24.29,2,0.0,0
6453,558,13,2,32,270.0,195.94,74.06,2,0.0,0
6454,153,26,6,7,41.8,28.49,13.31,2,0.0,0
6455,811,15,4,4,5236.0,3860.89,1375.11,5,0.2,0
6456,601,1,8,20,969.0,696.22,272.78,1,0.15,0
6457,860,14,6,16,171.0,95.76,75.24,2,0.1,0
6458,462,22,9,24,62.72,37.01,25.71,4,0.0,0
6459,656,28,9,2,43.7,30.99,12.71,1,0.0,0
6460,803,5,7,32,6247.5,3551.73,2695.77,3,0.0,0
6461,1064,8,2,18,4272.0,2354.25,1917.75,4,0.0,0
6462,37,8,10,17,2242.8,1611.29,631.51,3,0.2,0
6463,595,13,5,42,285.0,162.32,122.68,2,0.0,0
6464,44,5,4,11,3675.0,2297.1,1377.9,1,0.0,0
6465,1070,18,10,1,2983.5,1650.37,1333.13,4,0.15,0
6466,997,25,6,3,154.0,88.4,65.6,4,0.0,1
6467,331,13,8,31,432.0,239.41,192.59,3,0.2,0
6468,802,21,3,43,45.52,30.84,14.68,2,0.15,0
6469,582,7,10,44,19760.0,12547.5,7212.5,4,0.0,0
6470,1023,26,3,1,50.6,30.43,20.17,2,0.0,1
6471,996,3,1,15,2288.0,1566.65,721.35,4,0.2,0
6472,1000,13,5,6,495.0,349.98,145.02,3,0.0,0
6473,961,4,10,29,3135.0,1860.86,1274.14,3,0.0,0
6474,745,19,6,23,1188.0,881.72,306.28,1,0.1,0
6475,38,14,10,23,284.29,167.49,116.8,3,0.05,0
6476,521,5,8,45,5985.0,3596.03,2388.97,2,0.1,0
6477,191,2,10,2,11340.0,8369.85,2970.15,5,0.1,0
6478,117,21,9,8,64.26,40.88,23.38,3,0.15,0
6479,85,5,4,27,2826.25,1721.53,1104.72,1,0.05,0
6480,877,1,3,12,3600.0,2221.65,1378.35,3,0.0,1
6481,415,22,2,13,74.97,42.63,32.34,3,0.15,0
6482,383,18,1,37,2145.0,1577.05,567.95,3,0.0,0
6483,545,22,1,7,106.4,79.32,27.08,4,0.0,0
6484,75,12,9,18,27625.0,18253.0,9372.0,5,0.0,0
6485,419,7,10,48,19656.0,13289.75,6366.25,4,0.1,0
6486,336,26,10,28,84.64,62.67,21.97,3,0.05,0
6487,125,26,7,19,88.0,61.09,26.91,4,0.0,0
6488,983,13,5,30,660.0,409.94,250.06,5,0.2,0
6489,98,18,5,23,309.4,212.28,97.12,1,0.15,0
6490,627,8,10,38,4895.0,3040.95,1854.05,5,0.0,1
6491,350,17,7,8,513.0,335.6,177.4,1,0.0,0
6492,220,9,4,34,608.0,417.51,190.49,2,0.0,0
6493,505,6,9,49,1920.0,1375.83,544.17,4,0.0,0
6494,251,28,10,34,33.44,20.73,12.71,1,0.2,0
6495,421,26,10,50,18.48,13.35,5.13,1,0.2,0
6496,887,16,4,1,6650.0,4737.27,1912.73,5,0.0,0
6497,1080,10,1,7,1285.2,828.89,456.31,4,0.15,0
6498,292,23,2,38,83.09,45.99,37.1,1,0.15,0
6499,1003,29,2,38,242.0,162.23,79.77,4,0.0,1
6500,601,30,5,23,342.0,246.22,95.78,3,0.0,0
6501,239,29,5,16,248.19,176.14,72.05,5,0.05,0
6502,626,8,2,50,2496.45,1772.97,723.48,3,0.15,0
6503,870,20,6,39,1620.0,943.97,676.03,4,0.1,0
6504,838,8,3,46,2848.0,1661.75,1186.25,4,0.0,0
6505,468,16,1,13,3920.0,2603.64,1316.36,5,0.0,1
6506,669,14,7,49,278.59,198.12,80.47,3,0.15,0
6507,544,3,4,20,1235.0,899.77,335.23,2,0.0,0
6508,473,5,10,50,9310.0,5836.72,3473.28,5,0.05,0
6509,176,21,7,3,102.6,71.22,31.38,3,0.2,0
6510,212,16,1,11,3780.0,2733.47,1046.53,3,0.0,0
6511,493,15,5,47,4180.0,2507.48,1672.52,2,0.05,0
6512,447,3,9,17,773.5,437.04,336.46,2,0.0,0
6513,987,23,2,28,467.5,295.84,171.66,5,0.0,0
6514,588,15,7,11,1985.5,1173.42,812.08,1,0.05,0
6515,987,29,4,47,181.5,104.22,77.28,3,0.0,0
6516,663,30,6,27,393.3,287.32,105.98,3,0.05,1
6517,132,21,2,50,162.0,106.39,55.61,4,0.1,0
6518,829,13,4,31,84.0,55.36,28.64,1,0.0,0
6519,550,8,9,13,801.0,488.32,312.68,1,0.0,0
6520,971,17,2,26,1028.85,567.88,460.97,3,0.05,0
6521,97,29,5,5,130.9,88.25,42.65,5,0.15,0
6522,266,10,5,26,554.4,363.34,191.06,2,0.1,0
6523,135,15,4,17,8800.0,6472.41,2327.59,4,0.0,0
6524,937,7,7,13,4680.0,3101.88,1578.12,1,0.0,0
6525,1058,3,4,29,1248.0,724.27,523.73,2,0.2,0
6526,1066,24,1,20,1701.0,1156.66,544.34,3,0.0,0
6527,1075,26,4,18,148.5,101.11,47.39,5,0.0,0
6528,1004,14,5,38,177.65,114.67,62.98,2,0.15,0
6529,834,18,2,14,884.0,570.19,313.81,2,0.15,0
6530,331,21,8,45,270.0,178.65,91.35,5,0.0,0
6531,426,22,10,12,60.69,39.5,21.19,3,0.15,0
6532,359,3,4,26,3510.0,2216.98,1293.02,4,0.0,0
6533,501,17,5,5,1216.0,795.53,420.47,4,0.2,0
6534,317,17,8,20,2280.0,1469.27,810.73,5,0.0,0
6535,514,17,9,5,380.0,261.81,118.19,1,0.0,0
6536,181,14,8,35,90.25,59.22,31.03,1,0.0,0
6537,910,20,4,39,2137.5,1562.81,574.69,5,0.0,0
6538,119,25,9,10,31.36,20.06,11.3,2,0.2,1
6539,198,9,7,37,864.0,577.77,286.23,3,0.0,0
6540,864,19,9,47,2400.0,1774.28,625.72,2,0.0,0
6541,88,15,3,41,4488.0,2927.68,1560.32,3,0.2,0
6542,176,11,7,44,3420.0,2560.48,859.52,2,0.0,0
6543,797,16,9,2,1011.5,672.85,338.65,1,0.15,0
6544,77,3,5,46,442.0,256.4,185.6,1,0.2,1
6545,2,9,5,29,281.6,163.8,117.8,1,0.2,1
6546,413,25,7,9,99.23,63.44,35.79,3,0.1,0
6547,825,6,4,29,1142.4,851.12,291.28,5,0.15,0
6548,144,16,4,9,5320.0,3956.87,1363.13,4,0.05,0
6549,852,25,4,40,89.25,50.27,38.98,3,0.15,0
6550,101,14,6,50,212.8,120.21,92.59,4,0.0,0
6551,515,21,4,27,153.0,91.61,61.39,4,0.15,0
6552,761,14,2,33,313.5,186.31,127.19,3,0.0,0
6553,987,23,8,34,252.45,145.82,106.63,3,0.1,0
6554,695,17,4,27,410.4,305.58,104.82,1,0.1,1
6555,1051,30,4,29,432.0,284.37,147.63,3,0.0,0
6556,341,7,10,25,7020.0,4044.26,2975.74,1,0.0,0
6557,9,6,6,25,1795.2,1009.71,785.49,4,0.15,0
6558,982,26,9,12,121.0,85.66,35.34,5,0.0,0
6559,147,30,7,49,102.0,56.17,45.83,1,0.15,0
6560,842,7,3,38,12480.0,7420.09,5059.91,3,0.0,0
6561,64,10,4,32,714.0,481.97,232.03,3,0.0,0
6562,20,17,7,21,1003.2,575.86,427.34,3,0.2,0
6563,209,20,10,30,324.0,210.34,113.66,1,0.2,0
6564,1029,7,10,14,5980.0,3441.97,2538.03,1,0.0,0
6565,341,22,8,24,189.0,110.81,78.19,5,0.0,1
6566,136,29,7,24,220.0,137.06,82.94,4,0.0,0
6567,1068,13,4,41,364.5,205.67,158.83,2,0.1,0
6568,1015,22,1,22,128.8,93.29,35.51,4,0.0,0
6569,645,16,4,34,4830.0,2705.57,2124.43,3,0.0,0
6570,59,24,7,25,418.95,304.04,114.91,1,0.05,0
6571,137,22,6,13,26.6,16.64,9.96,1,0.05,0
6572,337,10,5,45,1077.3,721.97,355.33,3,0.05,0
6573,188,17,2,19,684.0,480.05,203.95,2,0.0,1
6574,793,28,10,29,92.05,56.75,35.3,3,0.05,0
6575,539,13,1,25,712.5,430.11,282.39,5,0.0,1
6576,856,1,6,13,1920.0,1257.56,662.44,2,0.2,0
6577,636,20,10,28,2351.25,1470.55,880.7,5,0.05,0
6578,237,17,8,49,974.7,644.47,330.23,3,0.1,0
6579,593,21,1,13,171.0,126.12,44.88,4,0.0,0
6580,533,11,2,9,6840.0,5003.9,1836.1,4,0.0,0
6581,922,20,1,11,688.5,480.91,207.59,2,0.15,0
6582,46,20,5,19,945.0,649.5,295.5,2,0.0,0
6583,405,9,6,22,1209.6,813.05,396.55,4,0.1,0
6584,84,16,3,22,4522.0,3194.02,1327.98,4,0.05,0
6585,994,5,4,4,13090.0,7748.6,5341.4,4,0.15,0
6586,915,28,9,13,116.28,65.67,50.61,4,0.15,0
6587,224,26,1,19,20.9,13.16,7.74,1,0.0,0
6588,778,16,10,24,6247.5,4302.28,1945.22,5,0.15,0
6589,264,24,3,18,2194.5,1417.4,777.1,5,0.05,0
6590,864,16,6,22,5040.0,3761.66,1278.34,4,0.1,0
6591,62,27,10,20,165.75,113.37,52.38,3,0.0,1
6592,569,29,5,14,210.38,137.94,72.44,5,0.15,0
6593,916,13,10,18,135.0,92.48,42.52,1,0.0,0
6594,553,25,9,34,100.8,65.65,35.15,4,0.2,1
6595,801,20,1,34,963.9,611.86,352.04,4,0.1,0
6596,162,10,2,35,532.0,354.75,177.25,2,0.0,0
6597,585,20,1,44,1026.0,624.02,401.98,3,0.2,0
6598,382,15,1,29,4840.0,2952.55,1887.45,2,0.0,0
6599,309,16,9,27,1680.0,1126.13,553.87,1,0.0,0
6600,335,18,8,18,833.62,511.44,322.18,1,0.05,0
6601,504,20,2,17,1440.0,794.1,645.9,4,0.2,0
6602,345,18,1,15,2500.88,1637.17,863.71,3,0.05,0
6603,236,22,1,36,71.82,46.61,25.21,3,0.1,0
6604,962,12,1,7,11115.0,7567.2,3547.8,2,0.1,0
6605,356,11,7,29,11542.5,7944.96,3597.54,5,0.05,0
6606,808,27,4,6,123.76,80.01,43.75,4,0.2,0
6607,372,14,7,47,355.3,249.79,105.51,4,0.15,0
6608,144,13,4,15,712.5,421.46,291.04,5,0.05,0
6609,496,1,4,10,4800.0,2930.92,1869.08,4,0.0,0
6610,1057,14,5,2,570.0,359.37,210.63,5,0.0,0
6611,567,19,8,29,864.0,529.25,334.75,1,0.2,0
6612,551,26,4,17,84.15,51.95,32.2,5,0.15,0
6613,224,21,8,25,85.5,62.5,23.0,2,0.0,0
6614,157,23,3,34,403.75,294.47,109.28,5,0.0,1
6615,335,18,1,2,4387.5,3135.15,1252.35,5,0.0,0
6616,790,11,1,19,5386.5,3527.77,1858.73,3,0.05,0
6617,81,2,2,39,4760.0,2797.11,1962.89,2,0.0,0
6618,648,5,5,1,12075.0,8882.01,3192.99,3,0.0,0
6619,670,17,5,45,866.4,549.84,316.56,2,0.05,0
6620,191,21,3,31,129.6,95.05,34.55,4,0.2,1
6621,405,26,4,15,36.96,22.76,14.2,2,0.2,1
6622,637,29,3,2,54.45,32.86,21.59,1,0.1,0
6623,917,13,7,6,432.0,308.99,123.01,4,0.2,0
6624,359,29,10,46,222.75,155.09,67.66,3,0.0,0
6625,29,7,2,35,17160.0,11621.84,5538.16,3,0.0,1
6626,998,29,4,43,102.85,64.96,37.89,2,0.15,0
6627,435,9,7,24,816.0,518.89,297.11,3,0.0,0
6628,127,8,9,18,3382.0,2316.95,1065.05,4,0.05,0
6629,620,22,1,5,123.2,86.33,36.87,5,0.2,0
6630,1045,29,10,8,168.3,99.64,68.66,3,0.15,0
6631,435,11,5,12,3901.5,2703.8,1197.7,3,0.15,0
6632,257,27,9,43,228.8,160.07,68.73,4,0.2,0
6633,1047,3,4,33,1989.0,1274.8,714.2,3,0.15,0
6634,150,8,5,50,845.5,578.77,266.73,1,0.05,0
6635,1031,28,6,2,111.43,80.83,30.6,3,0.15,1
6636,284,22,5,4,82.11,60.49,21.62,3,0.15,0
6637,856,23,6,5,170.0,107.15,62.85,2,0.0,0
6638,883,4,2,40,2508.0,1676.28,831.72,3,0.2,0
6639,901,5,6,16,3325.0,1907.77,1417.23,1,0.0,0
6640,776,10,4,49,1176.0,705.66,470.34,5,0.2,1
6641,262,18,1,45,2145.0,1468.36,676.64,3,0.0,0
6642,338,25,4,7,236.25,174.07,62.18,5,0.0,0
6643,968,18,8,16,494.0,305.52,188.48,1,0.2,0
6644,56,28,1,16,101.75,70.84,30.91,3,0.15,0
6645,382,24,10,11,1848.0,1025.68,822.32,4,0.0,0
6646,747,25,6,46,98.18,73.49,24.69,3,0.15,0
6647,1035,10,10,32,917.7,650.95,266.75,3,0.05,0
6648,907,18,4,15,3087.5,2070.08,1017.42,5,0.0,0
6649,426,3,1,38,1657.5,1233.54,423.96,3,0.0,0
6650,724,25,8,36,170.1,124.89,45.21,4,0.1,0
6651,1085,28,1,44,256.5,165.82,90.68,5,0.0,0
6652,1044,8,10,29,5340.0,2949.94,2390.06,5,0.0,0
6653,886,27,6,41,247.0,173.73,73.27,5,0.2,0
6654,828,25,1,29,58.8,42.56,16.24,3,0.0,0
6655,655,22,7,41,128.8,93.92,34.88,4,0.0,1
6656,917,4,9,41,4702.5,2921.83,1780.67,5,0.05,0
6657,673,2,10,36,2856.0,1646.29,1209.71,1,0.15,0
6658,260,2,5,26,15400.0,11200.94,4199.06,5,0.0,1
6659,427,19,1,41,3264.0,1964.73,1299.27,4,0.2,0
6660,984,16,4,40,3080.0,1785.81,1294.19,2,0.0,0
6661,524,27,5,1,247.0,167.24,79.76,4,0.0,0
6662,166,30,9,42,484.5,331.66,152.84,5,0.15,0
6663,371,2,4,49,11704.0,8566.82,3137.18,4,0.05,0
6664,148,24,7,40,1260.0,918.09,341.91,3,0.0,0
6665,804,14,7,18,226.1,169.17,56.93,4,0.0,0
6666,451,12,3,29,11022.37,6870.62,4151.75,3,0.05,1
6667,52,18,4,7,1365.0,928.59,436.41,2,0.0,0
6668,792,3,9,15,1105.0,680.8,424.2,2,0.0,1
6669,96,2,8,19,1254.4,875.16,379.24,1,0.2,0
6670,549,7,1,36,18720.0,13301.86,5418.14,4,0.0,0
6671,482,4,7,32,1760.0,1014.01,745.99,2,0.0,1
6672,783,27,5,18,273.0,152.23,120.77,4,0.0,0
6673,806,2,7,30,3165.4,2315.74,849.66,2,0.05,0
6674,337,3,5,8,4387.5,2447.66,1939.84,5,0.0,0
6675,53,17,5,31,1596.0,1179.13,416.87,5,0.2,0
6676,96,24,2,42,223.44,125.62,97.82,1,0.05,0
6677,801,9,8,41,647.36,398.91,248.45,4,0.15,0
6678,931,25,6,29,157.5,114.55,42.95,5,0.0,0
6679,461,13,8,47,214.2,143.05,71.15,3,0.15,0
6680,573,25,8,39,25.2,18.76,6.44,1,0.2,0
6681,446,24,8,34,963.9,668.22,295.68,3,0.1,0
6682,333,7,1,35,6240.0,3826.14,2413.86,1,0.0,0
6683,542,29,4,2,141.07,100.66,40.41,3,0.1,0
6684,949,28,1,1,36.1,22.69,13.41,1,0.0,0
6685,716,11,5,29,7290.0,5194.04,2095.96,3,0.0,0
6686,890,26,5,46,19.85,11.75,8.1,1,0.05,0
6687,166,4,8,10,2090.0,1229.95,860.05,2,0.0,0
6688,1039,6,2,31,1094.4,811.31,283.09,2,0.05,0
6689,60,18,1,48,1491.75,1098.89,392.86,3,0.1,0
6690,27,18,9,46,2431.0,1375.5,1055.5,4,0.15,0
6691,753,17,1,20,1065.9,773.79,292.11,3,0.15,0
6692,653,22,8,31,64.4,36.71,27.69,2,0.0,0
6693,829,17,2,1,957.6,699.04,258.56,5,0.1,1
6694,930,14,7,15,256.5,145.45,111.05,3,0.0,0
6695,857,16,4,42,5600.0,3161.41,2438.59,4,0.0,0
6696,14,30,7,35,475.2,322.64,152.56,4,0.1,0
6697,630,4,5,31,2420.0,1754.44,665.56,2,0.0,0
6698,876,18,10,22,1105.0,710.87,394.13,2,0.15,1
6699,703,6,6,30,2462.4,1619.46,842.94,4,0.05,0
6700,1007,23,8,49,166.17,118.97,47.2,2,0.15,0
6701,795,21,7,3,65.02,37.86,27.16,2,0.15,0
6702,511,22,8,48,28.0,16.88,11.12,1,0.0,0
6703,723,23,1,44,367.2,249.41,117.79,4,0.2,0
6704,200,20,10,25,810.0,481.72,328.28,2,0.0,0
6705,999,30,8,10,336.6,224.92,111.68,3,0.15,0
6706,188,12,10,46,14917.5,10247.5,4670.0,3,0.15,0
6707,472,26,9,50,36.96,23.24,13.72,3,0.0,1
6708,36,14,3,36,498.75,306.32,192.43,5,0.0,0
6709,837,13,1,43,240.0,178.58,61.42,2,0.0,0
6710,119,12,2,41,18200.0,10967.53,7232.47,5,0.0,0
6711,420,14,4,21,359.1,201.9,157.2,4,0.1,1
6712,1070,16,8,40,3780.0,2447.35,1332.65,2,0.0,0
6713,534,4,7,30,4180.0,2377.87,1802.13,4,0.0,0
6714,595,8,1,40,3382.0,2198.15,1183.85,4,0.0,0
6715,412,5,7,34,6247.5,3813.27,2434.23,2,0.15,0
6716,353,19,6,7,5508.0,3215.34,2292.66,4,0.15,0
6717,83,18,5,23,1491.75,1056.05,435.7,3,0.1,0
6718,898,16,4,15,1064.0,781.97,282.03,1,0.2,0
6719,197,5,9,30,11970.0,7117.22,4852.78,4,0.05,0
6720,214,20,8,48,1282.5,941.36,341.14,3,0.0,0
6721,699,23,3,50,204.0,128.56,75.44,2,0.0,0
6722,1057,26,6,49,25.08,16.77,8.31,1,0.05,0
6723,760,3,8,7,1430.0,983.17,446.83,2,0.0,0
6724,609,11,5,42,7920.0,5483.32,2436.68,4,0.0,0
6725,15,21,1,23,198.0,135.94,62.06,4,0.0,0
6726,90,16,7,27,3213.0,2062.51,1150.49,3,0.1,0
6727,463,18,4,8,691.6,440.65,250.95,2,0.05,0
6728,482,7,6,39,11232.0,6574.0,4658.0,3,0.1,1
6729,262,30,5,24,264.0,188.82,75.18,2,0.0,0
6730,244,13,1,43,330.0,234.76,95.24,2,0.0,0
6731,998,14,6,20,418.0,297.4,120.6,4,0.0,0
6732,224,2,2,19,8512.0,5060.19,3451.81,4,0.2,0
6733,163,21,3,37,171.0,116.36,54.64,5,0.2,1
6734,642,17,5,19,1857.25,1024.53,832.72,5,0.15,0
6735,940,16,2,9,4788.0,3301.14,1486.86,4,0.05,1
6736,789,21,9,22,75.6,54.19,21.41,2,0.2,0
6737,197,22,8,19,71.82,47.69,24.13,3,0.05,1
6738,29,30,9,1,264.0,187.09,76.91,2,0.0,1
6739,328,6,10,41,460.8,290.52,170.28,1,0.2,0
6740,797,11,9,48,4590.0,2666.38,1923.62,3,0.0,0
6741,952,14,5,21,144.4,91.43,52.97,2,0.2,0
6742,928,5,9,1,6300.0,4158.17,2141.83,2,0.0,0
6743,860,6,7,3,432.0,238.3,193.7,1,0.1,0
6744,53,22,2,34,132.3,73.12,59.18,5,0.1,0
6745,1,1,6,13,4752.0,2759.75,1992.25,4,0.1,1
6746,1073,24,8,41,907.2,630.42,276.78,2,0.2,0
6747,317,2,4,1,13440.0,7557.08,5882.92,4,0.0,0
6748,129,29,7,37,110.0,65.01,44.99,2,0.0,0
6749,958,13,7,11,142.5,86.04,56.46,1,0.0,0
6750,139,19,9,4,4800.0,3444.86,1355.14,4,0.0,0
6751,260,15,3,40,3872.0,2765.73,1106.27,2,0.2,0
6752,317,22,9,27,67.2,44.19,23.01,2,0.0,0
6753,628,19,3,46,5280.0,3494.77,1785.23,4,0.0,0
6754,999,21,5,40,148.5,99.76,48.74,3,0.0,0
6755,289,25,4,16,120.75,86.92,33.83,3,0.0,0
6756,933,28,3,33,68.4,43.09,25.31,2,0.0,0
6757,1057,27,10,7,312.0,212.95,99.05,4,0.0,0
6758,658,30,9,32,414.0,229.24,184.76,3,0.0,0
6759,839,3,5,47,2340.0,1600.21,739.79,5,0.1,0
6760,610,3,7,30,3575.0,2414.71,1160.29,5,0.0,0
6761,87,6,8,39,1836.0,1260.31,575.69,5,0.1,0
6762,563,11,5,35,1296.0,731.21,564.79,1,0.2,1
6763,248,16,3,33,4620.0,3264.68,1355.32,3,0.0,0
6764,991,9,10,17,281.6,157.36,124.24,1,0.2,0
6765,862,6,9,50,2280.0,1412.05,867.95,5,0.05,0
6766,46,29,8,43,115.5,82.66,32.84,2,0.0,0
6767,47,12,8,2,6142.5,4488.25,1654.25,1,0.1,0
6768,431,25,6,29,75.86,43.95,31.91,3,0.15,1
6769,264,11,6,45,4752.0,3218.35,1533.65,3,0.2,0
6770,550,14,10,47,85.5,48.8,36.7,1,0.0,0
6771,228,5,4,25,6650.0,4593.45,2056.55,2,0.0,0
6772,585,26,8,44,20.9,12.06,8.84,1,0.0,1
6773,238,19,1,26,4560.0,2789.14,1770.86,4,0.0,0
6774,871,2,10,24,9520.0,6158.66,3361.34,4,0.15,0
6775,589,18,8,32,1759.88,1103.92,655.96,3,0.05,1
6776,112,22,9,14,44.69,25.76,18.93,3,0.05,0
6777,61,20,2,44,382.5,265.16,117.34,1,0.0,0
6778,512,9,8,20,288.0,159.23,128.77,1,0.1,0
6779,276,2,3,11,6440.0,3949.05,2490.95,2,0.0,0
6780,977,29,6,30,121.0,90.36,30.64,2,0.0,0
6781,384,30,9,31,528.0,391.52,136.48,4,0.0,0
6782,732,12,3,22,33962.5,22465.85,11496.65,5,0.05,1
6783,738,1,7,49,5280.0,3944.96,1335.04,4,0.0,0
6784,1076,6,7,20,3078.0,1761.58,1316.42,5,0.05,0
6785,111,6,6,23,766.08,519.57,246.51,3,0.05,0
6786,511,8,5,29,4005.0,2482.4,1522.6,5,0.1,0
6787,1042,10,5,30,336.0,239.79,96.21,1,0.0,0
6788,638,12,1,22,28600.0,20106.66,8493.34,4,0.0,0
6789,876,20,6,42,360.0,202.73,157.27,1,0.2,0
6790,807,21,2,13,113.79,72.62,41.17,5,0.15,0
6791,714,11,10,18,4860.0,3231.77,1628.23,2,0.0,1
6792,392,8,3,19,881.1,602.27,278.83,1,0.1,0
6793,947,24,2,6,1995.0,1440.69,554.31,5,0.0,0
6794,773,15,8,19,4389.0,2459.25,1929.75,2,0.05,0
6795,6,28,10,34,112.86,65.58,47.28,3,0.1,0
6796,529,8,7,37,2409.67,1447.2,962.47,3,0.05,0
6797,627,25,8,25,173.25,115.46,57.79,5,0.1,0
6798,856,3,7,41,552.5,405.81,146.69,1,0.15,0
6799,941,13,5,47,364.5,249.6,114.9,3,0.1,0
6800,388,3,10,27,2145.0,1491.05,653.95,3,0.0,1
6801,916,27,10,48,49.73,35.19,14.54,1,0.15,0
6802,397,22,2,9,117.6,73.39,44.21,4,0.0,0
6803,1004,10,1,9,1232.0,906.63,325.37,5,0.2,1
6804,753,18,8,28,3575.0,2233.9,1341.1,5,0.0,0
6805,193,21,3,27,202.5,120.57,81.93,5,0.0,0
6806,496,15,4,7,9350.0,6432.4,2917.6,5,0.15,0
6807,629,4,3,48,1936.0,1352.71,583.29,2,0.2,0
6808,354,7,3,24,35100.0,26076.64,9023.36,5,0.0,0
6809,712,11,8,5,1944.0,1218.19,725.81,1,0.2,0
6810,953,9,4,22,243.2,147.52,95.68,1,0.2,0
6811,844,7,3,32,4160.0,2459.0,1701.0,1,0.0,0
6812,69,5,9,48,2975.0,2208.81,766.19,1,0.0,0
6813,993,13,4,19,495.0,292.81,202.19,3,0.0,0
6814,5,6,7,14,897.6,559.5,338.1,2,0.15,0
6815,827,21,3,38,107.1,79.1,28.0,5,0.15,0
6816,351,11,3,7,6196.5,4302.92,1893.58,3,0.15,0
6817,467,12,2,31,6188.0,3648.43,2539.57,2,0.15,0
6818,1040,12,1,17,21060.0,13114.75,7945.25,3,0.1,0
6819,291,27,4,22,190.61,122.78,67.83,3,0.15,0
6820,526,2,6,47,6384.0,4549.58,1834.42,3,0.2,0
6821,831,29,2,8,79.2,43.83,35.37,2,0.1,0
6822,1088,30,10,9,648.0,466.0,182.0,4,0.0,0
6823,549,2,9,32,2016.0,1259.62,756.38,1,0.2,0
6824,462,8,6,24,1420.44,849.38,571.06,3,0.05,0
6825,130,17,3,36,1140.0,766.66,373.34,3,0.0,0
6826,609,17,7,38,2090.0,1167.81,922.19,5,0.0,0
6827,737,16,4,13,7700.0,4944.71,2755.29,5,0.0,1
6828,258,13,7,1,701.25,426.21,275.04,5,0.15,0
6829,934,29,6,2,47.02,33.45,13.57,1,0.05,0
6830,845,22,7,23,60.48,40.46,20.02,3,0.1,0
6831,80,21,7,21,181.69,131.45,50.24,5,0.05,0
6832,273,6,4,11,1584.0,884.55,699.45,3,0.0,0
6833,126,13,4,45,135.0,77.09,57.91,1,0.1,0
6834,880,28,10,31,32.3,23.24,9.06,1,0.15,0
6835,496,11,10,6,1440.0,878.75,561.25,1,0.2,0
6836,102,27,3,36,145.6,83.97,61.63,4,0.0,0
6837,324,18,7,44,780.0,429.31,350.69,1,0.0,0
6838,589,30,6,20,228.0,137.31,90.69,2,0.0,0
6839,350,10,4,2,756.0,520.33,235.67,2,0.0,0
6840,115,1,1,7,1344.0,859.51,484.49,2,0.0,1
6841,351,18,3,17,1755.0,986.79,768.21,2,0.0,0
6842,1001,19,2,46,2640.0,1573.57,1066.43,2,0.0,0
6843,661,13,2,41,655.5,384.62,270.88,4,0.05,0
6844,1064,9,7,48,1228.8,768.21,460.59,4,0.2,0
6845,931,15,10,24,3762.0,2121.1,1640.9,2,0.05,0
6846,388,1,8,3,6600.0,4147.59,2452.41,5,0.0,1
6847,487,13,1,9,600.0,439.19,160.81,4,0.0,0
6848,685,14,8,47,216.6,122.11,94.49,2,0.05,0
6849,406,14,3,38,199.5,122.54,76.96,2,0.0,0
6850,964,23,8,30,145.35,101.06,44.29,2,0.1,0
6851,616,7,9,10,5720.0,3640.41,2079.59,1,0.0,0
6852,340,6,3,34,1296.0,848.11,447.89,2,0.0,0
6853,404,17,6,12,798.0,492.82,305.18,2,0.0,1
6854,789,5,8,44,2940.0,1958.57,981.43,1,0.2,0
6855,87,29,2,18,140.25,81.96,58.29,3,0.0,0
6856,329,6,10,10,1382.4,862.53,519.87,3,0.2,0
6857,54,17,10,15,1695.75,1009.55,686.2,5,0.15,0
6858,714,2,5,27,6426.0,4775.06,1650.94,2,0.15,0
6859,403,21,8,18,47.25,34.71,12.54,1,0.0,0
6860,480,7,9,29,17680.0,13059.42,4620.58,5,0.15,0
6861,164,24,10,2,1197.0,840.88,356.12,3,0.0,0
6862,549,11,9,31,4374.0,2708.0,1666.0,3,0.1,0
6863,380,12,8,9,14300.0,9984.42,4315.58,2,0.0,0
6864,29,1,8,1,6270.0,4544.47,1725.53,5,0.05,0
6865,893,20,5,33,1218.38,836.12,382.26,3,0.05,0
6866,717,6,10,7,1749.6,1049.62,699.98,3,0.1,0
6867,780,28,6,3,169.57,119.41,50.16,5,0.15,0
6868,286,15,1,48,5060.0,3611.59,1448.41,2,0.0,0
6869,756,26,5,41,19.36,11.08,8.28,1,0.2,0
6870,754,12,7,12,21450.0,12410.26,9039.74,3,0.0,0
6871,913,14,9,2,342.0,206.25,135.75,5,0.2,0
6872,642,19,7,20,5520.0,3310.18,2209.82,4,0.0,0
6873,547,6,5,50,1036.8,611.42,425.38,3,0.2,0
6874,49,14,6,18,199.5,148.76,50.74,2,0.0,0
6875,605,8,5,4,1606.45,906.42,700.03,2,0.05,0
6876,546,7,2,3,24700.0,15240.64,9459.36,5,0.0,0
6877,843,18,4,42,468.0,342.92,125.08,1,0.1,0
6878,494,24,2,48,840.0,628.55,211.45,2,0.0,0
6879,823,9,10,29,510.72,336.98,173.74,3,0.05,0
6880,898,21,7,19,128.25,83.52,44.73,3,0.0,0
6881,477,2,8,43,2128.0,1393.5,734.5,1,0.05,0
6882,142,24,1,7,840.0,629.92,210.08,2,0.0,1
6883,1073,25,1,24,170.1,115.33,54.77,4,0.1,1
6884,215,4,9,31,2664.75,1778.14,886.61,3,0.15,0
6885,573,9,10,5,244.8,182.08,62.72,1,0.15,0
6886,900,6,4,45,387.6,278.29,109.31,1,0.15,0
6887,355,1,5,37,8100.0,4481.37,3618.63,5,0.0,1
6888,593,2,5,6,5320.0,2988.77,2331.23,2,0.0,0
6889,563,22,4,5,20.16,12.49,7.67,1,0.2,0
6890,445,3,6,47,2486.25,1594.04,892.21,5,0.1,0
6891,793,14,1,50,306.85,228.09,78.76,4,0.05,0
6892,238,9,2,17,1520.0,941.05,578.95,5,0.0,0
6893,826,1,10,23,672.0,466.28,205.72,1,0.0,1
6894,972,2,3,5,6384.0,3805.29,2578.71,3,0.2,0
6895,215,11,2,8,1453.5,925.71,527.79,1,0.15,0
6896,965,28,2,17,57.76,36.04,21.72,2,0.2,0
6897,230,2,7,7,10640.0,5874.17,4765.83,4,0.0,0
6898,1022,6,6,23,1104.0,794.74,309.26,2,0.0,0
6899,410,16,2,12,2940.0,1874.96,1065.04,2,0.0,0
6900,66,18,5,21,1105.0,812.49,292.51,2,0.0,0
6901,895,24,1,48,1895.25,1297.96,597.29,5,0.05,0
6902,472,27,4,27,36.4,24.91,11.49,1,0.0,1
6903,487,26,2,38,17.6,12.16,5.44,1,0.2,0
6904,121,1,10,40,4200.0,2448.38,1751.62,5,0.0,0
6905,926,23,2,38,130.05,89.76,40.29,2,0.15,0
6906,379,17,9,29,1065.9,602.63,463.27,3,0.15,0
6907,527,20,3,23,1090.12,641.37,448.75,3,0.15,0
6908,91,5,7,28,7140.0,4175.06,2964.94,3,0.15,0
6909,888,21,10,26,171.0,112.82,58.18,4,0.0,0
6910,77,11,2,50,2754.0,1867.51,886.49,2,0.1,0
6911,960,5,5,13,2826.25,1795.27,1030.98,1,0.15,0
6912,1059,8,7,30,3844.8,2165.89,1678.91,4,0.1,0
6913,1046,23,3,17,91.8,61.68,30.12,1,0.1,0
6914,735,3,4,13,715.0,458.23,256.77,1,0.0,0
6915,370,22,4,28,123.2,88.18,35.02,4,0.0,0
6916,336,1,2,29,2916.0,2077.09,838.91,2,0.1,0
6917,240,22,3,25,106.4,77.28,29.12,4,0.0,0
6918,858,19,7,50,1200.0,864.21,335.79,1,0.0,0
6919,555,1,4,40,918.0,609.18,308.82,1,0.15,0
6920,978,13,8,14,660.0,465.24,194.76,4,0.0,0
6921,424,7,10,39,16380.0,10290.34,6089.66,3,0.0,0
6922,1011,14,1,46,327.75,181.56,146.19,3,0.0,0
6923,76,11,1,44,7650.0,5046.55,2603.45,5,0.0,0
6924,383,12,1,45,28600.0,18618.64,9981.36,5,0.2,0
6925,760,29,7,19,145.2,82.12,63.08,3,0.2,0
6926,590,25,2,9,99.75,63.2,36.55,3,0.0,0
6927,762,1,3,39,5670.0,4216.98,1453.02,5,0.1,0
6928,189,19,2,49,5400.0,3771.33,1628.67,5,0.0,1
6929,432,14,8,34,218.02,120.54,97.48,3,0.1,0
6930,192,15,8,18,7920.0,5869.77,2050.23,5,0.2,0
6931,244,25,8,28,154.0,96.14,57.86,4,0.0,1
6932,84,9,4,32,693.6,502.28,191.32,3,0.15,0
6933,216,11,8,23,3420.0,2305.62,1114.38,2,0.0,0
6934,508,27,9,26,65.0,48.06,16.94,1,0.0,0
6935,870,16,5,36,5320.0,3830.75,1489.25,4,0.05,1
6936,967,12,4,50,18525.0,13481.03,5043.97,3,0.0,0
6937,1012,10,4,39,611.8,336.62,275.18,2,0.05,0
6938,117,15,9,3,1232.0,798.97,433.03,1,0.0,0
6939,5,4,1,16,1936.0,1399.9,536.1,2,0.2,0
6940,491,9,2,50,1280.0,856.9,423.1,4,0.0,0
6941,951,12,8,46,27787.5,19766.02,8021.48,5,0.1,0
6942,821,13,2,37,84.79,61.56,23.23,1,0.05,0
6943,545,29,10,4,156.75,110.79,45.96,3,0.0,0
6944,817,23,2,28,101.15,69.58,31.57,2,0.0,1
6945,910,5,7,7,3325.0,2007.35,1317.65,1,0.0,0
6946,78,6,7,2,734.4,499.35,235.05,2,0.1,0
6947,845,12,6,38,10400.0,7191.16,3208.84,2,0.0,0
6948,785,18,9,26,1638.0,1221.27,416.73,3,0.2,0
6949,445,28,4,43,153.42,114.43,38.99,5,0.05,0
6950,130,18,1,12,1170.0,712.3,457.7,2,0.1,0
6951,173,26,5,20,62.7,43.66,19.04,3,0.0,0
6952,904,29,4,25,47.02,34.97,12.05,1,0.1,0
6953,675,15,6,15,9504.0,5808.77,3695.23,4,0.1,0
6954,443,4,9,46,1589.5,955.27,634.23,2,0.15,0
6955,33,1,3,19,6300.0,4274.27,2025.73,5,0.0,0
6956,701,6,4,19,2203.2,1630.59,572.61,4,0.15,0
6957,143,26,3,8,83.6,52.72,30.88,4,0.05,0
6958,1072,30,10,27,162.0,89.74,72.26,1,0.0,1
6959,875,28,6,33,180.5,117.4,63.1,5,0.05,0
6960,636,5,6,27,10395.0,5989.17,4405.83,3,0.1,0
6961,676,9,1,41,979.2,596.25,382.95,3,0.15,0
6962,477,29,10,36,176.0,115.35,60.65,4,0.0,1
6963,520,13,7,39,128.25,73.61,54.64,1,0.1,0
6964,1088,13,1,9,860.62,542.95,317.67,5,0.15,0
6965,462,6,9,46,430.08,243.14,186.94,2,0.2,0
6966,413,1,8,2,4536.0,3218.66,1317.34,4,0.1,0
6967,87,26,5,46,79.47,51.59,27.88,5,0.15,0
6968,47,3,6,4,2900.62,2039.22,861.4,5,0.15,0
6969,489,30,5,21,120.0,80.55,39.45,1,0.0,0
6970,516,12,5,49,5850.0,3461.72,2388.28,1,0.1,0
6971,1067,4,5,42,4752.0,3474.83,1277.17,4,0.2,0
6972,717,1,8,20,2916.0,2096.11,819.89,2,0.1,0
6973,410,20,6,44,401.62,278.0,123.62,1,0.15,0
6974,1042,14,8,29,342.0,188.14,153.86,3,0.0,0
6975,390,24,6,31,1570.8,882.68,688.12,4,0.15,0
6976,927,7,4,25,4680.0,2743.19,1936.81,1,0.0,0
6977,576,3,6,49,468.0,298.07,169.93,1,0.2,0
6978,648,14,7,46,92.86,56.18,36.68,1,0.15,1
6979,321,23,5,42,193.8,118.29,75.51,2,0.05,0
6980,909,17,3,45,1227.4,763.86,463.54,4,0.15,0
6981,416,2,7,5,7056.0,5168.4,1887.6,3,0.2,0
6982,1009,22,5,50,28.98,18.13,10.85,1,0.1,0
6983,124,2,10,10,7980.0,5468.86,2511.14,3,0.05,0
6984,676,30,10,42,460.8,265.09,195.71,4,0.2,0
6985,971,16,8,25,3990.0,2194.62,1795.38,3,0.0,0
6986,965,25,2,19,99.75,72.54,27.21,3,0.0,0
6987,14,25,3,35,73.15,52.21,20.94,2,0.05,0
6988,884,11,3,37,2907.0,1817.7,1089.3,2,0.15,0
6989,367,15,6,49,7260.0,4971.95,2288.05,3,0.0,0
6990,480,25,5,38,112.0,83.72,28.28,5,0.2,0
6991,920,12,10,23,17550.0,11054.08,6495.92,3,0.0,0
6992,348,6,1,38,1846.8,1028.16,818.64,3,0.05,0
6993,533,16,7,23,5652.5,3898.3,1754.2,5,0.15,0
6994,23,3,9,47,2717.0,1914.13,802.87,4,0.05,0
6995,337,27,8,4,210.6,125.94,84.66,3,0.2,0
6996,301,28,9,29,34.96,25.35,9.61,1,0.2,0
6997,1061,8,5,42,3204.0,1778.0,1426.0,3,0.0,0
6998,955,29,4,36,156.75,94.69,62.06,3,0.0,0
6999,575,2,3,40,6048.0,4400.07,1647.93,3,0.2,0
7000,618,23,7,33,444.12,306.67,137.45,5,0.05,1
7001,96,18,8,26,582.4,350.02,232.38,2,0.2,0
7002,999,6,5,29,2112.0,1208.67,903.33,4,0.0,0
7003,935,7,8,35,4680.0,3406.33,1273.67,1,0.0,0
7004,827,6,2,48,1075.2,672.66,402.54,4,0.0,0
7005,176,8,9,47,3382.0,1902.75,1479.25,4,0.0,0
7006,442,29,2,37,44.41,28.2,16.21,1,0.05,0
7007,247,14,3,20,376.2,261.41,114.79,4,0.1,0
7008,884,16,7,12,1197.0,691.53,505.47,1,0.1,0
7009,372,5,5,32,13090.0,9752.41,3337.59,4,0.15,1
7010,868,15,1,44,8800.0,5530.66,3269.34,4,0.0,0
7011,549,17,10,23,1231.2,711.87,519.33,4,0.1,0
7012,759,23,3,13,280.5,187.8,92.7,3,0.0,0
7013,54,26,10,13,55.44,31.27,24.17,3,0.2,0
7014,490,9,6,18,640.0,413.23,226.77,2,0.0,0
7015,197,3,6,21,2925.0,2110.38,814.62,5,0.0,1
7016,232,27,10,22,58.66,33.34,25.32,1,0.05,0
7017,4,15,1,28,9196.0,6259.09,2936.91,4,0.05,1
7018,405,27,2,14,54.6,39.29,15.31,1,0.2,1
7019,610,11,4,36,3960.0,2495.0,1465.0,2,0.0,0
7020,715,11,1,15,7290.0,4363.9,2926.1,3,0.0,1
7021,359,27,2,3,87.75,54.18,33.57,1,0.0,0
7022,827,15,6,50,6160.0,3748.03,2411.97,5,0.0,0
7023,734,28,10,49,158.84,88.71,70.13,4,0.05,0
7024,984,1,6,28,5610.0,3899.57,1710.43,5,0.15,0
7025,402,6,1,5,1209.6,888.52,321.08,3,0.2,0
7026,760,13,4,26,594.0,387.32,206.68,4,0.1,0
7027,472,14,9,28,101.08,68.38,32.7,2,0.05,0
7028,639,24,5,38,2415.0,1342.91,1072.09,5,0.0,0
7029,398,25,3,27,117.6,69.22,48.38,4,0.2,0
7030,56,13,1,18,252.0,188.61,63.39,2,0.2,0
7031,288,25,2,6,161.0,94.18,66.82,5,0.2,0
7032,436,21,6,4,137.7,94.01,43.69,4,0.1,0
7033,348,2,10,38,6804.0,4395.56,2408.44,2,0.1,0
7034,194,5,1,14,15750.0,10940.88,4809.12,5,0.0,0
7035,394,19,10,3,1320.0,960.64,359.36,1,0.0,0
7036,753,20,6,20,1881.0,1064.13,816.87,4,0.05,0
7037,125,24,7,33,420.0,234.2,185.8,1,0.0,0
7038,64,1,6,44,2448.0,1552.05,895.95,3,0.2,0
7039,411,4,5,14,2194.5,1207.4,987.1,2,0.05,0
7040,537,7,3,7,4940.0,3616.1,1323.9,1,0.0,0
7041,681,20,10,9,2700.0,1894.63,805.37,5,0.0,0
7042,221,20,7,40,384.75,278.12,106.63,1,0.1,0
7043,600,3,8,42,2470.0,1829.91,640.09,4,0.0,0
7044,38,30,6,37,340.2,230.28,109.92,3,0.1,0
7045,52,29,10,2,54.86,39.22,15.64,1,0.05,0
7046,169,11,4,48,6840.0,4615.72,2224.28,4,0.0,0
7047,614,12,4,42,19305.0,12520.84,6784.16,3,0.1,0
7048,7,28,10,27,41.8,26.1,15.7,1,0.0,0
7049,60,12,4,12,15746.25,11006.69,4739.56,3,0.05,1
7050,36,28,5,39,159.6,96.23,63.37,4,0.0,0
7051,677,11,6,7,7776.0,5415.55,2360.45,4,0.1,0
7052,580,2,6,49,8512.0,6031.31,2480.69,4,0.2,1
7053,593,4,2,41,5225.0,3259.99,1965.01,5,0.0,0
7054,4,8,9,42,4895.0,3371.3,1523.7,5,0.0,0
7055,820,16,8,44,749.7,542.39,207.31,1,0.1,1
7056,318,3,9,22,3120.0,2325.14,794.86,5,0.2,0
7057,88,9,4,39,816.0,545.07,270.93,3,0.0,0
7058,1055,22,9,38,67.2,47.36,19.84,2,0.0,0
7059,665,16,9,13,6842.5,4884.03,1958.47,5,0.15,0
7060,393,16,1,14,5852.0,3459.88,2392.12,4,0.05,0
7061,106,12,9,36,13104.0,8890.96,4213.04,4,0.1,0
7062,727,7,1,30,18954.0,12163.75,6790.25,3,0.1,0
7063,387,9,1,47,1760.0,1211.36,548.64,5,0.0,0
7064,561,1,6,4,972.0,554.23,417.77,1,0.1,0
7065,792,3,8,3,552.5,410.88,141.62,1,0.0,0
7066,733,10,2,47,523.6,308.12,215.48,2,0.15,0
7067,213,1,10,19,3420.0,2098.74,1321.26,3,0.0,1
7068,789,5,6,24,14700.0,8883.41,5816.59,4,0.0,0
7069,319,22,10,35,134.4,75.6,58.8,4,0.0,0
7070,391,22,3,8,92.4,61.7,30.7,3,0.0,0
7071,884,4,2,7,2821.5,2098.93,722.57,3,0.1,0
7072,78,20,7,48,918.0,529.78,388.22,3,0.2,0
7073,157,5,2,25,11305.0,7492.0,3813.0,4,0.15,0
7074,124,1,2,5,2040.0,1206.47,833.53,2,0.15,1
7075,47,4,7,30,4620.0,2893.55,1726.45,5,0.2,1
7076,800,21,8,16,76.5,50.46,26.04,2,0.0,0
7077,394,13,9,20,165.0,98.7,66.3,1,0.0,0
7078,348,6,9,2,2592.0,1769.02,822.98,4,0.0,0
7079,643,7,9,44,23920.0,16221.08,7698.92,5,0.2,0
7080,753,1,10,49,3960.0,2593.57,1366.43,3,0.0,0
7081,474,13,3,22,319.2,187.0,132.2,4,0.05,0
7082,1028,16,3,30,4830.0,3577.51,1252.49,3,0.0,0
7083,764,19,2,23,4032.0,2679.32,1352.68,4,0.2,0
7084,173,12,6,22,5557.5,3403.4,2154.1,1,0.1,0
7085,754,6,10,28,1584.0,1069.81,514.19,3,0.0,0
7086,197,16,4,9,6300.0,3643.35,2656.65,5,0.0,0
7087,983,30,3,37,660.0,450.54,209.46,5,0.0,0
7088,318,20,2,42,2160.0,1353.87,806.13,4,0.0,0
7089,500,24,5,10,420.0,283.51,136.49,1,0.0,0
7090,1057,25,2,16,42.0,26.15,15.85,1,0.0,0
7091,778,5,6,15,3675.0,2065.69,1609.31,1,0.0,0
7092,134,8,1,1,890.0,527.05,362.95,1,0.0,0
7093,620,27,5,12,71.5,42.88,28.62,1,0.0,0
7094,1029,22,1,24,82.11,60.08,22.03,3,0.15,0
7095,273,29,8,31,51.43,29.59,21.84,1,0.15,0
7096,627,19,8,26,5610.0,3616.24,1993.76,5,0.15,0
7097,1062,30,8,45,288.0,181.6,106.4,2,0.0,0
7098,627,3,2,14,2145.0,1546.14,598.86,3,0.0,0
7099,594,20,10,25,1710.0,1180.1,529.9,4,0.0,0
7100,390,7,10,27,28600.0,21138.67,7461.33,5,0.0,0
7101,218,20,5,32,1282.5,874.19,408.31,3,0.0,0
7102,377,5,1,7,3850.0,2798.46,1051.54,1,0.0,0
7103,991,27,1,47,214.5,123.49,91.01,3,0.0,0
7104,458,8,3,14,2492.0,1773.41,718.59,5,0.0,0
7105,229,14,2,28,306.85,221.7,85.15,4,0.15,0
7106,966,10,5,27,1263.5,704.95,558.55,5,0.05,0
7107,1080,26,10,22,23.76,13.59,10.17,1,0.2,0
7108,930,5,4,38,3150.0,2044.17,1105.83,1,0.0,0
7109,756,30,9,26,132.0,83.22,48.78,1,0.0,0
7110,826,28,3,47,63.84,45.29,18.55,3,0.0,0
7111,585,23,7,48,323.0,190.99,132.01,5,0.2,0
7112,576,15,9,32,4752.0,2638.13,2113.87,3,0.2,0
7113,732,21,8,41,49.5,36.03,13.47,1,0.0,0
7114,1020,17,5,41,1311.0,733.92,577.08,3,0.0,0
7115,999,27,5,50,321.75,193.4,128.35,5,0.1,0
7116,474,15,10,14,4681.6,2975.41,1706.19,4,0.05,0
7117,634,18,7,48,2860.0,1641.37,1218.63,4,0.0,0
7118,834,3,9,11,1768.0,1128.17,639.83,4,0.15,0
7119,913,15,5,38,7524.0,5601.44,1922.56,4,0.05,0
7120,768,23,3,30,151.72,113.42,38.3,2,0.15,0
7121,210,21,9,34,40.5,25.64,14.86,1,0.0,0
7122,584,4,4,22,2664.75,1874.64,790.11,3,0.15,0
7123,704,22,8,39,128.52,91.43,37.09,4,0.15,0
7124,125,16,8,42,1120.0,685.16,434.84,1,0.2,0
7125,691,7,1,2,5928.0,3492.59,2435.41,1,0.05,0
7126,537,4,3,31,2090.0,1395.18,694.82,2,0.0,0
7127,376,19,9,23,5016.0,3451.66,1564.34,4,0.05,0
7128,752,12,6,42,14300.0,10299.63,4000.37,2,0.0,0
7129,961,10,9,23,1064.0,618.4,445.6,4,0.0,0
7130,631,30,3,49,396.0,252.47,143.53,3,0.0,0
7131,277,26,3,2,50.6,28.35,22.25,2,0.0,0
7132,857,10,10,26,266.0,154.91,111.09,1,0.05,0
7133,127,27,2,47,175.5,112.72,62.78,3,0.1,0
7134,843,15,4,29,3520.0,1959.62,1560.38,2,0.0,0
7135,330,4,10,22,4488.0,3221.9,1266.1,4,0.15,0
7136,368,2,6,47,2926.0,2035.49,890.51,1,0.05,0
7137,796,30,2,44,275.4,180.1,95.3,3,0.1,0
7138,720,5,4,26,12757.5,9330.75,3426.75,3,0.1,0
7139,56,26,1,44,46.2,30.38,15.82,2,0.0,0
7140,828,24,1,20,188.16,118.99,69.17,1,0.2,0
7141,382,4,6,8,4840.0,2782.62,2057.38,4,0.0,0
7142,367,29,10,27,60.5,39.6,20.9,1,0.0,0
7143,166,9,4,18,608.0,338.39,269.61,2,0.0,0
7144,588,7,2,44,4693.0,3010.48,1682.52,1,0.05,0
7145,956,9,10,39,820.8,544.42,276.38,3,0.1,0
7146,997,30,5,11,561.0,353.15,207.85,5,0.15,0
7147,803,29,8,43,155.44,115.19,40.25,5,0.05,1
7148,1057,2,2,7,2688.0,1589.48,1098.52,1,0.2,0
7149,353,22,10,10,68.04,40.45,27.59,2,0.1,1
7150,337,5,4,30,18900.0,10562.21,8337.79,4,0.0,0
7151,1074,26,1,26,50.49,29.66,20.83,2,0.15,0
7152,818,18,5,27,386.75,278.01,108.74,1,0.0,1
7153,347,14,2,26,384.75,260.17,124.58,3,0.0,0
7154,508,7,10,37,20800.0,11990.26,8809.74,4,0.0,1
7155,610,22,7,5,110.88,79.37,31.51,4,0.1,0
7156,639,16,7,5,1610.0,1196.28,413.72,1,0.0,0
7157,752,9,5,6,1496.0,836.11,659.89,5,0.15,0
7158,407,16,8,3,2646.0,1804.7,841.3,2,0.1,0
7159,68,11,1,14,4360.5,3077.22,1283.28,3,0.05,0
7160,487,15,3,49,6270.0,4285.61,1984.39,3,0.05,0
7161,814,1,5,35,1713.6,972.1,741.5,3,0.2,0
7162,65,30,7,21,346.8,207.06,139.74,4,0.15,0
7163,828,16,10,5,784.0,558.87,225.13,1,0.0,0
7164,234,6,6,39,775.2,496.76,278.44,2,0.15,0
7165,159,13,10,19,228.0,132.05,95.95,2,0.2,1
7166,291,30,6,16,690.0,389.26,300.74,5,0.0,0
7167,980,30,7,6,501.6,313.44,188.16,4,0.05,0
7168,328,22,5,24,134.4,87.91,46.49,5,0.2,0
7169,483,14,7,1,273.6,181.1,92.5,4,0.1,0
7170,579,2,9,13,5054.0,3296.47,1757.53,2,0.05,0
7171,231,12,10,12,23465.0,15357.6,8107.4,4,0.05,0
7172,1061,1,9,2,5184.0,3234.01,1949.99,4,0.1,0
7173,105,1,1,12,1276.8,957.29,319.51,2,0.05,0
7174,414,23,7,43,89.25,57.48,31.77,1,0.0,0
7175,319,18,1,16,1482.0,1052.73,429.27,2,0.05,0
7176,229,7,8,19,15808.0,9252.56,6555.44,4,0.2,0
7177,467,19,3,41,1142.4,721.46,420.94,2,0.15,0
7178,1031,20,5,37,1552.5,902.87,649.63,3,0.0,0
7179,258,20,4,47,940.5,654.77,285.73,2,0.05,0
7180,1047,7,3,49,18720.0,12838.35,5881.65,3,0.0,0
7181,1055,3,10,23,3510.0,2004.08,1505.92,5,0.1,1
7182,853,30,2,43,600.0,400.74,199.26,5,0.0,0
7183,64,20,9,36,382.5,211.86,170.64,1,0.0,0
7184,807,24,3,29,499.8,352.63,147.17,2,0.0,0
7185,261,6,8,24,2640.0,1523.85,1116.15,5,0.0,0
7186,275,23,8,12,195.5,111.51,83.99,2,0.0,0
7187,714,8,3,21,961.2,547.18,414.02,1,0.2,0
7188,385,25,3,37,154.0,95.83,58.17,4,0.0,0
7189,809,11,2,28,963.9,607.06,356.84,1,0.1,0
7190,607,27,10,21,61.75,36.42,25.33,1,0.0,0
7191,10,24,6,30,1108.8,642.87,465.93,3,0.2,0
7192,810,24,5,31,212.41,120.8,91.61,1,0.15,0
7193,276,22,1,30,64.4,44.91,19.49,2,0.0,0
7194,179,18,5,26,1852.5,1337.64,514.86,3,0.0,0
7195,446,14,10,45,403.75,302.56,101.19,5,0.0,0
7196,775,15,7,42,6930.0,4670.89,2259.11,3,0.0,1
7197,155,20,7,27,2030.62,1281.72,748.9,5,0.05,0
7198,283,7,7,18,16146.0,11170.58,4975.42,3,0.1,0
7199,712,22,2,19,71.82,49.08,22.74,2,0.05,0
7200,404,29,5,10,155.93,88.99,66.94,3,0.1,0
7201,881,7,2,32,19760.0,13887.13,5872.87,4,0.05,0
7202,560,5,3,10,2520.0,1479.71,1040.29,1,0.2,0
7203,221,26,10,31,37.62,21.39,16.23,2,0.1,0
7204,58,30,4,17,504.0,287.68,216.32,4,0.0,0
7205,65,22,3,38,64.26,38.38,25.88,3,0.1,0
7206,31,17,4,16,794.2,452.87,341.33,2,0.05,0
7207,425,24,6,6,714.0,485.55,228.45,2,0.0,0
7208,604,8,2,45,3382.0,2269.62,1112.38,4,0.0,1
7209,133,29,7,15,88.0,54.53,33.47,2,0.2,0
7210,175,23,6,17,161.5,119.08,42.42,2,0.0,0
7211,341,11,5,7,7776.0,4914.69,2861.31,4,0.2,0
7212,289,23,3,3,351.9,202.9,149.0,4,0.1,1
7213,522,11,9,45,1710.0,1258.3,451.7,1,0.0,1
7214,710,15,2,44,14107.5,9375.57,4731.93,5,0.05,0
7215,205,25,10,43,157.5,100.08,57.42,5,0.0,0
7216,601,20,10,13,427.5,262.68,164.82,1,0.0,0
7217,694,4,4,14,6270.0,3587.67,2682.33,5,0.05,0
7218,955,23,5,25,76.71,43.73,32.98,1,0.05,0
7219,653,9,4,15,1251.2,693.12,558.08,4,0.15,0
7220,486,13,8,6,285.0,196.7,88.3,2,0.05,0
7221,856,20,6,16,450.0,257.22,192.78,1,0.0,0
7222,620,28,1,43,150.48,105.93,44.55,4,0.1,0
7223,873,15,3,4,6600.0,4362.09,2237.91,3,0.0,0
7224,401,3,10,49,580.12,362.81,217.31,1,0.15,0
7225,927,11,9,25,4617.0,3430.04,1186.96,3,0.05,0
7226,240,20,3,41,1282.5,768.67,513.83,3,0.0,0
7227,686,11,1,17,6912.0,3943.72,2968.28,4,0.2,0
7228,480,18,5,4,936.0,678.23,257.77,2,0.1,0
7229,776,16,6,19,4189.5,2654.61,1534.89,3,0.05,0
7230,118,19,5,6,2016.0,1252.25,763.75,3,0.0,0
7231,127,20,6,26,855.0,586.06,268.94,2,0.05,0
7232,1044,11,6,11,8640.0,5655.49,2984.51,5,0.2,0
7233,431,5,10,40,11305.0,7374.8,3930.2,4,0.05,1
7234,633,7,6,35,15444.0,10282.46,5161.54,3,0.1,0
7235,949,29,8,27,94.05,58.54,35.51,2,0.1,1
7236,304,5,6,46,12075.0,7819.14,4255.86,3,0.0,0
7237,863,13,3,33,600.0,339.22,260.78,4,0.0,0
7238,896,12,4,41,16672.5,11695.37,4977.13,3,0.1,0
7239,400,20,5,24,448.88,306.63,142.25,1,0.05,0
7240,690,17,3,39,1231.2,778.86,452.34,3,0.1,0
7241,126,20,10,47,1530.0,887.54,642.46,4,0.15,0
7242,567,4,8,38,1683.0,1205.97,477.03,2,0.15,0
7243,450,3,5,37,386.75,225.0,161.75,1,0.0,0
7244,517,10,1,38,1010.8,726.29,284.51,4,0.05,0
7245,293,18,6,32,2242.5,1372.07,870.43,3,0.0,1
7246,758,6,8,41,1689.6,935.95,753.65,4,0.2,0
7247,946,14,7,15,85.74,60.69,25.05,1,0.05,0
7248,905,19,10,32,3420.0,2337.3,1082.7,3,0.0,0
7249,58,13,6,50,141.75,102.08,39.67,1,0.1,0
7250,348,27,4,18,351.0,218.5,132.5,4,0.0,0
7251,243,23,2,32,72.67,42.19,30.48,1,0.1,0
7252,108,19,3,21,537.6,370.94,166.66,1,0.2,0
7253,9,6,10,45,1584.0,891.48,692.52,3,0.0,0
7254,623,15,5,44,9680.0,6518.32,3161.68,4,0.0,0
7255,712,12,6,9,16672.5,10850.52,5821.98,2,0.05,0
7256,58,9,10,32,957.6,661.17,296.43,3,0.05,0
7257,772,30,9,19,378.0,270.25,107.75,3,0.0,0
7258,432,27,4,50,248.62,181.08,67.54,5,0.1,1
7259,849,11,2,37,1440.0,997.33,442.67,1,0.0,0
7260,109,18,3,19,364.0,203.2,160.8,1,0.0,0
7261,101,13,5,43,201.6,134.33,67.27,3,0.2,0
7262,498,28,5,8,129.2,83.57,45.63,4,0.15,1
7263,399,7,5,46,8736.0,6042.99,2693.01,2,0.2,0
7264,930,4,9,47,1584.0,1180.41,403.59,2,0.2,0
7265,1089,6,2,25,615.6,420.47,195.13,1,0.05,0
7266,451,3,9,25,1314.95,898.32,416.63,4,0.15,0
7267,174,22,1,35,26.6,19.55,7.05,1,0.0,0
7268,494,29,7,37,220.0,154.9,65.1,4,0.0,0
7269,729,15,10,21,4752.0,2953.57,1798.43,2,0.2,0
7270,131,29,2,39,110.0,66.92,43.08,2,0.0,0
7271,379,17,7,16,1881.0,1298.42,582.58,5,0.1,0
7272,35,22,3,15,124.95,75.28,49.67,5,0.15,0
7273,118,8,2,31,1345.68,760.39,585.29,3,0.1,0
7274,91,20,1,42,648.0,443.86,204.14,2,0.1,0
7275,284,17,7,40,786.6,486.12,300.48,2,0.1,0
7276,184,1,7,46,4320.0,2566.23,1753.77,4,0.0,1
7277,378,15,7,21,3872.0,2358.43,1513.57,2,0.2,0
7278,365,23,5,37,436.05,285.28,150.77,4,0.05,0
7279,351,8,9,24,6007.5,4174.68,1832.82,5,0.0,0
7280,56,3,1,44,580.12,400.21,179.91,1,0.15,1
7281,746,22,5,20,83.16,59.86,23.3,3,0.1,0
7282,290,1,8,18,1380.0,787.94,592.06,1,0.0,0
7283,955,1,4,44,2280.0,1300.82,979.18,2,0.0,0
7284,935,11,10,40,1620.0,1002.58,617.42,1,0.0,0
7285,1085,8,10,5,1201.5,703.1,498.4,1,0.0,0
7286,217,24,1,15,1596.0,1040.02,555.98,4,0.0,0
7287,308,30,10,30,259.2,160.27,98.93,2,0.1,0
7288,670,12,2,10,31200.0,20051.04,11148.96,4,0.0,0
7289,1012,25,10,28,80.5,55.58,24.92,2,0.0,0
7290,325,12,2,30,29640.0,18891.97,10748.03,4,0.05,0
7291,357,4,3,32,4232.25,2463.49,1768.76,3,0.05,0
7292,439,10,6,37,642.6,376.19,266.41,3,0.1,0
7293,753,13,6,26,330.0,219.78,110.22,2,0.0,0
7294,668,28,10,3,185.72,123.2,62.52,5,0.15,0
7295,154,25,5,32,99.75,70.04,29.71,3,0.0,0
7296,402,25,8,49,156.19,116.49,39.7,5,0.15,0
7297,855,30,5,50,600.0,395.21,204.79,5,0.0,1
7298,1020,14,7,38,278.59,171.24,107.35,3,0.15,0
7299,10,11,2,36,6336.0,3947.78,2388.22,4,0.2,0
7300,812,15,10,47,6217.75,4568.03,1649.72,5,0.05,0
7301,137,4,6,38,1100.0,740.57,359.43,1,0.0,0
7302,679,14,9,30,114.0,82.59,31.41,1,0.0,0
7303,774,20,8,40,1417.5,1020.06,397.44,3,0.0,0
7304,614,23,7,27,79.48,58.85,20.63,1,0.15,0
7305,1039,23,3,33,306.0,212.12,93.88,3,0.0,0
7306,292,25,8,22,32.2,22.85,9.35,1,0.2,0
7307,57,21,10,11,94.5,55.28,39.22,2,0.0,0
7308,460,18,1,12,1456.0,996.48,459.52,5,0.2,0
7309,783,29,3,32,231.0,142.03,88.97,4,0.0,0
7310,602,17,8,17,1444.0,930.31,513.69,5,0.2,0
7311,200,5,10,22,9450.0,6622.17,2827.83,3,0.0,0
7312,493,24,9,21,714.0,534.06,179.94,2,0.15,0
7313,1025,28,5,37,185.72,133.2,52.52,5,0.15,0
7314,137,14,10,23,190.0,139.55,50.45,2,0.0,0
7315,696,5,3,36,14280.0,9794.79,4485.21,4,0.15,0
7316,15,19,1,5,6600.0,4285.43,2314.57,5,0.0,0
7317,937,8,2,8,801.0,583.72,217.28,1,0.0,0
7318,430,14,1,37,363.38,252.04,111.34,5,0.1,1
7319,111,11,1,19,2721.6,1906.16,815.44,3,0.1,0
7320,209,20,8,42,1215.0,675.05,539.95,3,0.0,0
7321,1006,12,9,14,19061.25,14265.71,4795.54,3,0.15,0
7322,559,6,2,2,1296.0,717.13,578.87,3,0.0,0
7323,603,27,2,33,111.15,75.07,36.08,2,0.1,1
7324,657,9,10,3,1324.8,846.0,478.8,4,0.1,0
7325,72,23,6,20,72.25,54.08,18.17,1,0.0,0
7326,99,19,4,30,1612.8,1031.46,581.34,3,0.2,0
7327,5,27,8,38,243.1,177.59,65.51,4,0.15,1
7328,824,3,7,38,1092.0,646.74,445.26,3,0.0,0
7329,206,6,9,17,2160.0,1352.11,807.89,5,0.0,0
7330,738,19,6,35,2508.0,1611.65,896.35,2,0.05,0
7331,839,19,10,9,1824.0,1221.73,602.27,2,0.05,0
7332,768,13,10,44,425.25,236.32,188.93,3,0.1,1
7333,1073,21,3,32,243.0,134.59,108.41,4,0.0,0
7334,462,12,2,43,7280.0,5347.73,1932.27,2,0.0,0
7335,531,12,10,46,22230.0,12714.13,9515.87,4,0.1,1
7336,962,7,5,39,14820.0,9818.16,5001.84,3,0.0,1
7337,867,7,4,31,14040.0,10155.38,3884.62,3,0.1,0
7338,551,19,2,16,4590.0,2959.22,1630.78,5,0.15,0
7339,1020,28,1,8,196.65,111.64,85.01,5,0.1,0
7340,180,4,4,15,3762.0,2314.23,1447.77,4,0.1,0
7341,328,7,4,7,18720.0,10919.09,7800.91,3,0.0,0
7342,906,1,8,49,1140.0,738.65,401.35,1,0.0,0
7343,853,8,4,48,4227.5,2967.25,1260.25,5,0.05,0
7344,84,27,9,47,55.25,37.85,17.4,1,0.0,0
7345,104,27,9,10,72.8,44.48,28.32,2,0.0,0
7346,490,28,6,8,180.5,117.86,62.64,5,0.05,0
7347,201,14,5,38,243.68,139.45,104.23,3,0.05,0
7348,596,5,6,40,16625.0,9193.16,7431.84,5,0.0,0
7349,382,17,5,11,836.0,587.69,248.31,2,0.0,0
7350,255,18,4,41,715.0,463.95,251.05,1,0.0,0
7351,430,9,1,15,217.6,134.54,83.06,1,0.2,0
7352,350,11,2,32,4860.0,2912.04,1947.96,2,0.0,0
7353,236,8,7,33,1352.8,787.94,564.86,2,0.2,0
7354,686,28,3,40,164.16,104.03,60.13,4,0.1,0
7355,590,13,3,6,135.38,100.26,35.12,1,0.05,0
7356,110,14,3,3,266.0,196.57,69.43,5,0.0,0
7357,549,1,8,50,4104.0,2490.7,1613.3,4,0.05,0
7358,692,22,4,25,53.76,35.75,18.01,2,0.2,0
7359,503,29,6,3,55.0,32.89,22.11,1,0.0,0
7360,773,18,10,21,614.25,354.13,260.12,1,0.1,0
7361,1079,10,9,38,1890.0,1174.06,715.94,5,0.0,0
7362,570,24,10,29,756.0,460.37,295.63,2,0.0,0
7363,113,10,8,17,470.4,322.59,147.81,3,0.0,0
7364,739,14,4,37,282.15,155.29,126.86,3,0.1,0
7365,787,11,2,19,5670.0,3464.55,2205.45,3,0.0,0
7366,744,16,5,34,1232.0,749.65,482.35,1,0.2,0
7367,650,5,9,49,18112.5,12375.7,5736.8,5,0.1,0
7368,777,11,1,36,9450.0,6889.18,2560.82,5,0.0,0
7369,169,16,9,19,2660.0,1589.4,1070.6,2,0.0,0
7370,459,25,7,45,88.2,65.24,22.96,5,0.1,0
7371,1080,8,10,14,4565.7,2952.83,1612.87,4,0.05,1
7372,904,24,2,24,957.6,555.72,401.88,3,0.2,0
7373,337,11,1,46,3888.0,2548.24,1339.76,2,0.2,0
7374,201,6,5,31,864.0,514.87,349.13,2,0.0,0
7375,933,30,3,3,432.0,316.57,115.43,4,0.0,0
7376,708,7,8,4,5616.0,3571.32,2044.68,1,0.2,0
7377,1003,15,4,15,7260.0,4133.8,3126.2,3,0.0,0
7378,700,30,9,13,648.0,402.59,245.41,4,0.0,1
7379,368,14,4,11,94.05,63.08,30.97,1,0.1,0
7380,757,29,2,47,54.45,35.65,18.8,1,0.1,0
7381,1057,23,2,34,102.0,72.4,29.6,1,0.0,0
7382,554,6,9,8,1382.4,1006.06,376.34,4,0.2,0
7383,585,5,1,27,9975.0,5886.2,4088.8,3,0.0,1
7384,654,11,4,20,4140.0,2511.98,1628.02,2,0.0,0
7385,203,25,10,29,53.55,29.59,23.96,2,0.15,0
7386,442,6,5,10,979.2,576.94,402.26,3,0.2,0
7387,66,28,1,40,27.45,19.16,8.29,1,0.15,0
7388,461,4,7,13,1232.0,749.89,482.11,2,0.0,0
7389,1057,21,8,49,108.0,64.9,43.1,2,0.0,0
7390,59,30,8,8,252.0,184.5,67.5,2,0.0,0
7391,1016,20,9,38,1863.0,1391.54,471.46,4,0.1,0
7392,622,28,2,37,167.2,119.22,47.98,5,0.2,0
7393,334,9,5,42,1920.0,1123.77,796.23,5,0.0,0
7394,787,19,10,41,1260.0,729.12,530.88,1,0.0,1
7395,432,3,2,50,2624.38,1702.17,922.21,5,0.05,0
7396,219,14,7,23,90.25,65.51,24.74,1,0.0,0
7397,763,9,5,2,638.4,406.99,231.41,2,0.05,0
7398,259,8,2,25,1958.0,1407.26,550.74,2,0.0,0
7399,51,2,1,14,9408.0,5947.74,3460.26,4,0.2,0
7400,966,28,5,16,144.4,106.32,38.08,5,0.2,0
7401,485,18,5,29,442.0,304.38,137.62,1,0.15,0
7402,750,17,2,25,668.8,374.19,294.61,2,0.2,0
7403,357,19,2,35,3240.0,2045.77,1194.23,2,0.0,1
7404,972,5,6,8,3325.0,2224.93,1100.07,1,0.0,0
7405,65,24,4,49,357.0,207.36,149.64,1,0.0,0
7406,903,1,6,3,3648.0,2337.9,1310.1,4,0.2,0
7407,358,22,6,11,68.04,39.6,28.44,2,0.1,0
7408,806,11,5,32,4284.0,3051.7,1232.3,4,0.0,0
7409,189,10,6,23,1008.0,565.2,442.8,5,0.2,0
7410,462,12,5,11,6916.0,4024.02,2891.98,2,0.05,1
7411,895,14,8,25,180.5,114.05,66.45,2,0.0,0
7412,799,3,8,20,1989.0,1098.67,890.33,4,0.1,0
7413,687,6,3,19,979.2,547.03,432.17,2,0.15,0
7414,875,9,3,24,864.0,552.94,311.06,3,0.1,0
7415,557,8,8,6,3204.0,2366.27,837.73,5,0.2,0
7416,816,2,4,19,7497.0,4851.79,2645.21,5,0.1,1
7417,142,4,7,3,1100.0,688.62,411.38,1,0.0,0
7418,759,6,2,7,1584.0,1128.37,455.63,3,0.0,0
7419,192,12,1,44,17550.0,12603.07,4946.93,3,0.0,0
7420,125,23,9,27,425.0,278.9,146.1,5,0.0,0
7421,694,17,6,23,1938.0,1433.1,504.9,5,0.15,0
7422,535,11,5,41,8122.5,5073.41,3049.09,5,0.05,0
7423,990,9,3,23,1056.0,714.29,341.71,3,0.0,0
7424,119,24,5,14,846.72,494.07,352.65,4,0.1,0
7425,827,17,5,38,723.52,474.34,249.18,4,0.15,0
7426,928,17,7,31,547.2,335.7,211.5,2,0.2,0
7427,1048,4,6,34,1188.0,857.39,330.61,1,0.1,1
7428,1070,22,10,17,113.4,64.81,48.59,3,0.0,1
7429,456,22,3,19,59.58,33.62,25.96,4,0.05,0
7430,317,15,6,11,5016.0,3661.42,1354.58,2,0.05,0
7431,18,24,3,47,1848.0,1152.47,695.53,5,0.2,0
7432,790,7,6,5,21840.0,14134.19,7705.81,5,0.2,0
7433,751,7,3,3,24310.0,14565.02,9744.98,5,0.15,0
7434,42,3,5,20,2730.0,1933.05,796.95,4,0.0,0
7435,988,6,10,43,1584.0,1079.58,504.42,3,0.0,0
7436,1010,11,9,1,7452.0,5262.08,2189.92,4,0.1,0
7437,1074,29,10,18,74.25,55.1,19.15,1,0.0,0
7438,389,29,1,49,102.85,66.53,36.32,2,0.15,0
7439,208,17,5,27,1231.2,691.21,539.99,4,0.1,0
7440,480,16,4,41,1064.0,755.86,308.14,1,0.05,0
7441,917,12,10,11,23400.0,14806.49,8593.51,4,0.0,0
7442,89,1,7,41,4335.0,3090.76,1244.24,5,0.15,0
7443,106,1,10,45,2688.0,1512.26,1175.74,4,0.0,0
7444,759,21,7,25,44.55,24.58,19.97,1,0.1,0
7445,1079,30,6,16,648.0,357.24,290.76,4,0.0,0
7446,43,4,1,10,2310.0,1605.4,704.6,2,0.0,0
7447,811,18,4,40,386.75,220.12,166.63,1,0.0,0
7448,250,30,2,49,660.0,459.88,200.12,5,0.0,0
7449,551,24,10,8,302.4,189.43,112.97,1,0.2,0
7450,1062,29,8,5,52.8,39.4,13.4,1,0.2,0
7451,625,3,2,50,2860.0,2051.16,808.84,4,0.0,0
7452,311,12,2,37,31200.0,21983.58,9216.42,4,0.0,1
7453,675,17,7,8,1732.8,1003.59,729.21,4,0.05,0
7454,993,1,3,21,3168.0,1933.38,1234.62,3,0.2,0
7455,800,11,6,3,2601.0,1573.82,1027.18,2,0.15,0
7456,172,28,9,43,72.2,51.75,20.45,2,0.0,0
7457,1075,2,6,45,15120.0,10183.89,4936.11,4,0.0,1
7458,5,29,3,19,121.0,82.3,38.7,2,0.0,0
7459,441,8,6,12,1513.0,1031.7,481.3,2,0.0,0
7460,589,17,8,32,288.8,198.48,90.32,1,0.2,0
7461,5,5,1,26,3272.5,1934.94,1337.56,1,0.15,0
7462,267,1,4,7,6270.0,4012.31,2257.69,5,0.05,0
7463,947,9,5,34,608.0,396.45,211.55,2,0.0,0
7464,23,16,4,40,1540.0,1130.72,409.28,1,0.0,1
7465,886,8,1,45,4016.12,2544.15,1471.97,5,0.05,0
7466,895,6,10,25,387.6,225.32,162.28,1,0.15,0
7467,890,21,5,40,213.75,156.33,57.42,5,0.0,0
7468,527,26,8,8,83.6,59.72,23.88,4,0.0,0
7469,527,27,6,41,247.0,148.93,98.07,5,0.2,0
7470,834,12,8,30,5200.0,3575.38,1624.62,1,0.0,1
7471,923,4,6,13,2970.0,1910.06,1059.94,3,0.0,0
7472,434,21,3,34,122.4,72.58,49.82,4,0.2,1
7473,356,26,8,50,112.86,83.76,29.1,4,0.05,0
7474,1095,21,5,9,194.4,118.78,75.62,4,0.2,0
7475,594,14,5,22,230.14,129.27,100.87,3,0.15,1
7476,62,24,1,10,285.6,174.23,111.37,1,0.2,0
7477,669,25,10,19,120.75,79.79,40.96,3,0.0,0
7478,441,5,4,20,7586.25,4543.7,3042.55,3,0.15,0
7479,855,17,3,9,1710.0,1269.94,440.06,5,0.1,0
7480,748,25,8,43,115.5,77.5,38.0,3,0.0,0
7481,11,26,4,45,108.9,59.91,48.99,5,0.1,0
7482,956,21,7,5,213.75,156.05,57.7,5,0.0,0
7483,987,1,2,20,1320.0,970.3,349.7,1,0.0,0
7484,1083,4,7,10,2970.0,1843.57,1126.43,2,0.0,0
7485,329,18,2,8,2106.0,1353.17,752.83,3,0.1,0
7486,830,11,1,37,957.6,565.37,392.23,1,0.05,0
7487,747,1,6,29,5280.0,3733.56,1546.44,5,0.2,0
7488,760,3,1,42,3217.5,2303.38,914.12,5,0.1,0
7489,543,10,4,1,266.0,170.74,95.26,1,0.0,0
7490,29,22,7,22,110.88,67.4,43.48,4,0.1,0
7491,846,21,4,36,28.8,19.49,9.31,1,0.2,0
7492,405,30,3,26,478.8,333.88,144.92,4,0.05,0
7493,206,3,5,16,497.25,279.59,217.66,1,0.15,0
7494,1031,28,8,6,131.1,79.08,52.02,3,0.0,1
7495,381,14,5,9,522.5,290.59,231.91,5,0.0,0
7496,527,24,7,8,1197.0,779.54,417.46,3,0.0,0
7497,1037,28,2,27,182.4,126.17,56.23,4,0.0,0
7498,641,30,5,4,372.6,226.12,146.48,3,0.1,0
7499,505,18,10,19,2600.0,1499.46,1100.54,4,0.0,0
7500,992,26,3,42,72.6,51.79,20.81,3,0.0,0
7501,366,6,5,22,1346.4,819.98,526.42,3,0.15,0
7502,573,5,2,2,3150.0,1921.63,1228.37,1,0.0,0
7503,819,4,2,49,2487.1,1629.92,857.18,4,0.05,0
7504,762,7,10,48,4641.0,2874.07,1766.93,1,0.15,0
7505,779,13,3,48,567.0,331.89,235.11,4,0.1,0
7506,486,19,6,16,1200.0,839.05,360.95,1,0.0,0
7507,262,21,6,48,148.5,99.34,49.16,3,0.0,0
7508,376,28,6,26,79.42,57.07,22.35,2,0.05,0
7509,447,4,3,23,1309.0,814.76,494.24,2,0.0,0
7510,1003,26,1,8,48.4,33.76,14.64,2,0.0,0
7511,912,12,2,32,10497.5,6206.62,4290.88,2,0.15,0
7512,843,5,5,37,5600.0,3457.33,2142.67,2,0.0,0
7513,633,10,4,36,1108.8,715.31,393.49,4,0.1,0
7514,141,8,6,44,4450.0,2757.7,1692.3,5,0.0,0
7515,1052,22,10,6,33.6,23.74,9.86,1,0.0,0
7516,357,11,7,11,9720.0,6533.61,3186.39,4,0.0,0
7517,408,22,4,8,117.6,82.73,34.87,4,0.0,0
7518,290,30,9,27,586.5,407.31,179.19,5,0.15,0
7519,601,5,8,31,9975.0,6113.66,3861.34,3,0.0,0
7520,901,26,3,4,99.27,71.7,27.57,5,0.05,0
7521,725,2,7,25,17010.0,9708.77,7301.23,5,0.1,1
7522,264,24,9,21,1663.2,1024.41,638.79,4,0.1,0
7523,597,3,7,19,3087.5,1825.0,1262.5,5,0.0,0
7524,172,3,6,25,3087.5,1890.89,1196.61,5,0.0,0
7525,793,24,3,7,1785.0,1122.12,662.88,5,0.0,0
7526,21,23,4,49,374.0,218.4,155.6,4,0.0,0
7527,251,18,6,11,1287.0,877.52,409.48,2,0.1,0
7528,726,13,2,13,162.0,103.36,58.64,1,0.2,0
7529,1056,15,2,42,7128.0,4332.58,2795.42,3,0.1,0
7530,555,10,4,2,239.4,162.59,76.81,1,0.05,0
7531,924,24,8,31,1134.0,770.72,363.28,3,0.0,0
7532,861,27,6,7,325.0,185.06,139.94,5,0.0,0
7533,359,29,6,15,126.23,80.37,45.86,2,0.15,0
7534,936,24,6,30,1512.0,946.44,565.56,5,0.2,0
7535,929,2,3,22,2394.0,1660.99,733.01,1,0.05,0
7536,874,2,7,37,8400.0,5486.22,2913.78,3,0.0,0
7537,304,14,2,4,393.3,264.79,128.51,4,0.1,0
7538,429,5,7,49,8478.75,5123.1,3355.65,3,0.05,0
7539,532,3,3,44,1852.5,1268.73,583.77,3,0.0,0
7540,401,19,7,34,3402.0,2445.21,956.79,3,0.1,0
7541,795,2,1,1,2142.0,1460.88,681.12,1,0.1,0
7542,1052,16,2,25,3024.0,2199.89,824.11,2,0.1,0
7543,442,23,10,41,137.28,77.73,59.55,2,0.05,0
7544,452,18,2,40,1837.06,1331.96,505.1,5,0.05,0
7545,847,11,1,7,7200.0,4630.11,2569.89,5,0.0,0
7546,863,24,1,7,2100.0,1560.39,539.61,5,0.0,0
7547,901,22,6,48,53.2,33.64,19.56,2,0.0,0
7548,178,11,3,44,7695.0,4578.29,3116.71,5,0.1,0
7549,827,28,7,22,20.22,14.96,5.26,1,0.05,0
7550,423,3,10,50,2730.0,1812.37,917.63,4,0.0,0
7551,668,5,8,44,12880.0,7553.77,5326.23,4,0.2,0
7552,702,20,4,32,2065.5,1288.83,776.67,4,0.15,0
7553,1063,29,3,21,211.2,153.22,57.98,4,0.2,0
7554,692,4,7,14,6600.0,4231.6,2368.4,5,0.0,0
7555,676,9,9,45,729.6,426.4,303.2,2,0.05,0
7556,400,10,2,15,882.0,518.23,363.77,3,0.0,0
7557,26,23,8,20,444.12,319.37,124.75,5,0.05,1
7558,904,11,8,20,4873.5,3362.57,1510.93,3,0.05,0
7559,519,18,3,8,2470.0,1797.59,672.41,5,0.2,1
7560,446,20,9,43,765.0,536.75,228.25,2,0.0,1
7561,668,17,9,32,1748.0,1248.57,499.43,4,0.0,1
7562,720,2,4,50,3780.0,2129.11,1650.89,1,0.0,0
7563,777,12,1,35,27300.0,18800.47,8499.53,4,0.0,0
7564,879,23,4,35,272.0,164.1,107.9,4,0.2,0
7565,1008,3,4,20,747.5,461.87,285.63,1,0.0,0
7566,1063,27,4,17,78.0,49.51,28.49,1,0.0,0
7567,278,20,10,29,1656.0,1037.47,618.53,4,0.2,0
7568,322,23,1,27,346.8,194.16,152.64,4,0.15,0
7569,478,7,7,29,15808.0,9503.53,6304.47,4,0.05,0
7570,69,28,9,17,58.14,37.43,20.71,2,0.1,0
7571,230,17,3,46,361.0,214.28,146.72,1,0.0,1
7572,564,2,10,48,5040.0,3514.96,1525.04,2,0.0,0
7573,978,24,2,32,785.4,546.62,238.78,2,0.15,0
7574,109,7,2,43,2766.4,1741.38,1025.02,1,0.05,0
7575,893,23,6,7,403.75,260.41,143.34,5,0.0,0
7576,1021,23,10,30,439.88,286.98,152.9,5,0.1,0
7577,1026,21,8,40,147.49,101.78,45.71,3,0.05,0
7578,203,10,10,6,907.2,651.84,255.36,4,0.1,0
7579,111,30,7,38,107.52,63.98,43.54,2,0.2,0
7580,726,4,1,35,2970.0,2086.08,883.92,2,0.0,0
7581,815,13,9,28,379.31,283.16,96.15,5,0.15,0
7582,618,5,1,2,7700.0,5685.78,2014.22,2,0.0,1
7583,678,2,4,4,10080.0,6071.24,4008.76,3,0.0,0
7584,345,2,8,27,9072.0,5162.31,3909.69,3,0.2,0
7585,443,11,3,37,4131.0,2580.69,1550.31,3,0.1,0
7586,510,23,10,27,85.0,55.93,29.07,1,0.0,0
7587,338,25,10,31,47.25,33.29,13.96,1,0.0,0
7588,869,18,8,26,650.0,447.82,202.18,1,0.0,0
7589,843,16,7,10,952.0,702.58,249.42,1,0.15,0
7590,615,21,6,26,49.5,34.37,15.13,1,0.0,1
7591,247,12,4,43,30387.5,17874.95,12512.55,5,0.15,0
7592,743,8,2,12,979.0,640.23,338.77,1,0.0,0
7593,88,10,1,50,190.4,111.4,79.0,1,0.2,0
7594,924,2,4,26,7560.0,5495.29,2064.71,3,0.0,0
7595,509,7,2,14,12480.0,8445.21,4034.79,3,0.2,0
7596,599,29,8,8,235.12,171.57,63.55,5,0.1,0
7597,806,6,2,49,913.92,663.94,249.98,4,0.2,0
7598,603,24,3,42,1995.0,1136.57,858.43,5,0.0,0
7599,1014,5,8,18,16100.0,9284.49,6815.51,5,0.2,0
7600,178,29,8,50,156.75,109.16,47.59,3,0.0,0
7601,864,8,2,15,1780.0,1223.72,556.28,2,0.0,0
7602,563,19,7,6,5130.0,3538.77,1591.23,5,0.05,1
7603,654,3,10,26,2990.0,1932.39,1057.61,4,0.0,0
7604,992,2,7,21,13090.0,8334.38,4755.62,5,0.15,0
7605,334,27,4,29,390.0,268.81,121.19,5,0.0,0
7606,198,22,8,8,50.4,33.52,16.88,2,0.0,0
7607,400,28,10,6,151.62,105.26,46.36,4,0.05,0
7608,1003,21,1,1,99.0,67.25,31.75,2,0.0,0
7609,869,25,3,48,105.0,64.82,40.18,3,0.0,0
7610,595,7,1,45,4940.0,3316.16,1623.84,1,0.0,0
7611,82,14,5,28,193.8,128.45,65.35,3,0.2,0
7612,180,22,9,27,113.05,78.74,34.31,5,0.15,0
7613,1047,16,5,39,2856.0,1672.71,1183.29,2,0.15,0
7614,290,6,7,36,1987.2,1280.08,707.12,4,0.1,0
7615,424,16,6,24,5292.0,3300.13,1991.87,4,0.1,0
7616,672,16,7,21,3360.0,2237.75,1122.25,2,0.0,0
7617,858,10,4,2,1400.0,832.3,567.7,5,0.0,0
7618,709,15,6,2,8910.0,5146.64,3763.36,3,0.0,0
7619,627,25,4,45,98.18,68.93,29.25,3,0.15,0
7620,646,12,8,15,7475.0,5262.54,2212.46,1,0.0,0
7621,869,14,3,10,270.75,172.65,98.1,3,0.05,0
7622,312,26,9,4,105.6,59.37,46.23,4,0.0,0
7623,648,17,9,44,1748.0,1000.98,747.02,4,0.0,0
7624,491,20,10,25,2137.5,1433.43,704.07,5,0.05,0
7625,459,25,10,50,39.2,25.52,13.68,2,0.0,0
7626,1080,15,7,36,14850.0,9806.05,5043.95,5,0.0,0
7627,1070,19,9,10,4374.0,2513.09,1860.91,3,0.1,0
7628,889,18,2,25,1852.5,1294.07,558.43,3,0.0,0
7629,77,16,10,46,5950.0,3843.61,2106.39,5,0.0,1
7630,477,24,6,9,302.4,202.83,99.57,1,0.1,0
7631,1058,9,10,26,326.4,192.38,134.02,1,0.15,0
7632,593,6,10,50,1938.0,1201.9,736.1,5,0.15,0
7633,950,5,3,27,13300.0,8737.05,4562.95,4,0.0,1
7634,921,13,8,30,432.0,304.46,127.54,4,0.2,0
7635,908,22,4,45,126.35,71.39,54.96,5,0.05,1
7636,93,12,10,29,10374.0,6745.96,3628.04,3,0.05,0
7637,467,7,1,24,4950.4,3203.81,1746.59,2,0.15,0
7638,870,6,5,9,1920.0,1077.25,842.75,4,0.0,0
7639,311,9,9,45,1459.2,857.37,601.83,4,0.05,0
7640,1082,18,5,50,4387.5,2952.01,1435.49,5,0.0,0
7641,806,3,4,10,1933.75,1071.85,861.9,5,0.0,0
7642,747,16,3,17,5852.0,4211.66,1640.34,4,0.05,0
7643,714,16,3,26,9450.0,5262.74,4187.26,5,0.0,0
7644,613,27,4,33,193.05,136.09,56.96,3,0.1,0
7645,56,19,10,38,5985.0,3810.88,2174.12,5,0.05,0
7646,330,26,5,42,67.32,37.25,30.07,3,0.15,0
7647,548,20,1,20,1620.0,1042.36,577.64,5,0.2,0
7648,999,12,5,15,17160.0,10541.71,6618.29,3,0.2,1
7649,602,20,10,26,363.38,204.33,159.05,1,0.15,0
7650,911,15,3,10,4180.0,2882.22,1297.78,2,0.0,0
7651,776,24,2,49,1323.0,790.35,532.65,3,0.0,0
7652,303,16,1,9,5152.0,3207.96,1944.04,4,0.2,0
7653,976,27,7,40,228.8,166.7,62.1,4,0.2,0
7654,499,28,9,45,38.0,21.72,16.28,1,0.0,0
7655,773,21,10,44,47.25,34.78,12.47,1,0.0,0
7656,145,5,1,32,8400.0,4630.75,3769.25,3,0.2,0
7657,166,12,6,34,16672.5,9900.28,6772.22,3,0.1,0
7658,322,28,3,17,136.8,84.98,51.82,3,0.0,0
7659,375,7,3,9,5720.0,3996.07,1723.93,1,0.0,0
7660,634,9,2,13,1408.0,992.25,415.75,5,0.2,0
7661,175,30,8,26,513.0,302.58,210.42,5,0.1,1
7662,489,18,2,21,2340.0,1440.11,899.89,4,0.1,1
7663,987,1,6,48,4752.0,2964.61,1787.39,4,0.1,0
7664,884,27,4,27,52.49,37.11,15.38,1,0.15,0
7665,1063,28,8,19,38.76,27.57,11.19,1,0.15,0
7666,131,15,4,2,7920.0,5614.99,2305.01,4,0.1,0
7667,1087,5,2,18,14175.0,9341.96,4833.04,3,0.0,1
7668,1064,19,10,49,6480.0,4077.89,2402.11,5,0.1,0
7669,481,1,3,36,2880.0,1791.72,1088.28,3,0.0,0
7670,736,2,6,25,2772.0,2043.34,728.66,1,0.1,0
7671,197,5,7,4,8032.5,5589.91,2442.59,3,0.15,0
7672,1082,19,7,21,4374.0,3224.29,1149.71,3,0.1,0
7673,557,9,1,39,518.4,382.97,135.43,2,0.1,0
7674,724,10,8,5,1512.0,888.07,623.93,5,0.2,0
7675,106,22,6,17,74.48,45.52,28.96,5,0.05,0
7676,689,13,7,10,360.0,259.77,100.23,2,0.0,1
7677,97,27,6,26,32.76,22.27,10.49,1,0.1,0
7678,802,28,2,24,18.09,10.3,7.79,1,0.2,0
7679,453,30,6,4,271.32,183.32,88.0,4,0.05,0
7680,887,27,1,24,61.75,41.59,20.16,1,0.0,0
7681,739,21,6,45,188.1,115.86,72.24,4,0.05,0
7682,436,27,8,37,99.45,56.61,42.84,2,0.1,0
7683,999,9,4,30,633.6,455.35,178.25,2,0.1,0
7684,391,11,3,6,8415.0,6189.98,2225.02,5,0.15,0
7685,38,19,2,2,2394.0,1519.03,874.97,2,0.05,0
7686,1019,3,5,12,1906.12,1297.04,609.08,3,0.15,0
7687,207,3,10,4,1111.5,755.38,356.12,2,0.05,0
7688,274,8,8,29,1739.95,1281.23,458.72,2,0.15,0
7689,449,28,4,1,101.75,60.92,40.83,5,0.1,1
7690,758,6,4,32,2112.0,1497.54,614.46,5,0.2,0
7691,791,7,4,48,7956.0,5080.66,2875.34,2,0.1,0
7692,747,14,6,26,496.38,314.1,182.28,5,0.05,0
7693,684,30,9,3,144.0,99.81,44.19,1,0.0,1
7694,717,30,4,35,162.0,104.3,57.7,1,0.0,0
7695,109,30,2,21,201.6,138.48,63.12,3,0.0,1
7696,683,15,9,7,11220.0,6281.68,4938.32,5,0.15,0
7697,561,20,2,19,1822.5,1319.97,502.53,5,0.1,0
7698,234,10,5,28,1064.0,774.3,289.7,4,0.0,0
7699,699,9,2,30,384.0,211.49,172.51,1,0.0,0
7700,745,14,3,26,397.1,261.0,136.1,4,0.05,0
7701,643,22,6,16,128.8,83.66,45.14,4,0.0,0
7702,872,14,6,39,475.0,319.99,155.01,5,0.0,0
7703,469,9,5,50,358.4,261.21,97.19,2,0.0,0
7704,877,6,3,25,1920.0,1251.98,668.02,4,0.0,0
7705,221,17,7,7,1028.85,748.28,280.57,3,0.05,0
7706,479,13,4,46,324.0,239.14,84.86,3,0.1,0
7707,424,7,2,43,16380.0,11072.71,5307.29,3,0.0,0
7708,404,12,7,8,6483.75,4728.85,1754.9,1,0.05,0
7709,1038,10,8,13,1008.0,646.38,361.62,3,0.0,0
7710,393,15,3,48,4840.0,3407.18,1432.82,2,0.0,1
7711,226,16,7,5,5652.5,4207.77,1444.73,5,0.15,0
7712,329,29,3,23,297.0,183.61,113.39,5,0.1,1
7713,560,22,4,8,42.84,29.6,13.24,2,0.15,0
7714,1015,10,1,34,1288.0,823.54,464.46,4,0.0,0
7715,925,7,10,31,8424.0,5692.03,2731.97,2,0.1,0
7716,998,12,7,22,27170.0,18148.31,9021.69,4,0.05,0
7717,114,13,2,33,142.8,86.8,56.0,2,0.15,0
7718,255,3,9,3,3575.0,2152.65,1422.35,5,0.0,0
7719,259,10,2,24,554.4,411.16,143.24,2,0.1,0
7720,515,1,2,28,1020.0,653.09,366.91,1,0.15,1
7721,780,9,10,8,1008.0,620.01,387.99,3,0.0,1
7722,1009,23,6,12,97.75,69.77,27.98,1,0.0,0
7723,196,9,7,44,273.6,187.96,85.64,1,0.05,0
7724,157,12,8,15,11732.5,7451.22,4281.28,2,0.05,1
7725,554,1,10,6,2160.0,1218.98,941.02,2,0.0,0
7726,141,1,10,1,4800.0,3190.89,1609.11,4,0.0,0
7727,210,22,5,23,25.2,16.8,8.4,1,0.0,0
7728,736,11,9,50,3564.0,2306.86,1257.14,2,0.1,0
7729,75,28,8,12,153.42,97.46,55.96,5,0.05,0
7730,1060,2,9,17,6048.0,3953.67,2094.33,2,0.1,0
7731,637,17,3,30,836.0,568.84,267.16,2,0.0,0
7732,65,15,1,20,7480.0,4489.11,2990.89,4,0.0,0
7733,45,22,1,25,29.4,18.27,11.13,1,0.0,0
7734,98,17,2,33,851.2,504.08,347.12,4,0.0,0
7735,1010,21,7,16,82.8,62.08,20.72,2,0.2,0
7736,424,26,8,15,83.16,59.99,23.17,4,0.1,0
7737,426,5,7,3,8032.5,4495.1,3537.4,3,0.1,0
7738,731,7,6,10,10868.0,7624.16,3243.84,2,0.05,0
7739,750,9,10,14,281.6,200.85,80.75,1,0.2,0
7740,429,19,8,13,2448.0,1527.14,920.86,3,0.2,0
7741,711,26,10,38,118.8,68.79,50.01,4,0.0,0
7742,778,27,1,46,61.43,40.69,20.74,1,0.1,0
7743,321,15,5,1,7920.0,4765.25,3154.75,3,0.0,0
7744,235,30,7,19,91.2,51.42,39.78,1,0.2,0
7745,183,23,4,28,218.02,133.45,84.57,3,0.05,0
7746,321,23,6,19,193.8,108.17,85.63,2,0.05,0
7747,376,6,4,34,1584.0,985.25,598.75,3,0.0,0
7748,385,18,10,21,3575.0,2228.86,1346.14,5,0.0,1
7749,343,5,6,5,18900.0,13672.99,5227.01,4,0.0,0
7750,555,20,8,30,1154.25,719.38,434.87,3,0.05,0
7751,1055,28,9,44,193.8,119.5,74.3,5,0.15,0
7752,386,14,8,27,418.0,294.48,123.52,4,0.0,0
7753,165,24,1,6,798.0,539.03,258.97,2,0.0,0
7754,1057,16,6,14,5040.0,2846.29,2193.71,3,0.0,0
7755,1048,7,6,19,14976.0,10585.52,4390.48,3,0.2,0
7756,1038,17,4,40,1641.6,1221.54,420.06,4,0.1,0
7757,261,12,3,24,21450.0,11951.59,9498.41,3,0.0,0
7758,700,23,4,49,344.25,255.74,88.51,3,0.0,0
7759,1004,7,5,25,18304.0,10145.0,8159.0,4,0.2,0
7760,1091,24,10,41,2268.0,1570.77,697.23,5,0.2,1
7761,524,16,2,23,4256.0,2613.94,1642.06,4,0.2,1
7762,36,18,1,43,682.5,484.69,197.81,1,0.0,0
7763,333,6,2,46,1152.0,767.72,384.28,2,0.0,1
7764,219,6,2,27,2052.0,1220.72,831.28,5,0.1,0
7765,728,30,5,7,486.0,358.23,127.77,3,0.0,0
7766,473,21,3,27,50.4,30.69,19.71,2,0.0,0
7767,973,4,6,42,1045.0,642.02,402.98,1,0.0,0
7768,805,16,9,29,2998.8,1949.24,1049.56,4,0.1,0
7769,161,22,2,41,63.84,42.84,21.0,3,0.2,0
7770,866,18,5,12,1300.0,898.63,401.37,2,0.0,0
7771,692,12,5,27,33150.0,18501.83,14648.17,5,0.15,0
7772,793,27,10,46,110.5,61.55,48.95,2,0.0,0
7773,699,15,2,37,10560.0,6179.69,4380.31,4,0.0,0
7774,206,12,5,22,17550.0,11246.29,6303.71,3,0.0,1
7775,962,14,3,41,361.0,262.05,98.95,4,0.0,0
7776,676,14,5,2,570.0,315.16,254.84,5,0.0,0
7777,1094,14,9,39,115.43,80.21,35.22,1,0.1,0
7778,895,16,10,26,5985.0,4017.97,1967.03,5,0.1,0
7779,1075,4,10,42,1262.25,837.67,424.58,1,0.15,0
7780,943,9,7,8,576.0,427.76,148.24,2,0.0,0
7781,18,2,3,19,3080.0,1901.5,1178.5,1,0.0,0
7782,670,17,7,14,1824.0,1124.76,699.24,4,0.0,0
7783,970,2,3,33,11970.0,7545.49,4424.51,5,0.1,1
7784,1028,14,9,24,437.0,305.56,131.44,5,0.2,0
7785,183,13,3,5,114.75,78.52,36.23,1,0.15,0
7786,173,10,10,17,1064.0,752.69,311.31,4,0.0,1
7787,745,22,5,48,61.6,34.1,27.5,2,0.0,0
7788,1015,3,1,14,635.38,447.63,187.75,1,0.15,0
7789,849,2,9,41,10080.0,7082.86,2997.14,5,0.1,0
7790,925,20,4,22,2025.0,1196.29,828.71,5,0.0,1
7791,386,4,5,37,2904.0,1790.85,1113.15,3,0.2,0
7792,346,12,9,28,8336.25,4816.6,3519.65,1,0.05,1
7793,11,25,10,33,34.65,19.37,15.28,1,0.1,0
7794,237,11,2,20,1710.0,941.23,768.77,1,0.0,0
7795,715,1,2,46,2754.0,1661.34,1092.66,2,0.15,0
7796,331,20,7,15,2160.0,1219.17,940.83,4,0.0,0
7797,844,10,8,9,571.2,344.66,226.54,3,0.15,0
7798,366,10,6,14,1309.0,824.1,484.9,5,0.15,0
7799,260,9,1,35,334.4,202.86,131.54,1,0.05,0
7800,284,12,4,37,26910.0,18306.03,8603.97,4,0.1,0
7801,381,15,7,33,4840.0,3212.2,1627.8,2,0.0,0
7802,210,6,3,20,1641.6,943.24,698.36,4,0.05,0
7803,327,25,9,3,168.0,108.8,59.2,5,0.2,0
7804,959,19,1,39,3876.0,2323.15,1552.85,4,0.15,0
7805,208,27,6,40,58.5,37.66,20.84,1,0.0,0
7806,483,4,8,4,1496.0,1075.8,420.2,2,0.15,1
7807,490,16,10,31,1260.0,791.1,468.9,1,0.1,0
7808,483,15,8,23,8360.0,4899.08,3460.92,5,0.05,0
7809,957,3,8,9,524.88,300.74,224.14,1,0.15,0
7810,466,1,1,13,1344.0,994.85,349.15,2,0.0,0
7811,852,9,8,49,960.0,564.64,395.36,3,0.0,1
7812,144,30,2,23,108.0,68.35,39.65,1,0.1,0
7813,596,18,5,11,1173.25,799.22,374.03,2,0.05,0
7814,754,10,4,2,1232.0,829.11,402.89,5,0.2,1
7815,638,23,10,8,187.0,116.16,70.84,2,0.0,0
7816,702,7,7,28,28080.0,16607.39,11472.61,4,0.0,0
7817,401,11,2,48,5670.0,3309.88,2360.12,3,0.0,0
7818,278,7,3,21,9568.0,5853.31,3714.69,2,0.2,0
7819,383,27,10,29,321.75,190.59,131.16,5,0.1,0
7820,833,12,8,30,14040.0,8395.65,5644.35,3,0.1,0
7821,710,6,2,43,3078.0,1692.98,1385.02,5,0.05,0
7822,603,1,7,19,1140.0,671.75,468.25,1,0.0,0
7823,157,11,5,3,3420.0,2059.72,1360.28,2,0.0,0
7824,419,1,8,22,1260.0,793.77,466.23,1,0.0,0
7825,43,7,5,37,5460.0,3114.61,2345.39,1,0.0,0
7826,710,5,7,39,18900.0,13498.88,5401.12,4,0.0,0
7827,610,6,8,10,528.0,386.62,141.38,1,0.0,0
7828,536,22,6,19,50.54,32.71,17.83,2,0.05,0
7829,986,20,7,31,1410.75,911.16,499.59,3,0.05,0
7830,381,13,10,33,561.0,330.37,230.63,4,0.15,1
7831,183,23,4,14,153.0,99.09,53.91,2,0.0,0
7832,277,26,2,29,25.3,17.16,8.14,1,0.0,0
7833,992,4,10,37,4840.0,2949.12,1890.88,4,0.0,0
7834,193,28,9,23,34.2,23.84,10.36,1,0.0,0
7835,253,14,1,14,522.5,348.32,174.18,5,0.0,0
7836,308,13,1,27,900.0,646.32,253.68,5,0.0,1
7837,939,19,6,46,4320.0,2641.12,1678.88,4,0.0,0
7838,23,19,7,25,1122.0,827.06,294.94,1,0.15,0
7839,390,6,6,29,2376.0,1328.65,1047.35,5,0.1,0
7840,687,26,1,28,132.0,77.65,54.35,5,0.0,0
7841,456,10,8,48,156.8,92.01,64.79,1,0.0,0
7842,436,1,3,15,4335.0,3091.01,1243.99,5,0.15,0
7843,677,23,2,45,183.6,123.97,59.63,2,0.1,1
7844,73,15,3,10,3740.0,2647.47,1092.53,2,0.0,0
7845,308,8,4,37,4806.0,3292.83,1513.17,5,0.1,0
7846,246,8,10,38,3132.8,2187.57,945.23,4,0.2,1
7847,499,18,8,39,1235.0,815.42,419.58,2,0.05,0
7848,897,18,3,16,2470.0,1672.1,797.9,4,0.0,0
7849,374,5,10,50,12320.0,8925.98,3394.02,4,0.2,0
7850,836,11,2,20,3672.0,2210.7,1461.3,3,0.15,0
7851,694,15,5,13,2508.0,1457.26,1050.74,1,0.05,0
7852,1082,3,5,44,3729.38,2274.0,1455.38,5,0.15,0
7853,253,19,9,45,5280.0,2957.18,2322.82,4,0.0,0
7854,1053,3,2,14,624.0,343.79,280.21,1,0.2,0
7855,448,19,2,19,642.6,444.1,198.5,1,0.1,0
7856,155,23,8,38,323.0,235.33,87.67,4,0.0,0
7857,692,1,8,49,3888.0,2884.49,1003.51,3,0.1,0
7858,579,10,4,11,1064.0,760.93,303.07,4,0.0,0
7859,13,5,9,18,9240.0,6793.27,2446.73,3,0.2,0
7860,839,3,7,38,884.0,656.2,227.8,2,0.15,0
7861,560,27,1,34,234.0,144.16,89.84,5,0.2,0
7862,877,8,3,16,4450.0,2621.77,1828.23,5,0.0,0
7863,656,16,5,5,1610.0,1038.72,571.28,1,0.0,1
7864,359,14,6,39,384.75,266.92,117.83,3,0.0,0
7865,1094,7,9,23,5616.0,3573.62,2042.38,1,0.2,0
7866,1059,3,2,27,1872.0,1320.26,551.74,3,0.2,0
7867,841,27,9,18,208.0,148.64,59.36,4,0.0,0
7868,121,26,2,50,15.4,11.03,4.37,1,0.0,0
7869,694,17,6,44,364.8,207.82,156.98,1,0.2,0
7870,167,30,2,4,114.0,71.45,42.55,1,0.0,0
7871,760,8,6,41,4650.25,3031.38,1618.87,5,0.05,0
7872,31,4,5,4,6050.0,4354.93,1695.07,5,0.0,0
7873,690,14,4,6,433.2,309.04,124.16,4,0.05,0
7874,293,15,2,26,11385.0,6671.78,4713.22,5,0.1,0
7875,563,28,8,33,136.8,90.16,46.64,4,0.0,0
7876,408,28,9,15,113.72,77.77,35.95,3,0.05,0
7877,94,12,2,1,10374.0,6188.29,4185.71,3,0.05,0
7878,63,6,9,11,408.0,233.68,174.32,1,0.0,0
7879,611,27,9,12,182.33,132.59,49.74,3,0.15,0
7880,617,24,4,2,1108.8,675.38,433.42,3,0.2,0
7881,952,18,10,19,988.0,608.14,379.86,2,0.2,0
7882,616,19,1,49,1320.0,881.96,438.04,1,0.0,0
7883,464,8,5,24,498.4,299.87,198.53,1,0.0,0
7884,183,22,2,13,25.2,13.99,11.21,1,0.0,0
7885,800,3,8,1,1878.5,1382.5,496.0,4,0.15,0
7886,824,18,5,27,873.6,601.06,272.54,3,0.2,0
7887,278,26,1,39,120.17,69.13,51.04,5,0.05,0
7888,1072,30,2,33,145.8,91.54,54.26,1,0.1,0
7889,287,8,5,17,3070.5,1889.32,1181.18,3,0.0,0
7890,634,16,8,11,1232.0,732.41,499.59,1,0.2,0
7891,402,21,7,10,40.16,29.89,10.27,1,0.15,0
7892,16,22,5,38,92.4,59.64,32.76,3,0.0,0
7893,397,3,10,2,648.38,363.86,284.52,1,0.05,0
7894,868,27,9,25,104.0,66.31,37.69,2,0.2,0
7895,744,26,9,37,38.72,23.97,14.75,2,0.2,1
7896,105,26,5,31,9.86,7.13,2.73,1,0.2,0
7897,936,3,3,27,1667.25,1237.57,429.68,3,0.05,0
7898,570,4,7,21,3762.0,2384.8,1377.2,4,0.05,0
7899,939,25,2,6,31.5,17.57,13.93,1,0.0,0
7900,215,17,1,45,920.55,603.23,317.32,3,0.15,0
7901,753,19,7,32,5280.0,3100.17,2179.83,5,0.2,1
7902,839,6,6,47,1152.0,713.13,438.87,3,0.0,0
7903,716,1,4,13,3888.0,2779.8,1108.2,3,0.2,0
7904,1052,21,5,35,43.2,28.22,14.98,1,0.2,0
7905,883,22,9,48,42.56,23.49,19.07,2,0.2,0
7906,574,5,3,38,12600.0,8606.91,3993.09,5,0.2,0
7907,766,7,3,8,5460.0,3780.47,1679.53,1,0.0,0
7908,445,1,10,1,3060.0,1712.03,1347.97,3,0.0,0
7909,861,12,9,20,27625.0,19795.03,7829.97,5,0.15,0
7910,623,2,6,28,7854.0,4320.34,3533.66,3,0.15,0
7911,922,18,8,3,2925.0,1966.01,958.99,5,0.0,0
7912,293,22,8,48,144.9,79.9,65.0,5,0.1,0
7913,809,20,2,50,1071.0,712.29,358.71,5,0.2,0
7914,396,25,9,27,103.95,72.85,31.1,3,0.1,0
7915,273,14,10,27,99.28,68.51,30.77,1,0.05,0
7916,912,22,8,5,90.44,58.02,32.42,4,0.15,0
7917,842,23,10,46,173.4,122.72,50.68,3,0.15,0
7918,204,12,5,46,24862.5,16728.05,8134.45,5,0.15,1
7919,181,22,5,7,53.2,32.75,20.45,2,0.0,0
7920,911,25,8,3,99.75,70.67,29.08,3,0.0,0
7921,968,11,6,3,4873.5,2839.34,2034.16,3,0.05,0
7922,1095,3,9,48,3948.75,2692.47,1256.28,5,0.1,1
7923,906,17,10,46,866.4,480.85,385.55,3,0.2,0
7924,232,30,10,13,541.5,304.57,236.93,5,0.05,1
7925,166,10,3,2,266.0,161.01,104.99,1,0.0,0
7926,635,7,9,48,10296.0,7029.59,3266.41,2,0.1,1
7927,637,1,5,25,2640.0,1702.67,937.33,2,0.0,0
7928,402,26,6,29,46.2,29.2,17.0,2,0.0,0
7929,466,8,1,33,2492.0,1491.16,1000.84,5,0.0,0
7930,608,10,7,42,1330.0,945.23,384.77,5,0.0,0
7931,366,27,2,48,57.2,41.93,15.27,1,0.2,0
7932,793,18,7,7,2099.5,1491.56,607.94,4,0.05,0
7933,118,26,8,37,11.09,7.48,3.61,1,0.1,0
7934,1026,28,5,26,166.06,93.6,72.46,4,0.05,0
7935,763,4,2,49,1155.0,800.36,354.64,1,0.0,0
7936,334,11,8,45,8640.0,4871.16,3768.84,4,0.0,1
7937,69,5,9,2,8478.75,5948.87,2529.88,3,0.05,0
7938,704,12,1,2,7020.0,4221.56,2798.44,1,0.2,0
7939,706,14,7,44,256.5,189.56,66.94,2,0.0,0
7940,920,29,3,32,141.07,81.95,59.12,3,0.05,1
7941,384,1,3,8,5280.0,3474.95,1805.05,4,0.0,0
7942,435,19,1,21,1938.0,1077.23,860.77,2,0.05,0
7943,980,23,7,45,79.48,50.97,28.51,1,0.15,0
7944,444,5,5,34,14875.0,10653.14,4221.86,5,0.0,0
7945,954,29,8,24,198.55,128.1,70.45,4,0.05,1
7946,770,13,9,21,252.0,147.99,104.01,2,0.2,0
7947,602,17,5,10,1227.4,914.91,312.49,4,0.15,0
7948,73,29,8,29,133.24,96.42,36.82,3,0.05,1
7949,896,26,6,34,53.29,37.3,15.99,3,0.15,0
7950,808,27,5,24,30.94,21.32,9.62,1,0.2,0
7951,282,15,10,16,7210.5,4741.86,2468.64,3,0.05,0
7952,744,3,7,23,1430.0,977.27,452.73,2,0.0,0
7953,426,11,2,6,7267.5,4695.59,2571.91,5,0.05,0
7954,532,21,2,18,115.43,84.32,31.11,3,0.1,0
7955,904,10,8,27,478.8,306.03,172.77,2,0.1,0
7956,38,7,2,34,25935.0,18686.5,7248.5,5,0.05,1
7957,367,16,8,37,6160.0,4465.86,1694.14,4,0.0,0
7958,1036,26,9,43,100.32,68.57,31.75,4,0.05,0
7959,358,1,6,44,1377.0,983.32,393.68,1,0.15,0
7960,1096,10,7,12,604.8,341.07,263.73,2,0.2,0
7961,834,11,2,35,4608.0,2827.46,1780.54,4,0.2,0
7962,477,3,3,5,1560.0,1069.12,490.88,3,0.0,0
7963,1068,5,10,33,17010.0,9515.04,7494.96,4,0.1,0
7964,881,22,9,28,67.2,38.41,28.79,3,0.2,0
7965,895,27,7,4,58.66,32.43,26.23,1,0.05,0
7966,717,19,4,40,6156.0,3431.35,2724.65,4,0.05,1
7967,686,12,3,12,31200.0,17645.76,13554.24,4,0.0,0
7968,791,29,6,22,79.47,54.17,25.3,2,0.15,0
7969,740,23,8,36,299.2,222.49,76.71,4,0.2,0
7970,650,4,7,35,2530.0,1394.38,1135.62,2,0.0,0
7971,326,26,8,46,26.4,15.65,10.75,1,0.0,0
7972,103,2,3,6,4233.6,2767.79,1465.81,3,0.1,0
7973,1093,9,8,44,1036.8,747.25,289.55,3,0.2,0
7974,996,8,5,44,1958.0,1296.35,661.65,2,0.0,0
7975,140,7,3,43,4680.0,3315.33,1364.67,1,0.1,0
7976,852,13,10,47,405.0,264.67,140.33,3,0.1,0
7977,1051,21,1,34,153.9,103.13,50.77,3,0.05,0
7978,1019,7,3,37,23920.0,15598.11,8321.89,4,0.0,0
7979,875,5,8,7,6650.0,3728.43,2921.57,2,0.05,0
7980,613,13,10,34,495.0,328.08,166.92,3,0.0,1
7981,60,20,1,25,1224.0,680.08,543.92,4,0.2,0
7982,1075,7,1,27,11232.0,7133.87,4098.13,2,0.2,0
7983,680,17,9,37,2052.0,1333.68,718.32,5,0.1,1
7984,549,25,5,25,63.0,36.44,26.56,2,0.0,0
7985,574,26,3,44,17.82,13.18,4.64,1,0.1,0
7986,504,22,10,3,126.0,71.62,54.38,5,0.1,0
7987,284,2,3,49,3220.0,2193.35,1026.65,1,0.0,1
7988,1040,12,2,14,28080.0,17010.24,11069.76,4,0.1,0
7989,222,23,7,43,242.25,181.51,60.74,3,0.0,0
7990,3,25,9,29,146.3,91.34,54.96,4,0.05,0
7991,95,7,3,11,11648.0,7514.85,4133.15,4,0.0,0
7992,951,17,5,16,685.9,441.4,244.5,2,0.05,0
7993,1090,10,7,18,756.0,533.2,222.8,2,0.0,0
7994,428,5,4,15,12643.75,8997.39,3646.36,5,0.15,0
7995,498,15,7,31,4400.0,3077.35,1322.65,2,0.0,0
7996,357,3,10,28,2106.0,1302.05,803.95,3,0.2,1
7997,860,18,3,9,1950.0,1108.84,841.16,3,0.0,0
7998,164,5,6,24,14962.5,10065.11,4897.39,5,0.1,0
7999,345,23,4,2,413.1,237.08,176.02,4,0.1,0
8000,676,15,1,43,10032.0,7329.38,2702.62,4,0.05,0
8001,382,27,5,17,214.5,149.55,64.95,3,0.0,1
8002,668,21,10,29,51.75,30.85,20.9,1,0.0,0
8003,851,26,9,32,35.2,24.1,11.1,2,0.0,0
8004,323,13,5,21,765.0,543.51,221.49,5,0.15,1
8005,573,14,9,19,230.85,136.84,94.01,3,0.1,0
8006,26,26,10,1,38.72,23.98,14.74,2,0.2,0
8007,1032,23,8,9,391.0,268.32,122.68,4,0.0,0
8008,970,12,1,12,20995.0,11845.15,9149.85,4,0.15,0
8009,627,6,2,48,528.0,315.25,212.75,1,0.0,0
8010,333,30,9,36,136.8,82.06,54.74,1,0.05,1
8011,630,19,8,3,4488.0,3029.39,1458.61,4,0.15,0
8012,6,24,2,37,1570.8,1062.05,508.75,4,0.15,0
8013,491,12,7,10,11700.0,7214.95,4485.05,2,0.1,0
8014,150,29,2,8,261.25,143.97,117.28,5,0.05,0
8015,9,2,9,9,6160.0,4605.39,1554.61,2,0.0,0
8016,269,24,3,3,2079.0,1241.18,837.82,5,0.1,0
8017,786,25,1,34,165.38,91.96,73.42,5,0.1,0
8018,146,28,8,8,30.4,17.28,13.12,1,0.2,0
8019,372,9,8,23,1584.0,1099.61,484.39,5,0.1,0
8020,998,7,10,3,21736.0,13364.14,8371.86,4,0.05,0
8021,1055,17,9,24,1550.4,985.93,564.47,4,0.15,0
8022,953,30,4,8,456.0,272.56,183.44,4,0.0,1
8023,109,5,5,22,1862.0,1330.33,531.67,1,0.05,1
8024,260,24,8,4,1386.0,996.34,389.66,3,0.0,0
8025,181,22,7,39,63.84,44.9,18.94,3,0.2,0
8026,884,29,5,25,248.19,155.31,92.88,5,0.05,0
8027,521,14,10,8,270.75,187.59,83.16,3,0.0,0
8028,36,1,1,45,1260.0,884.53,375.47,1,0.0,1
8029,539,7,8,33,14079.0,9803.67,4275.33,3,0.05,0
8030,973,8,9,12,1691.0,979.86,711.14,2,0.0,0
8031,457,8,8,28,847.28,589.76,257.52,2,0.15,0
8032,429,24,4,18,1071.0,613.81,457.19,3,0.0,0
8033,965,16,7,24,4788.0,3590.25,1197.75,4,0.1,1
8034,896,3,1,45,617.5,341.97,275.53,1,0.0,0
8035,177,28,2,34,144.4,98.02,46.38,4,0.0,0
8036,489,20,4,41,900.0,586.48,313.52,2,0.0,0
8037,585,2,3,26,11305.0,7744.15,3560.85,5,0.15,1
8038,462,3,6,45,928.2,575.67,352.53,3,0.15,0
8039,39,17,8,24,1276.8,788.67,488.13,4,0.2,0
8040,435,4,9,49,1589.5,1104.57,484.93,2,0.15,0
8041,395,16,1,43,7700.0,4657.91,3042.09,5,0.0,0
8042,655,1,2,43,2346.0,1544.45,801.55,2,0.15,0
8043,752,23,5,7,467.5,273.67,193.83,5,0.0,0
8044,826,24,5,21,940.8,529.81,410.99,4,0.0,0
8045,920,8,4,32,801.0,448.12,352.88,1,0.0,0
8046,823,2,6,19,7448.0,4219.92,3228.08,5,0.05,0
8047,478,3,1,35,988.0,576.01,411.99,2,0.05,0
8048,959,11,7,50,7695.0,5315.12,2379.88,5,0.1,0
8049,890,23,1,20,72.67,46.27,26.4,1,0.1,0
8050,22,20,6,25,1584.0,1137.56,446.44,4,0.2,0
8051,383,18,10,9,607.75,336.38,271.37,1,0.15,0
8052,1030,14,5,15,294.97,209.95,85.02,3,0.1,0
8053,1010,11,4,13,8280.0,4740.94,3539.06,4,0.0,0
8054,276,17,10,27,2185.0,1427.25,757.75,5,0.0,0
8055,973,11,7,35,6840.0,4104.46,2735.54,4,0.0,0
8056,563,26,10,25,50.49,34.68,15.81,3,0.15,0
8057,853,26,10,49,93.5,54.29,39.21,5,0.15,0
8058,1083,25,4,4,47.25,33.55,13.7,1,0.0,0
8059,121,22,9,50,78.4,49.48,28.92,4,0.0,1
8060,504,9,5,40,272.0,196.21,75.79,1,0.15,0
8061,1061,12,4,19,35100.0,20989.78,14110.22,5,0.1,0
8062,382,15,3,29,8712.0,6156.6,2555.4,4,0.1,0
8063,1018,19,4,9,6900.0,5090.64,1809.36,5,0.0,0
8064,971,3,8,29,617.5,340.46,277.04,1,0.0,0
8065,358,2,8,15,15120.0,9822.27,5297.73,4,0.0,0
8066,536,4,8,41,5225.0,3398.31,1826.69,5,0.0,0
8067,12,1,1,2,1056.0,599.86,456.14,1,0.2,0
8068,346,24,2,18,2551.5,1412.73,1138.77,5,0.1,1
8069,164,3,4,50,3087.5,1765.4,1322.1,5,0.0,0
8070,160,19,3,30,4560.0,2751.11,1808.89,4,0.0,0
8071,919,23,7,19,218.02,123.2,94.82,3,0.05,0
8072,636,14,9,37,104.5,76.37,28.13,1,0.0,0
8073,402,7,7,22,21840.0,13947.59,7892.41,5,0.2,0
8074,92,30,10,7,181.44,116.53,64.91,3,0.1,1
8075,244,20,3,45,1980.0,1094.91,885.09,5,0.2,0
8076,460,8,9,9,1993.6,1264.76,728.84,4,0.0,0
8077,1096,21,10,25,303.75,175.3,128.45,5,0.0,0
8078,243,13,10,37,242.25,167.98,74.27,2,0.15,0
8079,928,22,1,44,100.8,68.22,32.58,5,0.2,0
8080,772,12,8,19,29006.25,18414.44,10591.81,5,0.15,0
8081,922,15,6,39,7524.0,4790.81,2733.19,4,0.05,0
8082,1039,1,1,30,4320.0,3008.76,1311.24,3,0.0,0
8083,273,7,4,50,22880.0,16418.06,6461.94,4,0.0,0
8084,490,9,8,50,816.0,464.03,351.97,3,0.15,0
8085,360,14,8,36,609.19,434.46,174.73,5,0.05,0
8086,915,8,9,24,1922.4,1212.13,710.27,3,0.2,0
8087,737,5,2,30,7700.0,4337.73,3362.27,2,0.0,0
8088,681,17,8,44,2052.0,1197.32,854.68,5,0.1,0
8089,1076,29,1,11,133.65,91.06,42.59,2,0.1,0
8090,1024,13,10,49,345.0,225.08,119.92,2,0.0,0
8091,1021,27,1,29,317.69,211.72,105.97,5,0.15,0
8092,21,14,3,13,104.5,72.96,31.54,1,0.0,0
8093,628,10,10,6,1232.0,798.84,433.16,5,0.2,1
8094,931,1,9,19,4590.0,2888.95,1701.05,5,0.15,0
8095,901,25,3,19,149.62,101.18,48.44,5,0.1,0
8096,773,8,5,13,3738.0,2676.69,1061.31,4,0.0,1
8097,97,20,5,7,1008.0,681.64,326.36,4,0.0,0
8098,803,15,3,18,1178.1,790.94,387.16,1,0.1,0
8099,1009,2,2,46,6440.0,4633.16,1806.84,2,0.0,0
8100,816,14,8,4,48.05,34.75,13.3,1,0.15,0
8101,953,4,8,8,1045.0,739.03,305.97,1,0.0,0
8102,326,23,1,31,91.8,66.4,25.4,1,0.1,0
8103,46,5,3,6,7350.0,5501.3,1848.7,2,0.0,0
8104,815,2,6,3,3332.0,2089.02,1242.98,2,0.0,0
8105,185,16,4,19,1197.0,873.6,323.4,1,0.05,0
8106,181,9,7,23,912.0,561.37,350.63,3,0.0,0
8107,376,8,4,22,2643.3,1493.46,1149.84,3,0.1,0
8108,618,24,10,6,1178.1,744.72,433.38,3,0.15,0
8109,403,13,4,15,748.12,518.44,229.68,5,0.05,0
8110,682,1,1,29,4320.0,2556.4,1763.6,3,0.0,0
8111,650,28,1,5,218.5,138.23,80.27,5,0.0,0
8112,532,15,1,26,7524.0,4780.75,2743.25,4,0.1,0
8113,983,16,9,41,1232.0,886.06,345.94,1,0.2,0
8114,633,26,6,10,58.08,35.14,22.94,3,0.2,1
8115,563,25,10,5,94.5,58.52,35.98,3,0.0,0
8116,36,22,5,13,74.97,52.58,22.39,3,0.15,0
8117,568,2,7,14,12600.0,8444.65,4155.35,5,0.0,0
8118,828,12,2,50,7280.0,5339.97,1940.03,2,0.0,0
8119,71,10,10,42,1190.0,860.52,329.48,5,0.0,0
8120,574,25,4,34,75.6,48.72,26.88,3,0.2,0
8121,201,19,3,42,1080.0,604.52,475.48,1,0.0,0
8122,785,28,4,16,169.57,118.17,51.4,5,0.15,0
8123,500,27,7,9,175.5,131.51,43.99,3,0.1,0
8124,878,12,8,48,6500.0,4852.06,1647.94,1,0.0,0
8125,346,23,5,37,114.75,74.84,39.91,1,0.0,0
8126,434,1,1,28,1632.0,975.61,656.39,2,0.2,0
8127,1050,7,10,11,18720.0,10730.07,7989.93,3,0.0,0
8128,183,16,8,26,1071.0,742.27,328.73,1,0.15,0
8129,1007,20,2,7,2070.0,1392.26,677.74,4,0.0,1
8130,306,8,4,46,2883.6,1656.84,1226.76,3,0.1,0
8131,741,7,2,24,11440.0,7279.89,4160.11,2,0.0,0
8132,943,24,3,46,1134.0,782.02,351.98,3,0.0,0
8133,559,23,1,37,229.5,138.46,91.04,3,0.0,0
8134,1017,3,7,36,1345.5,919.3,426.2,2,0.1,0
8135,159,18,3,19,1759.88,1160.61,599.27,3,0.05,0
8136,199,13,4,25,243.0,157.38,85.62,2,0.1,0
8137,884,28,5,42,144.4,83.51,60.89,4,0.0,0
8138,446,29,3,9,140.25,101.15,39.1,3,0.0,0
8139,440,13,9,48,127.5,78.81,48.69,1,0.0,0
8140,702,5,9,50,15120.0,9953.49,5166.51,4,0.2,0
8141,16,9,5,30,897.6,509.89,387.71,3,0.15,0
8142,440,9,5,5,272.0,174.53,97.47,1,0.0,0
8143,69,13,6,12,382.5,223.88,158.62,3,0.0,0
8144,263,9,5,18,1408.0,839.71,568.29,5,0.2,0
8145,244,19,10,24,3960.0,2774.77,1185.23,3,0.0,0
8146,921,16,6,17,5040.0,3494.73,1545.27,4,0.0,0
8147,660,22,8,2,122.36,71.65,50.71,4,0.05,0
8148,2,4,7,12,2420.0,1476.57,943.43,2,0.0,0
8149,919,15,2,17,7920.0,4807.85,3112.15,5,0.2,1
8150,338,10,9,17,1890.0,1201.91,688.09,5,0.0,0
8151,1063,28,4,1,109.44,69.49,39.95,3,0.2,0
8152,106,28,9,4,106.4,58.97,47.43,5,0.0,0
8153,1029,28,1,39,196.65,143.46,53.19,5,0.1,0
8154,74,19,3,23,1734.0,993.59,740.41,2,0.15,0
8155,561,25,3,13,80.33,48.35,31.98,3,0.15,0
8156,434,2,3,32,11900.0,7943.2,3956.8,5,0.0,1
8157,24,6,6,6,528.0,374.38,153.62,1,0.0,1
8158,347,16,10,36,3024.0,1881.6,1142.4,2,0.2,0
8159,1050,29,9,16,158.4,106.52,51.88,3,0.2,0
8160,514,30,4,11,384.0,213.81,170.19,4,0.2,0
8161,350,10,1,36,302.4,205.56,96.84,1,0.2,0
8162,66,1,4,31,5100.0,3305.53,1794.47,5,0.0,0
8163,101,29,7,35,92.4,56.25,36.15,3,0.0,0
8164,1045,29,9,38,158.4,105.36,53.04,3,0.2,1
8165,103,18,6,8,1092.0,771.11,320.89,3,0.0,0
8166,1045,14,7,3,102.6,68.4,34.2,1,0.1,0
8167,594,19,5,8,912.0,582.23,329.77,1,0.2,0
8168,128,8,7,19,3782.5,2449.81,1332.69,5,0.15,0
8169,705,20,1,49,607.5,372.53,234.97,1,0.0,0
8170,1037,9,9,45,768.0,539.15,228.85,2,0.0,0
8171,905,18,7,41,2470.0,1524.09,945.91,4,0.0,1
8172,378,26,10,45,61.71,41.6,20.11,3,0.15,1
8173,664,26,8,6,126.5,80.69,45.81,5,0.0,0
8174,1018,2,1,30,2898.0,2064.69,833.31,1,0.1,0
8175,97,8,6,13,946.96,675.14,271.82,2,0.05,1
8176,305,4,8,12,2640.0,1457.81,1182.19,2,0.0,0
8177,178,12,6,35,26243.75,19610.39,6633.36,5,0.15,0
8178,226,22,5,43,47.88,30.8,17.08,2,0.1,0
8179,132,11,5,10,1800.0,1293.87,506.13,1,0.0,0
8180,1025,20,6,40,1397.25,966.75,430.5,3,0.1,0
8181,303,24,7,21,2415.0,1385.05,1029.95,5,0.0,0
8182,807,21,7,28,72.29,41.49,30.8,3,0.1,0
8183,447,26,8,17,10.47,7.32,3.15,1,0.2,0
8184,119,29,2,7,29.26,17.54,11.72,1,0.05,0
8185,561,27,5,16,111.15,68.85,42.3,2,0.05,0
8186,644,3,9,39,3737.5,2535.32,1202.18,5,0.0,0
8187,677,28,6,5,164.16,93.99,70.17,4,0.1,0
8188,489,13,10,36,127.5,93.03,34.47,1,0.15,0
8189,526,18,10,14,617.5,415.83,201.67,1,0.0,0
8190,96,20,2,3,239.4,159.75,79.65,1,0.05,0
8191,192,20,9,45,810.0,596.88,213.12,2,0.0,1
8192,391,3,7,31,2860.0,1669.35,1190.65,5,0.2,0
8193,590,1,4,46,1083.0,670.81,412.19,1,0.05,0
8194,56,21,7,18,42.52,24.37,18.15,1,0.1,0
8195,226,2,10,7,9576.0,5986.62,3589.38,4,0.1,0
8196,668,20,3,2,2458.12,1513.3,944.82,5,0.05,0
8197,593,19,5,23,2907.0,1908.73,998.27,3,0.15,0
8198,175,17,6,47,1371.8,955.57,416.23,4,0.05,0
8199,504,9,8,33,256.0,148.37,107.63,1,0.2,1
8200,1060,18,9,47,780.0,502.16,277.84,1,0.0,1
8201,770,23,4,12,89.25,59.77,29.48,1,0.0,0
8202,447,1,8,41,3570.0,2294.96,1275.04,5,0.0,0
8203,512,23,3,21,229.5,151.21,78.29,3,0.1,0
8204,239,6,8,30,1824.0,1325.21,498.79,4,0.0,0
8205,61,15,9,18,5610.0,3380.88,2229.12,3,0.0,0
8206,40,2,5,43,4704.0,3508.1,1195.9,2,0.2,0
8207,843,11,8,6,2880.0,1731.81,1148.19,2,0.0,0
8208,618,26,8,37,72.6,48.57,24.03,3,0.0,0
8209,37,28,2,43,119.7,82.42,37.28,3,0.0,0
8210,44,11,5,42,5670.0,4089.21,1580.79,3,0.0,0
8211,767,5,2,27,11025.0,7280.15,3744.85,3,0.0,0
8212,936,27,4,38,55.58,40.58,15.0,1,0.05,0
8213,824,16,6,45,1254.4,754.34,500.06,2,0.2,0
8214,29,27,4,7,203.78,136.09,67.69,3,0.05,0
8215,829,30,6,36,67.2,50.37,16.83,1,0.0,0
8216,120,26,8,29,61.6,39.25,22.35,5,0.0,0
8217,864,24,9,4,378.0,218.41,159.59,1,0.1,0
8218,246,25,7,27,77.0,55.54,21.46,2,0.0,0
8219,469,12,3,27,3640.0,2337.69,1302.31,1,0.0,0
8220,917,6,7,22,1166.4,657.23,509.17,3,0.1,1
8221,261,26,7,7,48.4,32.97,15.43,2,0.0,0
8222,280,27,8,1,63.54,47.49,16.05,1,0.15,1
8223,263,7,4,42,9724.0,6569.06,3154.94,2,0.15,0
8224,341,11,4,3,5832.0,4371.08,1460.92,3,0.2,0
8225,965,24,5,2,1596.0,1051.62,544.38,4,0.0,0
8226,763,8,4,8,934.5,589.41,345.09,1,0.0,0
8227,451,11,7,12,5087.25,3143.4,1943.85,5,0.05,0
8228,1043,9,9,16,729.6,443.26,286.34,2,0.05,0
8229,706,5,10,27,14175.0,10493.01,3681.99,3,0.0,0
8230,130,13,7,13,750.0,520.3,229.7,5,0.0,0
8231,272,6,2,28,2244.0,1584.92,659.08,5,0.15,0
8232,7,4,9,10,968.0,668.07,299.93,1,0.2,1
8233,685,11,8,17,2160.0,1597.5,562.5,1,0.0,0
8234,206,6,2,35,2160.0,1603.87,556.13,5,0.0,0
8235,595,1,2,31,4845.0,2734.89,2110.11,5,0.15,1
8236,546,23,6,41,230.14,167.8,62.34,3,0.05,0
8237,772,5,6,13,13965.0,10008.12,3956.88,4,0.05,0
8238,252,24,3,3,924.0,688.41,235.59,2,0.0,0
8239,983,23,5,8,374.0,234.17,139.83,4,0.0,1
8240,354,7,1,4,14040.0,8543.48,5496.52,2,0.0,0
8241,474,15,2,26,4928.0,2935.11,1992.89,4,0.0,0
8242,395,24,6,6,2079.0,1401.33,677.67,5,0.1,0
8243,328,30,2,5,144.0,83.04,60.96,1,0.0,1
8244,332,15,1,40,13200.0,9175.15,4024.85,5,0.0,0
8245,965,14,5,9,76.71,56.78,19.93,1,0.15,0
8246,239,24,2,32,798.0,445.3,352.7,2,0.0,0
8247,235,1,5,26,1140.0,814.12,325.88,1,0.0,0
8248,96,10,10,22,595.84,391.45,204.39,4,0.05,0
8249,710,3,1,13,3510.0,2349.71,1160.29,5,0.2,0
8250,372,5,8,50,19250.0,13767.68,5482.32,5,0.0,1
8251,17,6,6,14,1056.0,637.37,418.63,2,0.0,0
8252,46,16,7,39,5880.0,3778.08,2101.92,4,0.0,0
8253,645,10,4,37,869.4,644.22,225.18,3,0.1,0
8254,205,9,7,16,288.0,208.72,79.28,1,0.0,0
8255,702,22,4,17,151.2,100.76,50.44,4,0.0,0
8256,135,3,7,3,3250.0,2228.88,1021.12,5,0.0,0
8257,247,18,3,10,1430.0,970.37,459.63,2,0.0,0
8258,556,21,10,19,115.43,81.7,33.73,3,0.05,0
8259,619,18,5,34,1716.0,1171.98,544.02,3,0.2,0
8260,636,10,6,6,924.0,530.02,393.98,3,0.0,0
8261,288,20,10,6,1552.5,971.69,580.81,3,0.0,0
8262,132,8,4,38,890.0,531.21,358.79,1,0.0,0
8263,903,13,5,43,570.0,420.87,149.13,4,0.0,0
8264,721,11,5,24,4860.0,3377.11,1482.89,2,0.0,0
8265,426,15,3,1,5984.0,3852.02,2131.98,4,0.2,0
8266,446,2,10,44,8568.0,4757.62,3810.38,4,0.1,0
8267,438,9,7,36,1088.0,609.47,478.53,4,0.0,0
8268,435,19,2,39,816.0,556.4,259.6,1,0.2,0
8269,390,18,3,34,2860.0,1620.96,1239.04,5,0.2,0
8270,432,29,6,1,187.0,126.13,60.87,4,0.0,0
8271,660,11,1,24,1966.5,1281.94,684.56,1,0.05,0
8272,178,9,7,9,1094.4,674.95,419.45,4,0.1,0
8273,834,6,2,31,1536.0,1052.13,483.87,4,0.0,0
8274,363,10,4,33,378.0,228.25,149.75,1,0.0,0
8275,719,3,5,38,4168.12,2578.36,1589.76,5,0.05,0
8276,143,10,5,25,560.0,368.94,191.06,2,0.0,0
8277,582,11,1,6,2907.0,1681.57,1225.43,2,0.15,0
8278,1068,21,9,20,303.75,179.48,124.27,5,0.0,0
8279,110,12,10,16,3276.0,2177.84,1098.16,1,0.1,0
8280,480,1,10,45,1632.0,1198.67,433.33,2,0.15,0
8281,82,6,5,5,1550.4,979.09,571.31,4,0.05,0
8282,899,2,7,34,4522.0,2982.25,1539.75,2,0.15,0
8283,775,23,7,29,267.75,183.87,83.88,3,0.0,0
8284,15,20,8,32,990.0,681.28,308.72,2,0.0,0
8285,839,6,6,43,1920.0,1283.03,636.97,5,0.0,0
8286,290,3,4,24,2242.5,1256.61,985.89,3,0.0,0
8287,455,9,4,28,542.64,345.07,197.57,3,0.05,0
8288,127,14,8,41,270.75,165.07,105.68,3,0.05,0
8289,177,9,9,12,608.0,343.4,264.6,2,0.0,0
8290,677,25,8,12,33.6,20.81,12.79,1,0.2,0
8291,466,6,2,26,1075.2,661.11,414.09,5,0.2,0
8292,650,1,3,25,6900.0,4896.87,2003.13,5,0.0,0
8293,1071,27,4,47,351.0,225.52,125.48,4,0.0,0
8294,1030,10,10,37,579.6,336.14,243.46,2,0.1,0
8295,1090,21,9,47,230.85,150.3,80.55,4,0.05,0
8296,201,1,7,41,2592.0,1886.59,705.41,3,0.2,0
8297,1086,12,5,20,17550.0,10754.68,6795.32,2,0.0,0
8298,871,4,5,49,1045.0,748.0,297.0,1,0.05,1
8299,479,21,8,2,122.4,71.28,51.12,4,0.15,1
8300,286,29,1,3,189.75,111.32,78.43,3,0.0,0
8301,10,29,8,37,302.5,202.8,99.7,5,0.0,0
8302,1050,28,2,4,123.12,76.81,46.31,3,0.1,0
8303,713,25,10,2,113.4,68.39,45.01,3,0.2,1
8304,607,18,8,34,1574.62,879.91,694.71,3,0.15,0
8305,630,16,2,17,1309.0,854.05,454.95,1,0.15,0
8306,1062,15,8,37,6336.0,4480.66,1855.34,3,0.2,0
8307,821,20,10,11,481.95,276.12,205.83,2,0.1,0
8308,935,21,10,3,38.48,25.43,13.05,1,0.05,0
8309,29,10,8,26,616.0,340.21,275.79,2,0.0,0
8310,635,16,10,7,4620.0,3376.09,1243.91,3,0.0,0
8311,381,25,9,20,73.15,53.1,20.05,2,0.05,1
8312,1005,27,8,18,71.01,43.83,27.18,1,0.05,0
8313,574,30,7,48,345.6,256.63,88.97,4,0.2,0
8314,859,7,8,7,20800.0,12424.06,8375.94,4,0.0,0
8315,233,4,7,34,2821.5,2009.39,812.11,3,0.1,1
8316,284,10,2,32,305.9,200.19,105.71,1,0.05,0
8317,336,11,7,41,4860.0,3384.6,1475.4,2,0.0,0
8318,665,3,1,8,747.5,435.87,311.63,1,0.0,1
8319,1072,7,2,18,29835.0,21022.58,8812.42,5,0.15,0
8320,110,3,2,48,728.0,517.84,210.16,2,0.0,0
8321,626,15,5,45,12100.0,9063.5,3036.5,5,0.0,0
8322,894,4,10,18,2090.0,1475.0,615.0,2,0.0,0
8323,139,6,5,21,2400.0,1446.07,953.93,5,0.0,0
8324,18,17,1,48,1672.0,1115.11,556.89,4,0.0,0
8325,744,15,5,47,4598.0,3167.03,1430.97,2,0.05,0
8326,563,6,5,44,1728.0,1277.8,450.2,4,0.0,0
8327,222,21,6,43,121.84,76.9,44.94,3,0.05,0
8328,270,30,1,31,237.6,152.5,85.1,2,0.1,0
8329,483,23,2,47,289.0,184.25,104.75,5,0.15,0
8330,841,23,4,14,163.2,113.68,49.52,3,0.2,0
8331,901,12,1,36,11115.0,8099.66,3015.34,2,0.1,0
8332,412,17,6,25,1795.5,1004.01,791.49,5,0.1,0
8333,621,9,1,10,1267.2,747.69,519.51,4,0.1,0
8334,776,18,5,40,2047.5,1406.49,641.01,3,0.0,0
8335,601,26,8,39,20.9,12.69,8.21,1,0.0,0
8336,710,8,8,41,6007.5,3785.68,2221.82,5,0.0,0
8337,884,1,9,50,2280.0,1565.66,714.34,2,0.0,0
8338,34,1,3,39,4536.0,2502.57,2033.43,4,0.1,0
8339,285,21,5,28,131.96,80.85,51.11,3,0.15,0
8340,302,5,3,11,4025.0,2627.54,1397.46,1,0.0,0
8341,43,7,6,35,8736.0,6501.36,2234.64,2,0.2,0
8342,307,8,3,32,2136.0,1305.08,830.92,2,0.0,0
8343,147,29,7,4,275.0,181.84,93.16,5,0.0,1
8344,167,9,9,38,1520.0,1000.75,519.25,5,0.0,0
8345,337,7,4,9,12636.0,9323.94,3312.06,2,0.1,0
8346,810,4,10,38,3108.88,1760.3,1348.58,5,0.05,0
8347,193,25,9,26,63.0,46.45,16.55,2,0.0,1
8348,492,21,4,29,114.75,84.8,29.95,3,0.15,0
8349,166,25,5,23,79.8,48.71,31.09,3,0.2,0
8350,317,16,1,46,1344.0,810.2,533.8,1,0.2,0
8351,1009,26,5,50,75.9,55.54,20.36,3,0.0,0
8352,927,7,1,14,18720.0,12224.57,6495.43,4,0.0,0
8353,107,17,4,29,510.72,303.6,207.12,3,0.2,0
8354,107,13,1,42,420.0,231.17,188.83,5,0.0,1
8355,999,8,7,48,3720.2,2611.92,1108.28,4,0.05,1
8356,729,19,9,29,6480.0,4506.44,1973.56,4,0.0,1
8357,650,15,4,15,5060.0,3790.77,1269.23,2,0.0,0
8358,1022,25,10,3,80.5,52.88,27.62,2,0.0,1
8359,597,26,1,21,75.24,52.39,22.85,4,0.1,0
8360,940,13,2,40,256.5,189.25,67.25,2,0.05,1
8361,246,5,1,30,16362.5,10311.04,6051.46,5,0.15,0
8362,74,29,10,40,140.25,81.62,58.63,3,0.0,0
8363,931,11,7,8,5508.0,3299.79,2208.21,4,0.15,1
8364,310,2,2,31,3360.0,1923.49,1436.51,1,0.0,0
8365,677,11,7,30,6912.0,4208.42,2703.58,4,0.2,0
8366,230,2,7,30,6384.0,3890.53,2493.47,3,0.2,0
8367,1041,19,1,46,5760.0,3975.54,1784.46,4,0.0,0
8368,1007,17,9,4,874.0,622.3,251.7,2,0.0,1
8369,278,8,1,1,5117.5,3044.25,2073.25,5,0.0,0
8370,1093,16,2,50,4819.5,2952.41,1867.09,3,0.15,0
8371,402,20,4,4,850.5,628.21,222.29,2,0.1,1
8372,390,25,6,18,77.0,55.08,21.92,2,0.0,0
8373,451,4,3,46,3272.5,2320.85,951.65,5,0.0,0
8374,555,18,9,41,2925.0,2059.88,865.12,5,0.0,0
8375,748,19,10,30,2640.0,1818.54,821.46,2,0.0,0
8376,273,28,8,34,37.62,25.13,12.49,1,0.1,1
8377,482,29,10,35,176.0,127.57,48.43,4,0.0,0
8378,80,14,3,2,230.14,164.8,65.34,3,0.05,0
8379,403,30,1,50,226.8,127.62,99.18,2,0.1,0
8380,139,30,10,49,324.0,203.66,120.34,3,0.1,0
8381,778,23,10,35,285.6,206.96,78.64,4,0.2,0
8382,562,19,2,8,5400.0,3058.4,2341.6,5,0.0,0
8383,539,22,3,29,53.2,32.82,20.38,2,0.0,0
8384,31,24,2,33,415.8,269.8,146.0,1,0.1,0
8385,618,6,4,2,1056.0,716.11,339.89,2,0.0,0
8386,369,16,6,11,1309.0,809.97,499.03,1,0.15,1
8387,998,25,3,16,30.8,17.68,13.12,1,0.2,0
8388,589,3,7,25,1111.5,646.6,464.9,2,0.1,0
8389,749,26,10,29,45.98,29.34,16.64,2,0.05,0
8390,1043,23,5,27,102.0,59.95,42.05,1,0.0,1
8391,808,30,6,41,285.6,208.29,77.31,4,0.0,0
8392,781,26,9,15,58.91,40.02,18.89,3,0.15,1
8393,1033,16,2,28,3864.0,2880.32,983.68,3,0.2,0
8394,258,19,2,49,5016.0,3513.09,1502.91,4,0.05,0
8395,40,11,4,49,9450.0,6925.11,2524.89,5,0.0,1
8396,132,3,1,2,617.5,444.56,172.94,1,0.05,0
8397,485,29,2,34,74.8,47.25,27.55,2,0.15,0
8398,513,3,10,35,2210.0,1544.84,665.16,4,0.15,0
8399,376,6,6,4,2640.0,1781.73,858.27,5,0.0,0
8400,308,6,8,17,1382.4,862.38,520.02,3,0.2,0
8401,717,24,5,50,1615.95,1194.9,421.05,3,0.05,0
8402,1013,23,10,12,293.25,208.04,85.21,3,0.0,0
8403,942,30,2,30,324.0,204.64,119.36,3,0.0,0
8404,794,15,10,50,7947.5,4785.74,3161.76,5,0.15,0
8405,770,4,4,31,4158.0,3096.6,1061.4,4,0.1,0
8406,392,15,7,6,12100.0,7422.5,4677.5,5,0.0,0
8407,419,30,1,35,453.6,327.46,126.14,4,0.1,0
8408,60,20,2,12,1912.5,1119.26,793.24,5,0.0,0
8409,331,29,7,14,158.4,116.09,42.31,3,0.2,0
8410,229,12,7,31,6175.0,3609.89,2565.11,1,0.0,1
8411,351,6,6,49,583.2,344.06,239.14,1,0.1,0
8412,268,26,9,19,72.6,47.01,25.59,3,0.0,0
8413,377,29,9,17,51.43,37.49,13.94,1,0.15,0
8414,727,29,3,4,74.25,44.48,29.77,1,0.0,0
8415,143,18,3,33,650.0,395.41,254.59,1,0.0,1
8416,814,22,7,28,59.98,35.46,24.52,4,0.1,0
8417,200,16,3,39,3780.0,2543.96,1236.04,3,0.0,0
8418,974,12,2,14,23465.0,17066.26,6398.74,4,0.05,0
8419,529,17,2,20,306.85,205.31,101.54,1,0.15,0
8420,205,18,5,21,526.5,305.72,220.78,1,0.1,0
8421,557,20,7,23,648.0,422.86,225.14,2,0.2,0
8422,538,2,6,26,13300.0,9320.09,3979.91,5,0.0,0
8423,439,23,5,4,72.25,51.81,20.44,1,0.0,0
8424,358,18,8,46,3948.75,2546.03,1402.72,5,0.1,0
8425,696,16,6,4,3360.0,2074.01,1285.99,2,0.0,0
8426,241,22,3,49,50.54,29.5,21.04,2,0.05,0
8427,585,22,10,24,67.83,37.47,30.36,3,0.15,0
8428,928,19,6,35,2160.0,1296.59,863.41,2,0.0,0
8429,902,5,4,40,12635.0,8634.68,4000.32,4,0.05,0
8430,23,15,6,6,9680.0,6376.16,3303.84,4,0.0,0
8431,371,13,8,40,495.0,332.53,162.47,3,0.0,0
8432,79,15,4,30,3740.0,2518.72,1221.28,2,0.0,0
8433,1024,13,5,35,172.5,108.67,63.83,1,0.0,0
8434,729,10,5,2,680.4,385.08,295.32,2,0.1,1
8435,742,13,6,2,420.75,275.39,145.36,3,0.15,0
8436,146,21,5,37,72.0,41.43,30.57,2,0.2,0
8437,672,23,7,3,204.0,146.37,57.63,2,0.0,0
8438,731,29,2,6,193.6,118.1,75.5,4,0.2,1
8439,1047,21,7,13,194.4,116.35,78.05,4,0.1,0
8440,95,12,9,17,14560.0,9389.96,5170.04,4,0.0,0
8441,539,8,6,43,803.22,501.95,301.27,1,0.05,0
8442,897,6,7,5,410.4,280.99,129.41,1,0.1,0
8443,814,7,2,49,8817.9,6052.91,2764.99,3,0.05,1
8444,213,25,3,27,99.75,65.39,34.36,3,0.0,0
8445,997,12,6,33,21450.0,15605.78,5844.22,3,0.0,0
8446,977,18,9,6,2431.0,1540.89,890.11,4,0.15,0
8447,829,11,2,7,4536.0,3363.57,1172.43,5,0.1,1
8448,913,10,5,46,1008.0,713.91,294.09,4,0.0,0
8449,927,17,6,19,974.7,591.68,383.02,3,0.05,0
8450,947,1,7,3,4560.0,3089.61,1470.39,5,0.2,0
8451,695,18,9,43,1560.0,1026.57,533.43,2,0.0,0
8452,849,10,4,11,761.6,474.5,287.1,4,0.15,0
8453,146,24,6,28,1260.0,812.14,447.86,3,0.0,0
8454,173,30,6,25,216.6,136.5,80.1,2,0.05,0
8455,167,18,1,24,1173.25,876.91,296.34,2,0.05,0
8456,55,2,9,21,8379.0,5007.56,3371.44,3,0.05,0
8457,569,30,7,3,367.2,231.47,135.73,4,0.15,0
8458,412,28,3,16,159.6,98.28,61.32,4,0.0,0
8459,432,17,9,13,646.0,439.79,206.21,2,0.0,0
8460,510,21,3,23,121.5,74.72,46.78,3,0.1,0
8461,338,17,3,48,410.4,258.04,152.36,1,0.2,0
8462,426,9,8,40,924.8,650.85,273.95,4,0.15,0
8463,44,1,3,35,1260.0,702.89,557.11,1,0.0,0
8464,344,24,7,26,1814.4,1030.59,783.81,4,0.2,0
8465,1041,23,9,26,306.0,210.78,95.22,3,0.0,1
8466,143,13,3,32,480.0,303.74,176.26,4,0.2,0
8467,605,30,3,23,91.2,51.71,39.49,1,0.2,0
8468,239,12,4,24,11732.5,7221.82,4510.68,2,0.05,0
8469,321,16,2,38,5376.0,3381.65,1994.35,4,0.2,0
8470,239,13,3,19,256.5,179.67,76.83,2,0.1,0
8471,1087,1,2,43,1296.0,907.5,388.5,1,0.2,1
8472,92,4,8,30,1848.0,1162.85,685.15,3,0.0,0
8473,607,18,7,17,3087.5,1999.08,1088.42,5,0.0,0
8474,934,18,4,7,1170.0,695.6,474.4,2,0.0,0
8475,464,9,10,32,716.8,409.01,307.79,4,0.0,0
8476,147,21,1,49,85.5,52.98,32.52,2,0.05,0
8477,778,9,9,47,1142.4,716.17,426.23,4,0.15,0
8478,383,30,4,40,448.8,325.15,123.65,4,0.15,0
8479,268,15,9,26,2420.0,1724.11,695.89,1,0.0,0
8480,847,7,6,24,10608.0,7248.23,3359.77,3,0.15,0
8481,290,3,10,43,2990.0,1692.9,1297.1,5,0.2,1
8482,713,5,6,13,12757.5,7948.75,4808.75,3,0.1,1
8483,172,25,10,25,99.75,66.22,33.53,3,0.0,0
8484,690,26,10,19,79.2,54.3,24.9,3,0.0,0
8485,206,9,6,10,288.0,166.28,121.72,1,0.0,0
8486,420,17,9,43,1596.0,1079.4,516.6,4,0.0,0
8487,880,1,5,9,1200.0,889.49,310.51,1,0.0,0
8488,13,2,5,27,14630.0,9827.71,4802.29,5,0.05,0
8489,166,2,1,34,7182.0,4570.07,2611.93,3,0.1,0
8490,711,22,6,46,128.52,83.98,44.54,4,0.15,0
8491,375,6,10,4,1267.2,764.45,502.75,3,0.2,0
8492,943,3,1,23,2223.0,1318.16,904.84,4,0.05,0
8493,444,23,7,49,289.0,160.85,128.15,5,0.2,1
8494,779,9,9,42,1344.0,931.37,412.63,4,0.0,0
8495,1075,25,4,36,200.81,146.04,54.77,5,0.15,1
8496,170,15,6,41,4180.0,2553.28,1626.72,2,0.0,0
8497,82,10,9,13,202.3,149.67,52.63,1,0.15,0
8498,947,29,4,11,156.75,92.9,63.85,3,0.0,0
8499,629,7,9,15,9724.0,6941.01,2782.99,2,0.15,0
8500,331,28,3,22,43.32,31.38,11.94,1,0.05,0
8501,1085,7,8,16,14040.0,10128.01,3911.99,2,0.0,0
8502,842,9,7,31,614.4,454.54,159.86,3,0.2,0
8503,116,26,10,21,36.96,24.33,12.63,3,0.0,0
8504,127,7,10,32,4160.0,2324.29,1835.71,1,0.2,1
8505,41,9,5,14,672.0,418.46,253.54,2,0.0,0
8506,110,27,10,38,58.24,34.99,23.25,2,0.2,0
8507,838,23,1,4,323.0,234.31,88.69,5,0.05,0
8508,598,22,9,26,79.8,52.21,27.59,3,0.0,0
8509,334,12,3,30,29640.0,19399.8,10240.2,4,0.05,0
8510,751,23,7,50,280.5,208.63,71.87,3,0.0,0
8511,1013,16,6,2,1449.0,857.86,591.14,1,0.1,0
8512,268,23,7,29,252.45,152.95,99.5,3,0.1,0
8513,355,3,7,25,789.75,586.14,203.61,1,0.1,0
8514,391,17,2,18,1881.0,1203.87,677.13,5,0.1,0
8515,372,24,1,47,785.4,481.94,303.46,2,0.15,1
8516,921,20,4,8,810.0,453.72,356.28,2,0.0,0
8517,1060,13,4,25,288.0,171.59,116.41,2,0.2,0
8518,1005,11,6,14,3519.0,2264.1,1254.9,2,0.15,0
8519,990,15,7,14,1936.0,1364.49,571.51,1,0.2,1
8520,656,18,6,33,1420.25,1031.81,388.44,2,0.05,0
8521,730,10,7,40,1890.0,1170.02,719.98,5,0.0,0
8522,1003,8,1,41,1664.3,1079.01,585.29,2,0.15,0
8523,657,17,2,18,1114.35,805.49,308.86,3,0.15,1
8524,1074,28,4,27,243.68,154.0,89.68,5,0.05,0
8525,943,11,1,21,6480.0,3692.49,2787.51,4,0.0,0
8526,724,12,2,3,35100.0,24967.32,10132.68,4,0.0,0
8527,252,18,9,26,2860.0,1791.01,1068.99,5,0.2,0
8528,763,18,9,39,682.5,441.99,240.51,1,0.0,0
8529,898,27,3,38,247.0,176.54,70.46,4,0.0,0
8530,850,17,4,42,304.0,213.31,90.69,1,0.0,0
8531,535,6,1,25,456.0,309.08,146.92,1,0.0,1
8532,198,13,10,50,513.0,344.75,168.25,4,0.05,0
8533,506,11,3,26,7200.0,4140.54,3059.46,5,0.2,1
8534,138,20,5,46,1800.0,1199.51,600.49,4,0.0,0
8535,269,22,4,12,104.72,59.8,44.92,4,0.15,1
8536,971,26,4,9,59.56,37.11,22.45,3,0.05,0
8537,247,6,4,3,844.8,515.21,329.59,2,0.2,0
8538,126,11,7,46,4320.0,2552.56,1767.44,3,0.2,1
8539,168,15,3,50,1776.5,997.48,779.02,1,0.15,0
8540,810,7,2,5,13149.5,8248.11,4901.39,5,0.15,1
8541,932,28,1,42,30.78,20.24,10.54,1,0.1,0
8542,429,12,1,44,16575.0,12172.89,4402.11,3,0.0,0
8543,389,4,9,7,2420.0,1402.93,1017.07,2,0.0,0
8544,908,1,10,38,4560.0,2741.39,1818.61,4,0.0,0
8545,733,21,1,22,126.23,69.59,56.64,3,0.15,1
8546,844,9,8,8,1024.0,702.82,321.18,5,0.2,0
8547,553,7,7,36,4680.0,2656.51,2023.49,1,0.0,0
8548,480,25,10,19,119.0,65.65,53.35,5,0.15,0
8549,274,25,1,29,161.0,96.61,64.39,5,0.2,1
8550,1061,9,6,35,1152.0,674.33,477.67,3,0.0,0
8551,991,13,1,9,148.5,110.89,37.61,1,0.1,0
8552,889,28,8,9,108.3,69.28,39.02,3,0.0,0
8553,582,9,5,23,258.4,183.7,74.7,1,0.15,0
8554,902,16,5,42,2660.0,1852.73,807.27,2,0.0,0
8555,394,1,7,14,3960.0,2336.32,1623.68,3,0.0,0
8556,211,1,9,17,2160.0,1379.96,780.04,2,0.0,0
8557,709,9,3,15,1728.0,1067.08,660.92,4,0.0,0
8558,935,5,5,34,11340.0,7640.18,3699.82,4,0.1,0
8559,397,6,3,22,1008.0,559.7,448.3,2,0.0,1
8560,373,15,8,17,8228.0,5478.39,2749.61,4,0.15,0
8561,1061,9,8,8,729.6,530.69,198.91,2,0.05,0
8562,1012,29,8,47,189.75,110.54,79.21,3,0.0,0
8563,329,24,1,3,1512.0,1023.29,488.71,3,0.0,0
8564,576,5,1,13,5355.0,3831.54,1523.46,2,0.15,0
8565,432,18,5,24,1105.0,792.43,312.57,2,0.0,0
8566,257,4,6,43,4840.0,3187.66,1652.34,4,0.0,0
8567,851,19,5,41,1824.0,1321.09,502.91,2,0.05,0
8568,623,20,2,39,2351.25,1548.07,803.18,5,0.05,0
8569,234,27,4,46,185.25,131.58,53.67,3,0.0,0
8570,508,23,3,39,323.0,209.78,113.22,4,0.05,0
8571,646,19,5,10,6900.0,3917.46,2982.54,5,0.0,0
8572,1076,22,7,7,143.64,90.49,53.15,4,0.05,0
8573,614,6,9,3,2640.0,1503.43,1136.57,5,0.0,0
8574,231,13,9,12,384.75,272.68,112.07,3,0.1,0
8575,730,22,5,43,189.0,106.62,82.38,5,0.0,0
8576,534,29,1,28,133.24,80.48,52.76,3,0.15,0
8577,724,4,3,28,5049.0,3423.74,1625.26,4,0.15,0
8578,561,20,1,30,972.0,578.47,393.53,3,0.2,0
8579,1052,8,5,24,4272.0,3051.52,1220.48,4,0.0,0
8580,619,22,10,21,98.56,60.73,37.83,4,0.2,0
8581,1090,5,3,46,7560.0,4237.7,3322.3,2,0.2,0
8582,614,16,7,3,4158.0,2641.91,1516.09,3,0.1,0
8583,746,22,7,6,61.6,40.84,20.76,2,0.0,0
8584,448,8,5,17,529.55,331.7,197.85,1,0.0,0
8585,788,19,4,33,6300.0,3933.25,2366.75,5,0.0,0
8586,207,26,5,42,99.0,72.78,26.22,5,0.0,1
8587,694,21,3,40,48.6,35.81,12.79,1,0.1,0
8588,165,23,7,45,383.56,245.3,138.26,5,0.05,0
8589,540,25,8,34,106.4,69.71,36.69,4,0.2,0
8590,269,1,8,5,6600.0,4917.88,1682.12,5,0.0,0
8591,519,9,2,43,1520.0,955.74,564.26,5,0.0,0
8592,169,17,8,44,306.85,175.76,131.09,1,0.15,0
8593,947,9,1,23,912.0,606.97,305.03,3,0.0,0
8594,613,23,10,35,238.43,168.74,69.69,3,0.15,0
8595,986,10,3,25,308.0,177.47,130.53,1,0.0,1
8596,636,1,5,23,1320.0,946.35,373.65,1,0.0,0
8597,674,28,9,37,77.52,49.77,27.75,2,0.15,0
8598,102,24,4,23,799.68,483.98,315.7,4,0.15,1
8599,239,2,1,20,13300.0,7993.88,5306.12,5,0.0,0
8600,247,29,3,35,181.5,124.06,57.44,3,0.0,0
8601,938,29,3,26,99.0,67.37,31.63,2,0.0,0
8602,147,1,9,28,4560.0,3274.76,1285.24,4,0.05,0
8603,265,24,10,23,1663.2,920.9,742.3,4,0.1,0
8604,571,22,1,25,75.6,52.85,22.75,3,0.0,0
8605,456,28,6,37,106.4,75.72,30.68,5,0.0,0
8606,994,13,10,43,148.5,103.0,45.5,1,0.1,0
8607,1062,23,5,5,204.0,118.26,85.74,2,0.0,0
8608,778,2,6,39,4704.0,3057.37,1646.63,2,0.2,0
8609,300,15,3,15,7590.0,4768.58,2821.42,3,0.0,0
8610,430,13,2,8,204.0,151.11,52.89,2,0.2,0
8611,1094,16,1,46,5386.5,3073.15,2313.35,3,0.05,0
8612,332,27,10,33,222.3,154.85,67.45,3,0.05,1
8613,1032,16,1,48,1449.0,921.75,527.25,1,0.1,0
8614,547,13,10,40,364.5,218.32,146.18,3,0.1,0
8615,1050,28,6,26,45.6,29.04,16.56,1,0.0,0
8616,694,18,7,30,2808.0,1883.24,924.76,4,0.1,0
8617,281,10,10,29,772.8,458.33,314.47,3,0.2,0
8618,465,21,7,5,113.4,75.14,38.26,5,0.1,0
8619,45,8,9,45,3738.0,2528.67,1209.33,4,0.0,0
8620,585,5,4,26,16625.0,10638.07,5986.93,5,0.0,0
8621,448,15,2,30,1178.1,750.05,428.05,1,0.1,0
8622,44,15,5,26,1963.5,1137.49,826.01,1,0.15,0
8623,848,11,5,21,5760.0,3668.09,2091.91,4,0.0,0
8624,790,24,4,26,749.7,495.08,254.62,2,0.15,0
8625,428,30,10,10,204.0,120.8,83.2,2,0.0,0
8626,582,25,3,7,33.25,21.56,11.69,1,0.0,0
8627,381,29,1,20,287.38,190.41,96.97,5,0.05,0
8628,441,16,1,49,1190.0,709.66,480.34,1,0.0,0
8629,917,27,10,48,99.45,64.53,34.92,2,0.15,0
8630,711,20,1,6,1093.5,629.82,463.68,2,0.1,0
8631,266,20,3,2,495.0,292.95,202.05,1,0.0,0
8632,586,11,8,18,1453.5,959.99,493.51,1,0.15,0
8633,968,23,5,39,80.75,60.27,20.48,1,0.0,0
8634,276,7,7,38,20332.0,12451.91,7880.09,4,0.15,0
8635,303,25,7,36,80.5,48.12,32.38,2,0.0,0
8636,40,23,4,16,446.25,319.57,126.68,5,0.0,1
8637,934,24,4,45,1512.0,922.07,589.93,4,0.0,1
8638,582,16,7,5,6650.0,4834.84,1815.16,5,0.0,1
8639,862,3,6,35,585.0,334.76,250.24,1,0.1,0
8640,816,23,10,39,128.97,94.1,34.87,3,0.15,0
8641,378,6,4,5,2508.0,1752.22,755.78,5,0.05,0
8642,703,23,9,38,195.08,132.64,62.44,2,0.15,0
8643,80,22,9,39,101.15,57.15,44.0,5,0.15,0
8644,325,8,3,47,1815.6,1323.53,492.07,2,0.15,0
8645,1020,10,8,34,515.2,286.93,228.27,2,0.2,0
8646,633,9,2,1,1584.0,935.65,648.35,5,0.1,0
8647,552,9,3,22,547.2,332.87,214.33,2,0.05,0
8648,615,3,8,33,1930.5,1163.29,767.21,3,0.1,0
8649,89,5,4,38,5355.0,3663.19,1691.81,2,0.1,0
8650,114,20,2,24,1008.0,674.79,333.21,4,0.0,0
8651,599,21,4,48,203.06,142.92,60.14,5,0.05,0
8652,359,30,4,20,162.0,110.79,51.21,1,0.0,0
8653,617,5,6,3,10395.0,7145.24,3249.76,3,0.1,0
8654,115,30,7,49,127.68,91.66,36.02,2,0.05,0
8655,136,18,8,30,2080.0,1423.95,656.05,4,0.2,0
8656,850,3,8,28,2470.0,1705.25,764.75,5,0.05,0
8657,855,5,1,20,5600.0,3737.12,1862.88,2,0.2,0
8658,181,2,2,45,7980.0,4463.96,3516.04,3,0.0,0
8659,308,12,10,41,15600.0,8727.68,6872.32,2,0.0,0
8660,238,16,7,36,2128.0,1527.5,600.5,2,0.2,1
8661,656,29,3,33,316.25,236.25,80.0,5,0.0,0
8662,854,1,6,18,4320.0,2396.79,1923.21,4,0.1,0
8663,1037,10,10,48,856.8,642.58,214.22,3,0.15,0
8664,30,30,5,9,105.6,64.05,41.55,1,0.2,0
8665,45,29,9,29,259.88,185.65,74.23,5,0.1,0
8666,260,13,4,11,264.0,184.71,79.29,2,0.2,0
8667,606,4,4,15,2090.0,1380.24,709.76,2,0.0,0
8668,359,22,2,4,71.82,50.25,21.57,2,0.05,0
8669,291,8,4,21,5117.5,3017.59,2099.91,5,0.0,0
8670,49,14,3,30,254.36,144.1,110.26,3,0.15,0
8671,758,16,1,33,7700.0,4492.72,3207.28,5,0.0,1
8672,74,9,2,25,272.0,161.83,110.17,1,0.0,0
8673,451,26,5,38,11.13,7.8,3.33,1,0.15,0
8674,310,27,5,23,222.3,154.68,67.62,3,0.05,0
8675,605,24,4,13,798.0,482.35,315.65,2,0.0,0
8676,91,22,6,36,20.16,11.56,8.6,1,0.1,0
8677,717,8,6,1,4806.0,3222.25,1583.75,4,0.0,0
8678,69,24,10,39,963.9,542.29,421.61,3,0.1,0
8679,516,25,4,29,70.0,41.49,28.51,2,0.0,0
8680,420,23,9,25,267.75,168.84,98.91,3,0.0,0
8681,122,28,3,9,32.3,21.2,11.1,1,0.15,0
8682,609,25,8,44,163.62,95.0,68.62,5,0.15,0
8683,134,7,3,50,14820.0,9115.17,5704.83,3,0.05,0
8684,758,29,10,7,172.43,98.74,73.69,3,0.05,0
8685,235,24,5,3,1436.4,1049.89,386.51,4,0.1,1
8686,563,1,1,29,3456.0,1952.96,1503.04,4,0.2,0
8687,863,21,1,7,40.5,28.15,12.35,1,0.1,0
8688,225,28,8,16,86.64,58.17,28.47,3,0.2,0
8689,416,6,2,24,1512.0,1028.32,483.68,3,0.0,0
8690,951,28,6,13,34.3,25.6,8.7,1,0.05,0
8691,770,4,3,43,2310.0,1732.12,577.88,2,0.0,1
8692,97,2,3,21,7840.0,5086.61,2753.39,5,0.0,0
8693,172,18,4,22,524.88,293.42,231.46,1,0.15,0
8694,969,24,5,1,1795.5,1163.85,631.65,5,0.1,1
8695,1000,23,9,47,224.4,129.54,94.86,3,0.2,0
8696,167,21,9,44,36.34,26.05,10.29,1,0.15,0
8697,637,6,2,41,1425.6,823.85,601.75,3,0.1,0
8698,1046,10,2,25,571.2,345.97,225.23,2,0.15,0
8699,960,21,10,12,145.35,98.01,47.34,4,0.15,0
8700,408,20,3,1,1417.5,1014.56,402.94,3,0.0,0
8701,752,24,8,1,1108.8,688.57,420.23,3,0.2,0
8702,474,1,5,15,1814.4,1096.79,717.61,3,0.1,0
8703,1048,27,3,45,280.8,180.86,99.94,4,0.1,0
8704,490,22,8,14,28.0,18.93,9.07,1,0.0,0
8705,44,8,1,4,4672.5,3309.02,1363.48,5,0.0,0
8706,455,20,2,5,227.59,138.81,88.78,1,0.15,0
8707,766,19,8,35,5040.0,2844.43,2195.57,4,0.0,0
8708,441,9,9,20,816.0,602.06,213.94,3,0.0,0
8709,617,30,5,49,528.0,384.65,143.35,4,0.0,0
8710,1055,5,4,36,7560.0,5118.44,2441.56,2,0.1,0
8711,808,3,4,30,348.07,253.03,95.04,1,0.1,0
8712,60,16,4,10,4760.0,2910.81,1849.19,4,0.0,0
8713,703,10,3,35,1077.3,768.06,309.24,3,0.05,0
8714,440,25,9,29,59.5,35.22,24.28,2,0.0,0
8715,409,17,4,49,638.4,367.31,271.09,2,0.2,0
8716,536,8,3,31,2536.5,1476.23,1060.27,3,0.0,0
8717,663,20,3,17,1397.25,1027.52,369.73,3,0.1,0
8718,508,4,1,33,990.0,614.64,375.36,1,0.1,0
8719,49,27,6,48,68.25,40.75,27.5,1,0.0,0
8720,361,16,4,32,5103.0,2853.73,2249.27,3,0.1,0
8721,574,16,2,35,1071.0,632.29,438.71,1,0.15,0
8722,607,25,1,27,66.5,46.18,20.32,2,0.0,1
8723,195,8,4,23,2282.85,1341.92,940.93,3,0.05,0
8724,967,2,3,50,7980.0,4943.01,3036.99,3,0.0,0
8725,801,7,5,41,15470.0,11297.34,4172.66,5,0.0,0
8726,724,15,8,43,2673.0,1500.36,1172.64,1,0.1,0
8727,516,19,3,10,2160.0,1551.49,608.51,2,0.1,0
8728,280,18,6,45,635.38,382.37,253.01,1,0.15,0
8729,1050,25,3,50,168.0,103.05,64.95,4,0.0,0
8730,765,14,6,38,498.75,373.64,125.11,5,0.0,0
8731,880,28,4,15,121.6,83.65,37.95,4,0.2,0
8732,591,28,4,24,68.59,39.26,29.33,2,0.05,0
8733,808,8,1,32,450.12,325.34,124.78,1,0.15,0
8734,674,17,4,2,1368.0,963.48,404.52,3,0.0,1
8735,804,7,3,16,3094.0,1811.3,1282.7,1,0.0,0
8736,655,16,5,31,4105.5,2497.18,1608.32,3,0.15,0
8737,806,16,4,21,1666.0,1049.6,616.4,2,0.0,0
8738,611,2,3,33,14630.0,10401.13,4228.87,5,0.05,0
8739,434,25,10,14,80.32,55.28,25.04,3,0.1,0
8740,573,16,10,13,3780.0,2548.4,1231.6,3,0.0,0
8741,689,28,7,11,38.76,23.83,14.93,1,0.15,0
8742,854,5,7,30,3150.0,2071.81,1078.19,1,0.1,0
8743,324,30,7,48,576.0,327.15,248.85,4,0.0,0
8744,189,14,7,29,171.0,121.14,49.86,2,0.0,0
8745,938,21,8,23,202.5,144.23,58.27,5,0.0,0
8746,997,16,3,2,4620.0,2749.43,1870.57,3,0.0,0
8747,907,24,7,38,1436.4,819.1,617.3,4,0.1,0
8748,943,13,3,18,243.0,153.55,89.45,2,0.1,1
8749,822,8,1,3,1794.24,1177.25,616.99,4,0.1,1
8750,426,23,4,41,325.12,235.73,89.39,5,0.1,0
8751,1005,25,4,43,96.6,61.22,35.38,3,0.2,0
8752,153,4,9,30,4180.0,2385.52,1794.48,5,0.2,0
8753,785,21,10,34,179.55,106.65,72.9,4,0.05,0
8754,240,30,1,23,541.5,320.81,220.69,5,0.05,0
8755,844,17,6,1,273.6,166.58,107.02,1,0.1,0
8756,535,15,10,11,10450.0,7530.17,2919.83,5,0.0,0
8757,204,13,7,10,675.0,444.77,230.23,5,0.0,0
8758,272,19,7,35,5280.0,3587.66,1692.34,4,0.0,1
8759,1004,15,7,15,11495.0,7208.94,4286.06,5,0.05,0
8760,263,16,4,26,1540.0,1090.45,449.55,1,0.0,0
8761,754,1,5,1,6600.0,3780.8,2819.2,5,0.0,0
8762,1046,8,9,37,1068.0,601.57,466.43,1,0.0,0
8763,306,26,9,42,52.8,37.6,15.2,2,0.0,1
8764,961,20,1,32,1368.0,927.87,440.13,4,0.2,0
8765,1030,24,9,44,1932.0,1416.84,515.16,4,0.0,0
8766,849,23,2,27,272.0,151.78,120.22,4,0.0,0
8767,8,5,9,2,7700.0,5629.93,2070.07,2,0.0,0
8768,617,10,7,28,261.8,165.63,96.17,1,0.15,0
8769,737,18,7,26,2860.0,2058.81,801.19,4,0.0,0
8770,1020,27,1,20,134.55,95.87,38.68,2,0.1,0
8771,360,7,9,17,6318.0,4205.15,2112.85,1,0.1,0
8772,810,29,10,5,124.35,87.45,36.9,4,0.05,0
8773,749,15,8,19,4598.0,2721.73,1876.27,2,0.05,0
8774,537,2,8,2,7980.0,5136.68,2843.32,3,0.0,0
8775,274,14,5,25,262.2,151.64,110.56,3,0.2,1
8776,941,23,10,17,306.0,198.96,107.04,4,0.0,0
8777,160,23,7,27,403.75,261.64,142.11,5,0.0,0
8778,235,24,1,2,379.05,251.62,127.43,1,0.05,0
8779,785,22,1,4,58.8,32.5,26.3,2,0.0,0
8780,512,23,7,20,170.0,110.9,59.1,2,0.0,0
8781,704,11,3,10,2187.0,1338.79,848.21,1,0.1,0
8782,533,11,7,12,1710.0,1193.86,516.14,1,0.0,1
8783,347,12,5,42,7897.5,4742.55,3154.95,1,0.1,0
8784,388,19,7,22,3960.0,2304.15,1655.85,3,0.0,0
8785,200,15,7,21,6732.0,4528.55,2203.45,4,0.15,0
8786,621,28,10,21,33.44,22.4,11.04,1,0.2,0
8787,835,5,9,40,11200.0,7675.2,3524.8,4,0.0,0
8788,122,24,4,46,420.0,289.17,130.83,1,0.0,0
8789,831,4,5,16,1584.0,1029.73,554.27,2,0.1,0
8790,1083,19,10,19,6480.0,4341.23,2138.77,4,0.0,0
8791,44,14,10,37,498.75,329.37,169.38,5,0.0,0
8792,968,3,1,17,1667.25,936.61,730.64,3,0.1,0
8793,215,8,7,17,3043.8,2256.27,787.53,4,0.1,0
8794,789,23,9,34,321.3,196.9,124.4,4,0.1,1
8795,388,20,2,10,1584.0,1139.62,444.38,4,0.2,0
8796,77,11,4,43,6502.5,4226.07,2276.43,5,0.15,0
8797,1039,23,10,22,173.4,121.75,51.65,2,0.15,1
8798,925,21,1,15,172.13,125.73,46.4,5,0.15,0
8799,1011,7,4,33,4784.0,2660.41,2123.59,1,0.2,1
8800,525,22,4,11,90.44,62.15,28.29,4,0.15,1
8801,640,21,5,8,41.4,24.96,16.44,1,0.2,0
8802,421,27,3,1,58.01,42.01,16.0,1,0.15,0
8803,793,12,9,25,9392.5,6871.61,2520.89,2,0.15,0
8804,458,9,9,32,896.0,603.1,292.9,5,0.0,0
8805,343,29,2,5,211.61,143.67,67.94,3,0.05,0
8806,645,28,8,15,74.29,45.57,28.72,2,0.15,0
8807,513,4,6,27,1045.0,768.96,276.04,1,0.05,0
8808,364,9,4,10,367.2,244.64,122.56,1,0.15,0
8809,316,9,8,45,1536.0,986.87,549.13,4,0.0,0
8810,671,21,4,46,54.0,38.0,16.0,1,0.0,1
8811,1067,9,2,29,820.8,485.97,334.83,2,0.05,0
8812,1005,26,6,17,25.3,18.92,6.38,1,0.0,0
8813,398,23,1,43,71.4,50.54,20.86,1,0.2,0
8814,113,30,9,42,336.0,193.64,142.36,5,0.0,0
8815,92,19,3,10,537.6,319.82,217.78,1,0.2,0
8816,63,9,6,45,272.0,184.87,87.13,1,0.0,0
8817,33,16,3,40,4410.0,2456.26,1953.74,3,0.0,0
8818,937,7,5,22,4680.0,3110.78,1569.22,1,0.0,0
8819,905,22,3,35,79.8,52.55,27.25,3,0.0,0
8820,496,4,7,3,2090.0,1363.98,726.02,2,0.05,0
8821,607,18,8,27,1574.62,989.5,585.12,3,0.15,1
8822,196,5,9,4,11340.0,8141.0,3199.0,4,0.1,0
8823,652,26,3,8,25.3,17.44,7.86,1,0.0,0
8824,679,7,2,26,6240.0,3909.16,2330.84,1,0.0,0
8825,692,20,8,49,540.0,325.96,214.04,1,0.0,0
8826,268,20,3,41,2103.75,1511.31,592.44,5,0.15,0
8827,554,6,4,36,1101.6,645.74,455.86,3,0.15,0
8828,820,11,6,19,3213.0,2285.12,927.88,3,0.0,0
8829,535,18,9,22,2778.75,2003.92,774.83,5,0.1,1
8830,90,13,10,4,382.5,254.71,127.79,3,0.0,0
8831,1055,17,9,39,2052.0,1247.03,804.97,5,0.1,0
8832,624,25,5,1,154.0,89.2,64.8,4,0.0,0
8833,72,19,6,39,3060.0,1894.37,1165.63,3,0.0,0
8834,216,19,9,37,5700.0,3348.55,2351.45,5,0.0,0
8835,1018,15,8,13,2277.0,1687.53,589.47,1,0.1,0
8836,186,11,4,2,2916.0,1732.34,1183.66,2,0.1,0
8837,794,26,8,29,18.7,10.81,7.89,1,0.0,0
8838,280,12,4,35,22425.0,15496.94,6928.06,3,0.0,0
8839,920,19,2,15,2160.0,1283.19,876.81,2,0.0,0
8840,733,17,9,33,1003.2,681.17,322.03,3,0.2,1
8841,36,10,2,28,558.6,337.98,220.62,2,0.05,0
8842,264,22,2,6,92.4,62.86,29.54,3,0.0,0
8843,1054,25,6,1,71.4,43.53,27.87,2,0.15,0
8844,150,1,2,25,6000.0,4356.12,1643.88,5,0.0,0
8845,506,29,8,32,220.0,153.73,66.27,5,0.2,0
8846,686,4,5,41,5280.0,3375.88,1904.12,4,0.0,0
8847,353,2,5,3,6426.0,3763.09,2662.91,2,0.15,0
8848,612,1,5,20,1320.0,767.77,552.23,1,0.0,0
8849,702,14,4,42,384.75,242.39,142.36,3,0.0,0
8850,747,27,1,6,128.7,71.19,57.51,2,0.1,0
8851,327,17,7,35,1732.8,1111.49,621.31,4,0.05,0
8852,602,13,10,33,270.75,162.02,108.73,2,0.05,0
8853,309,2,10,19,14280.0,8124.2,6155.8,5,0.15,0
8854,727,7,2,38,29835.0,19968.63,9866.37,5,0.15,0
8855,967,27,1,5,175.99,100.77,75.22,3,0.05,0
8856,117,26,3,31,22.18,12.77,9.41,2,0.1,0
8857,946,18,4,6,1574.62,1112.58,462.04,3,0.15,0
8858,684,25,1,33,178.5,104.45,74.05,5,0.15,0
8859,543,21,4,40,136.8,90.87,45.93,4,0.2,0
8860,625,23,8,44,374.0,276.7,97.3,4,0.0,0
8861,322,9,10,46,691.2,403.07,288.13,2,0.1,0
8862,473,5,5,1,7840.0,5122.69,2717.31,4,0.0,0
8863,592,13,1,23,513.0,365.57,147.43,4,0.1,0
8864,918,9,6,2,734.4,507.08,227.32,3,0.15,0
8865,1073,6,7,6,2203.2,1468.65,734.55,4,0.15,0
8866,456,21,9,44,25.2,17.71,7.49,1,0.0,0
8867,97,6,6,26,537.6,360.14,177.46,2,0.0,0
8868,893,2,5,47,7980.0,4863.52,3116.48,3,0.0,0
8869,592,5,7,21,13300.0,8438.59,4861.41,4,0.0,0
8870,113,9,7,20,358.4,260.1,98.3,2,0.0,0
8871,329,10,8,26,1142.4,630.66,511.74,4,0.15,1
8872,447,3,4,40,1237.6,811.6,426.0,4,0.2,0
8873,979,13,7,47,660.0,392.6,267.4,5,0.2,0
8874,987,30,3,20,264.0,154.12,109.88,2,0.0,0
8875,148,6,9,43,1632.0,1032.15,599.85,4,0.15,1
8876,218,5,9,10,13300.0,7739.17,5560.83,4,0.0,0
8877,946,15,10,37,8360.0,5077.14,3282.86,5,0.2,1
8878,1035,3,10,20,710.12,490.95,219.17,1,0.05,0
8879,939,12,7,6,5850.0,4285.66,1564.34,1,0.0,0
8880,968,27,4,10,148.2,96.96,51.24,3,0.2,0
8881,546,17,2,2,1155.2,672.26,482.94,4,0.2,0
8882,793,12,7,40,9392.5,6772.67,2619.83,2,0.15,0
8883,859,29,6,5,110.0,67.9,42.1,2,0.0,0
8884,264,17,1,47,1504.8,954.37,550.43,4,0.1,0
8885,952,25,8,1,31.59,23.35,8.24,1,0.05,0
8886,284,30,1,48,234.6,140.26,94.34,2,0.15,0
8887,1007,1,7,24,2346.0,1552.96,793.04,2,0.15,0
8888,968,18,10,22,2099.5,1212.5,887.0,4,0.15,0
8889,604,28,4,24,36.1,24.1,12.0,1,0.0,0
8890,737,18,10,27,1215.5,802.55,412.95,2,0.15,0
8891,746,5,5,4,9240.0,5154.26,4085.74,3,0.2,0
8892,648,26,2,48,21.5,13.54,7.96,1,0.15,0
8893,835,1,6,36,4800.0,3195.52,1604.48,5,0.0,0
8894,535,7,10,41,24700.0,15249.2,9450.8,5,0.0,0
8895,1048,8,3,10,2563.2,1660.5,902.7,3,0.2,0
8896,220,14,9,48,342.95,255.22,87.73,4,0.05,0
8897,330,27,9,39,140.4,101.89,38.51,2,0.1,0
8898,1037,20,7,23,1728.0,1177.5,550.5,4,0.2,0
8899,194,27,8,36,46.8,34.49,12.31,1,0.2,1
8900,529,22,9,45,50.54,35.92,14.62,2,0.05,0
8901,142,11,4,36,3600.0,2662.95,937.05,2,0.0,0
8902,626,10,10,13,877.8,605.84,271.96,3,0.05,0
8903,477,10,3,28,806.4,564.02,242.38,4,0.1,0
8904,699,26,7,28,26.4,18.57,7.83,1,0.0,1
8905,818,18,2,27,348.07,259.67,88.4,1,0.1,0
8906,118,12,8,33,11648.0,7403.02,4244.98,4,0.2,0
8907,156,16,9,11,6317.5,4552.68,1764.82,5,0.05,0
8908,583,24,8,15,379.05,230.64,148.41,1,0.05,0
8909,59,5,8,39,12495.0,8653.12,3841.88,4,0.15,0
8910,1017,7,1,8,26910.0,17100.47,9809.53,5,0.1,0
8911,625,13,6,10,156.75,95.37,61.38,1,0.05,0
8912,802,11,9,38,4819.5,2907.51,1911.99,5,0.1,0
8913,868,18,5,20,1105.0,730.95,374.05,2,0.15,0
8914,1071,9,2,20,1231.2,896.52,334.68,3,0.05,0
8915,712,24,8,13,2268.0,1277.17,990.83,5,0.2,0
8916,926,19,10,31,1944.0,1100.47,843.53,2,0.1,1
8917,172,7,1,9,7904.0,4601.93,3302.07,2,0.2,0
8918,825,7,10,6,9900.8,6696.31,3204.49,4,0.15,0
8919,1023,7,10,29,21528.0,13837.45,7690.55,4,0.1,0
8920,751,19,7,19,5280.0,3467.08,1812.92,4,0.0,0
8921,988,12,4,18,6435.0,4095.58,2339.42,1,0.1,1
8922,904,25,6,8,26.6,17.21,9.39,1,0.2,0
8923,447,27,5,18,36.74,20.57,16.17,1,0.05,0
8924,208,29,7,12,178.2,112.81,65.39,4,0.1,1
8925,984,6,8,33,1056.0,617.78,438.22,2,0.0,0
8926,777,30,4,32,252.0,167.05,84.95,2,0.0,0
8927,358,10,4,27,1701.0,1257.28,443.72,5,0.1,0
8928,95,2,7,31,6664.0,4485.08,2178.92,5,0.15,0
8929,940,4,6,28,4950.0,3354.49,1595.51,5,0.0,0
8930,960,26,1,5,37.62,26.91,10.71,2,0.1,0
8931,524,22,6,19,21.28,13.33,7.95,1,0.2,0
8932,999,22,2,23,30.8,19.6,11.2,1,0.0,0
8933,806,12,3,36,11602.5,6497.58,5104.92,3,0.0,0
8934,767,16,9,26,5880.0,4175.3,1704.7,5,0.2,0
8935,308,5,3,48,4200.0,2956.18,1243.82,1,0.0,1
8936,710,24,10,31,2268.0,1538.48,729.52,4,0.0,0
8937,278,21,1,6,219.94,162.34,57.6,5,0.15,0
8938,585,5,1,46,11305.0,8320.62,2984.38,4,0.15,0
8939,355,3,8,2,2106.0,1463.43,642.57,3,0.2,0
8940,968,21,1,43,213.75,151.74,62.01,5,0.0,0
8941,291,4,2,28,5060.0,2931.6,2128.4,4,0.0,0
8942,798,23,6,33,137.28,97.65,39.63,2,0.05,0
8943,5,24,2,27,1848.0,1218.13,629.87,4,0.0,0
8944,461,14,7,45,106.4,74.72,31.68,2,0.0,0
8945,79,18,7,5,552.5,314.98,237.52,1,0.0,0
8946,745,1,10,25,2376.0,1579.39,796.61,2,0.1,0
8947,398,29,5,34,288.75,198.95,89.8,5,0.0,0
8948,298,9,8,20,312.8,201.34,111.46,1,0.15,0
8949,620,30,4,20,396.0,281.02,114.98,3,0.0,0
8950,957,27,6,25,197.6,123.92,73.68,4,0.2,0
8951,816,6,2,15,571.2,380.84,190.36,2,0.0,0
8952,765,1,2,44,5985.0,4261.28,1723.72,5,0.05,0
8953,398,5,2,26,8820.0,6271.11,2548.89,3,0.2,0
8954,942,5,7,43,10710.0,5963.1,4746.9,4,0.15,0
8955,156,24,2,40,638.4,418.05,220.35,2,0.2,0
8956,127,20,1,18,1147.5,748.3,399.2,3,0.15,0
8957,963,27,3,39,55.57,41.03,14.54,1,0.1,0
8958,265,25,1,6,192.5,128.42,64.08,5,0.0,0
8959,328,16,4,8,1344.0,887.0,457.0,1,0.2,0
8960,720,28,7,32,102.6,62.07,40.53,2,0.0,0
8961,798,30,6,47,86.7,51.99,34.71,1,0.15,0
8962,640,4,1,7,6325.0,4497.18,1827.82,5,0.0,0
8963,383,6,3,17,2640.0,1816.62,823.38,5,0.0,0
8964,540,1,7,28,912.0,564.64,347.36,1,0.2,0
8965,263,5,1,38,12320.0,7724.52,4595.48,4,0.2,0
8966,792,3,9,13,2762.5,1711.91,1050.59,5,0.0,1
8967,244,10,4,12,246.4,141.16,105.24,1,0.2,0
8968,573,12,7,48,4680.0,2896.05,1783.95,1,0.2,0
8969,114,17,1,36,851.2,605.68,245.52,4,0.0,0
8970,1052,1,9,32,1440.0,889.96,550.04,1,0.0,1
8971,629,15,4,10,7260.0,5308.82,1951.18,3,0.0,1
8972,734,15,1,48,4598.0,2863.47,1734.53,2,0.05,0
8973,383,11,8,2,6732.0,3954.19,2777.81,4,0.15,1
8974,322,20,1,45,1377.0,875.9,501.1,3,0.15,0
8975,148,29,2,47,220.0,161.22,58.78,4,0.0,0
8976,467,16,1,12,2665.6,1504.11,1161.49,4,0.15,0
8977,792,30,8,12,408.0,236.73,171.27,4,0.0,0
8978,163,2,3,27,5320.0,2943.61,2376.39,2,0.0,0
8979,423,27,3,2,341.25,208.42,132.83,5,0.0,0
8980,251,27,10,16,286.0,204.88,81.12,5,0.2,0
8981,137,26,6,16,18.7,10.54,8.16,1,0.15,1
8982,344,8,1,31,2403.0,1432.36,970.64,2,0.0,0
8983,1064,16,3,34,6384.0,3604.21,2779.79,4,0.05,1
8984,84,10,3,15,1130.5,773.39,357.11,5,0.05,0
8985,47,24,10,1,374.85,276.53,98.32,1,0.15,0
8986,940,20,7,19,688.5,442.1,246.4,2,0.15,0
8987,71,20,8,34,1147.5,716.75,430.75,3,0.0,0
8988,135,7,9,21,15600.0,9284.45,6315.55,3,0.0,0
8989,944,21,5,17,181.69,123.34,58.35,5,0.15,0
8990,249,26,10,23,72.6,53.66,18.94,3,0.0,0
8991,421,9,5,3,672.0,466.06,205.94,2,0.0,0
8992,743,26,6,5,21.78,14.27,7.51,1,0.1,0
8993,212,15,2,1,8415.0,5390.85,3024.15,5,0.15,0
8994,499,3,6,39,3087.5,1875.61,1211.89,5,0.05,0
8995,23,18,8,44,1144.0,816.8,327.2,2,0.2,0
8996,1016,16,6,16,6440.0,4814.02,1625.98,5,0.2,0
8997,922,26,7,35,39.6,23.28,16.32,2,0.0,0
8998,1074,3,2,1,702.0,446.07,255.93,1,0.2,0
8999,1066,19,8,17,4617.0,3075.52,1541.48,3,0.05,1
9000,185,14,9,45,68.4,50.87,17.53,1,0.2,1
9001,707,22,2,25,102.06,58.48,43.58,3,0.1,0
9002,1011,2,5,18,9660.0,6470.82,3189.18,3,0.0,0
9003,371,8,1,25,3916.0,2819.63,1096.37,4,0.0,1
9004,29,4,8,42,2904.0,1897.82,1006.18,3,0.2,1
9005,601,6,6,11,1094.4,691.47,402.93,3,0.2,1
9006,951,4,10,14,992.75,687.93,304.82,1,0.05,1
9007,608,27,8,13,308.75,217.38,91.37,5,0.0,0
9008,395,11,9,42,8910.0,5263.64,3646.36,5,0.1,0
9009,427,11,10,47,4590.0,2740.89,1849.11,3,0.0,0
9010,837,24,10,24,1008.0,581.29,426.71,3,0.0,0
9011,851,19,4,23,2880.0,1825.02,1054.98,3,0.0,0
9012,1058,26,4,43,84.48,60.38,24.1,4,0.2,0
9013,324,25,1,20,75.6,56.66,18.94,2,0.1,0
9014,1029,17,9,44,1311.0,843.07,467.93,3,0.0,0
9015,770,24,10,28,1256.85,762.12,494.73,3,0.05,0
9016,447,26,10,11,65.45,36.24,29.21,5,0.0,0
9017,546,16,7,39,5320.0,3714.61,1605.39,4,0.0,0
9018,628,1,7,26,5940.0,3969.83,1970.17,5,0.1,0
9019,697,7,3,33,11856.0,7900.53,3955.47,2,0.05,0
9020,62,3,2,42,2624.38,1535.19,1089.19,5,0.05,0
9021,388,24,1,11,392.7,218.28,174.42,1,0.15,0
9022,877,21,6,29,76.5,45.18,31.32,2,0.15,0
9023,253,14,1,5,418.0,265.82,152.18,5,0.2,0
9024,500,27,7,44,195.0,134.17,60.83,3,0.0,0
9025,66,26,6,48,16.83,12.01,4.82,1,0.1,0
9026,1012,30,8,16,414.0,247.2,166.8,3,0.0,0
9027,1084,10,10,30,1134.0,711.66,422.34,3,0.0,0
9028,1079,11,6,27,3888.0,2882.17,1005.83,2,0.2,0
9029,11,27,3,15,214.5,155.36,59.14,3,0.0,0
9030,190,16,10,43,2520.0,1445.37,1074.63,2,0.0,0
9031,1095,19,2,16,1296.0,894.36,401.64,1,0.2,0
9032,318,15,2,40,2640.0,1927.4,712.6,1,0.0,0
9033,544,15,10,27,1776.5,1095.33,681.17,1,0.15,0
9034,445,2,10,17,8568.0,5981.95,2586.05,4,0.1,0
9035,923,13,9,34,344.25,207.65,136.6,3,0.15,0
9036,790,26,5,21,115.5,77.63,37.87,5,0.0,0
9037,422,28,8,14,79.8,58.85,20.95,2,0.0,0
9038,15,9,8,7,1196.8,755.19,441.61,4,0.15,1
9039,483,10,3,24,380.8,258.6,122.2,2,0.15,0
9040,248,30,3,41,528.0,356.83,171.17,5,0.2,0
9041,591,1,1,7,1140.0,760.99,379.01,1,0.0,0
9042,1000,22,9,7,146.3,101.94,44.36,5,0.05,0
9043,622,13,6,27,561.0,335.07,225.93,4,0.15,0
9044,77,21,5,50,65.02,44.34,20.68,2,0.15,0
9045,934,23,6,6,229.5,143.38,86.12,3,0.0,0
9046,658,12,5,28,14950.0,8678.02,6271.98,2,0.0,0
9047,616,15,7,25,2420.0,1626.88,793.12,1,0.0,0
9048,3,19,2,42,2508.0,1433.51,1074.49,2,0.05,0
9049,202,12,2,20,5265.0,3723.65,1541.35,1,0.1,0
9050,609,2,1,20,13860.0,9848.71,4011.29,5,0.1,0
9051,16,18,5,25,3575.0,2159.9,1415.1,5,0.0,0
9052,643,29,7,48,253.0,162.77,90.23,5,0.2,0
9053,755,14,2,11,209.0,115.67,93.33,2,0.0,1
9054,672,5,3,40,4200.0,2331.3,1868.7,1,0.0,0
9055,53,16,7,11,6247.5,4448.66,1798.84,5,0.15,0
9056,202,5,2,30,5040.0,2958.94,2081.06,2,0.2,0
9057,456,9,3,12,161.28,118.51,42.77,1,0.1,0
9058,174,22,10,36,75.81,48.6,27.21,3,0.05,0
9059,433,10,2,43,452.2,262.19,190.01,2,0.05,0
9060,936,8,6,32,680.85,403.33,277.52,1,0.15,0
9061,1027,15,8,17,12017.5,7845.04,4172.46,5,0.05,0
9062,737,7,6,11,15444.0,9478.87,5965.13,3,0.1,0
9063,653,11,10,37,6210.0,3806.64,2403.36,3,0.0,0
9064,598,8,7,4,2536.5,1672.87,863.63,3,0.0,0
9065,588,8,1,35,4227.5,2797.25,1430.25,5,0.0,0
9066,67,14,5,42,80.75,49.26,31.49,1,0.0,0
9067,103,19,7,38,1344.0,949.19,394.81,2,0.0,0
9068,995,19,1,7,3960.0,2936.05,1023.95,3,0.0,0
9069,3,28,7,13,209.0,136.71,72.29,5,0.0,0
9070,712,1,6,46,2916.0,1830.65,1085.35,2,0.1,0
9071,95,28,5,31,72.35,47.06,25.29,4,0.15,0
9072,726,28,7,36,102.6,57.54,45.06,2,0.0,0
9073,1077,8,5,20,1201.5,770.83,430.67,1,0.0,0
9074,1005,22,1,8,96.6,70.24,26.36,3,0.0,0
9075,43,8,4,28,4672.5,2925.74,1746.76,5,0.0,0
9076,73,5,2,8,2975.0,1842.02,1132.98,1,0.0,0
9077,1065,2,5,25,3192.0,1985.1,1206.9,1,0.05,1
9078,437,1,10,28,3264.0,2080.49,1183.51,4,0.2,1
9079,635,20,2,27,1584.0,888.26,695.74,4,0.2,0
9080,1010,15,4,47,12650.0,7617.69,5032.31,5,0.0,0
9081,606,7,7,12,9880.0,5593.31,4286.69,2,0.0,1
9082,434,3,3,44,469.62,262.69,206.93,1,0.15,0
9083,84,7,9,32,17680.0,13007.69,4672.31,4,0.0,1
9084,54,29,1,29,184.8,137.0,47.8,4,0.2,0
9085,1058,4,10,45,4752.0,3350.09,1401.91,4,0.1,0
9086,23,23,7,25,336.6,229.62,106.98,4,0.1,0
9087,410,27,4,6,273.0,151.92,121.08,4,0.0,0
9088,462,29,9,5,58.52,33.83,24.69,2,0.05,0
9089,92,4,5,4,1848.0,1090.04,757.96,3,0.0,0
9090,573,13,10,34,607.5,366.35,241.15,5,0.1,0
9091,1056,29,5,16,330.0,235.34,94.66,5,0.0,0
9092,365,12,9,1,7020.0,5144.02,1875.98,1,0.2,0
9093,756,17,5,37,1672.0,1208.97,463.03,4,0.0,0
9094,374,27,4,3,143.0,81.84,61.16,2,0.0,0
9095,278,13,9,26,138.0,78.95,59.05,1,0.2,0
9096,727,11,6,24,7290.0,4513.4,2776.6,3,0.0,0
9097,189,27,8,44,187.2,106.39,80.81,4,0.2,0
9098,859,5,5,20,6650.0,4315.15,2334.85,2,0.05,0
9099,7,27,5,41,71.5,39.55,31.95,1,0.0,0
9100,366,21,7,18,247.5,146.17,101.33,5,0.0,0
9101,977,9,9,38,1003.2,605.11,398.09,3,0.05,0
9102,1007,11,4,6,7866.0,5512.68,2353.32,4,0.05,1
9103,14,12,4,29,14300.0,9037.85,5262.15,2,0.0,0
9104,427,16,4,17,1904.0,1164.25,739.75,2,0.2,0
9105,152,20,1,2,427.5,249.53,177.97,1,0.0,0
9106,148,26,3,29,83.6,59.22,24.38,4,0.05,0
9107,815,29,3,24,163.62,121.94,41.68,5,0.0,0
9108,968,10,5,8,266.0,185.24,80.76,1,0.0,0
9109,588,6,2,31,729.6,472.24,257.36,2,0.2,0
9110,305,3,10,17,663.0,462.99,200.01,1,0.15,0
9111,969,18,10,43,617.5,393.04,224.46,1,0.0,0
9112,144,21,7,34,108.0,72.1,35.9,3,0.2,0
9113,155,21,3,25,72.67,47.69,24.98,2,0.15,0
9114,925,29,10,20,49.5,30.69,18.81,1,0.0,1
9115,705,1,10,30,2592.0,1822.19,769.81,2,0.2,0
9116,95,20,9,31,252.0,181.69,70.31,1,0.0,0
9117,562,27,3,38,292.5,204.72,87.78,5,0.0,0
9118,599,20,8,41,855.0,522.59,332.41,2,0.0,0
9119,799,29,4,43,133.24,80.23,53.01,3,0.05,0
9120,888,28,6,37,36.1,20.57,15.53,1,0.0,0
9121,763,5,3,47,2940.0,1984.52,955.48,1,0.2,0
9122,728,18,9,5,1755.0,1114.65,640.35,2,0.0,1
9123,1079,14,7,3,545.06,360.03,185.03,5,0.15,0
9124,304,8,6,7,1023.5,697.33,326.17,1,0.0,0
9125,339,6,6,47,1749.6,1201.05,548.55,3,0.1,0
9126,921,1,4,6,4104.0,2705.24,1398.76,4,0.05,0
9127,178,25,4,11,94.76,53.14,41.62,3,0.05,0
9128,117,17,2,19,212.8,124.72,88.08,1,0.0,0
9129,734,15,5,46,6171.0,3732.08,2438.92,3,0.15,0
9130,767,28,2,29,63.84,43.3,20.54,2,0.2,0
9131,833,11,5,33,5472.0,3413.29,2058.71,4,0.05,0
9132,761,24,10,5,1755.6,1292.72,462.88,4,0.05,1
9133,724,11,2,29,3888.0,2572.08,1315.92,2,0.2,0
9134,157,25,4,28,33.25,21.48,11.77,1,0.0,0
9135,991,30,3,12,237.6,176.43,61.17,2,0.1,0
9136,582,11,4,7,8122.5,5614.56,2507.94,5,0.05,0
9137,788,10,5,7,1249.5,691.12,558.38,5,0.15,0
9138,22,1,9,21,2376.0,1656.4,719.6,2,0.1,0
9139,560,25,3,2,100.8,67.86,32.94,4,0.2,0
9140,77,28,10,30,145.35,103.01,42.34,5,0.1,0
9141,164,8,2,7,4016.12,2226.57,1789.55,5,0.05,0
9142,1072,15,9,48,2970.0,1899.41,1070.59,1,0.0,0
9143,247,14,8,5,418.0,266.15,151.85,4,0.0,0
9144,1078,29,7,28,237.6,170.13,67.47,4,0.2,0
9145,243,24,7,36,798.0,471.03,326.97,2,0.0,0
9146,753,5,9,24,13860.0,8451.59,5408.41,4,0.1,0
9147,691,30,5,45,122.4,76.32,46.08,1,0.15,0
9148,1054,26,10,36,79.2,45.23,33.97,3,0.0,0
9149,187,3,7,44,1872.0,1229.94,642.06,4,0.2,0
9150,1048,2,9,50,10080.0,6950.54,3129.46,3,0.0,0
9151,827,28,7,29,60.65,41.35,19.3,3,0.05,0
9152,780,19,6,19,1260.0,741.39,518.61,1,0.0,1
9153,412,25,5,12,132.3,77.96,54.34,4,0.1,0
9154,784,19,10,23,5040.0,3745.36,1294.64,4,0.0,0
9155,724,15,1,3,2821.5,1860.5,961.0,1,0.05,0
9156,135,21,3,11,114.75,84.73,30.02,3,0.15,0
9157,1064,25,8,35,178.5,132.3,46.2,5,0.15,0
9158,237,29,5,47,198.55,146.83,51.72,4,0.05,0
9159,6,19,7,45,2244.0,1644.22,599.78,2,0.15,0
9160,329,5,6,50,16800.0,12589.07,4210.93,5,0.2,0
9161,906,14,3,8,76.71,50.86,25.85,1,0.15,0
9162,409,6,8,9,1612.8,930.85,681.95,4,0.2,1
9163,886,13,8,24,384.75,261.44,123.31,3,0.1,0
9164,1020,7,1,16,23920.0,16342.81,7577.19,4,0.0,0
9165,524,12,1,33,30875.0,17005.85,13869.15,5,0.0,0
9166,285,19,5,34,1104.0,704.82,399.18,1,0.2,1
9167,570,19,7,32,1944.0,1185.28,758.72,2,0.1,0
9168,173,30,10,5,364.8,270.76,94.04,4,0.2,0
9169,1072,25,1,3,113.4,83.02,30.38,3,0.2,0
9170,342,23,9,35,487.69,284.69,203.0,5,0.15,0
9171,907,19,8,1,5415.0,3493.86,1921.14,5,0.05,0
9172,648,22,3,48,82.11,48.0,34.11,3,0.15,0
9173,510,3,1,9,2925.0,1735.77,1189.23,5,0.1,0
9174,45,29,4,26,196.35,141.51,54.84,4,0.15,0
9175,73,19,3,47,2448.0,1726.28,721.72,3,0.2,0
9176,302,16,1,38,8050.0,4601.16,3448.84,5,0.0,0
9177,250,18,1,16,2145.0,1192.34,952.66,3,0.0,0
9178,619,27,9,36,143.0,105.32,37.68,2,0.0,0
9179,630,12,1,36,13585.0,9202.33,4382.67,2,0.05,0
9180,813,17,6,36,203.49,150.99,52.5,1,0.1,0
9181,613,14,8,17,522.5,305.22,217.28,5,0.0,0
9182,817,9,3,22,190.4,120.24,70.16,1,0.0,1
9183,192,30,8,19,205.2,127.71,77.49,2,0.05,0
9184,612,30,1,27,422.4,239.49,182.91,4,0.2,0
9185,707,1,2,5,5508.0,3071.04,2436.96,4,0.15,0
9186,554,23,2,36,76.5,52.64,23.86,1,0.0,0
9187,814,6,2,2,1142.4,719.67,422.73,5,0.2,0
9188,334,14,3,6,410.4,247.98,162.42,4,0.1,0
9189,39,6,1,25,1008.0,712.4,295.6,2,0.0,0
9190,72,30,10,9,306.0,181.42,124.58,3,0.0,0
9191,609,1,6,28,5610.0,3523.72,2086.28,5,0.15,0
9192,807,24,2,46,999.6,703.12,296.48,4,0.0,0
9193,938,30,3,32,216.0,141.47,74.53,2,0.0,0
9194,1006,2,7,4,9660.0,6065.13,3594.87,3,0.0,0
9195,908,10,5,47,758.1,428.07,330.03,3,0.05,0
9196,894,22,8,13,67.83,39.32,28.51,3,0.15,0
9197,521,5,2,7,9975.0,6411.04,3563.96,3,0.0,0
9198,159,28,4,28,115.52,70.75,44.77,4,0.2,0
9199,21,16,1,13,6160.0,3661.12,2498.88,5,0.2,0
9200,355,15,2,48,5049.0,3044.55,2004.45,2,0.15,0
9201,117,14,5,43,266.0,153.12,112.88,5,0.0,0
9202,912,26,2,27,62.7,44.44,18.26,3,0.0,0
9203,1027,29,10,24,126.5,72.54,53.96,2,0.0,0
9204,576,26,6,28,56.43,41.38,15.05,3,0.05,0
9205,986,3,9,3,715.0,497.94,217.06,1,0.0,0
9206,425,8,6,32,1929.07,1284.09,644.98,3,0.15,0
9207,560,20,8,21,1539.0,956.02,582.98,4,0.05,0
9208,865,16,7,26,4480.0,2692.99,1787.01,4,0.2,0
9209,191,8,5,45,4005.0,2517.54,1487.46,5,0.0,0
9210,571,30,1,14,216.0,152.44,63.56,2,0.0,0
9211,867,23,5,48,255.0,176.04,78.96,3,0.0,0
9212,582,24,5,45,798.0,487.76,310.24,2,0.0,0
9213,34,10,10,33,588.0,434.45,153.55,2,0.0,0
9214,109,11,9,7,4536.0,2668.89,1867.11,5,0.1,0
9215,600,13,10,4,384.75,262.87,121.88,3,0.1,0
9216,465,16,7,23,1411.2,905.22,505.98,2,0.1,0
9217,75,11,8,35,2448.0,1471.51,976.49,2,0.2,0
9218,102,16,6,3,3920.0,2202.19,1717.81,5,0.0,1
9219,434,11,5,24,1530.0,1120.19,409.81,1,0.0,1
9220,77,5,10,20,5057.5,2932.61,2124.89,2,0.15,0
9221,682,19,6,1,2304.0,1313.11,990.89,2,0.2,0
9222,199,12,6,37,15795.0,10627.56,5167.44,3,0.1,1
9223,755,19,3,18,1188.0,818.41,369.59,1,0.1,0
9224,802,11,6,14,3427.2,1916.54,1510.66,4,0.2,0
9225,224,21,8,50,42.75,24.62,18.13,1,0.0,0
9226,510,5,6,13,17500.0,11014.19,6485.81,5,0.0,0
9227,548,27,10,8,210.6,122.4,88.2,4,0.1,0
9228,857,11,2,20,9000.0,6524.47,2475.53,5,0.0,0
9229,603,29,7,36,209.0,130.81,78.19,4,0.0,0
9230,481,16,1,12,1120.0,662.81,457.19,1,0.0,0
9231,528,12,1,14,18525.0,12512.03,6012.97,3,0.0,0
9232,945,8,2,13,845.5,484.85,360.65,1,0.0,0
9233,153,24,3,20,798.0,551.96,246.04,2,0.0,0
9234,796,5,10,8,5057.5,3596.34,1461.16,2,0.15,1
9235,161,11,4,38,4104.0,2468.86,1635.14,3,0.2,0
9236,5,3,5,27,607.75,350.2,257.55,1,0.15,0
9237,564,20,9,19,1154.25,720.78,433.47,3,0.05,0
9238,872,30,1,2,480.0,313.51,166.49,4,0.0,1
9239,387,12,4,14,13585.0,9940.15,3644.85,2,0.05,0
9240,908,12,2,33,5248.75,2890.19,2358.56,1,0.15,0
9241,792,12,9,10,16575.0,9981.17,6593.83,3,0.0,0
9242,1037,14,9,48,456.0,263.65,192.35,4,0.0,1
9243,698,25,9,32,210.0,154.25,55.75,5,0.0,0
9244,422,2,10,4,9408.0,5413.94,3994.06,4,0.2,0
9245,1084,11,7,16,9234.0,5824.49,3409.51,4,0.05,0
9246,438,25,10,48,101.15,59.24,41.91,4,0.15,0
9247,506,7,9,37,20800.0,12720.21,8079.79,4,0.0,0
9248,163,6,2,19,729.6,504.98,224.62,2,0.2,0
9249,391,29,10,15,302.5,176.13,126.37,5,0.0,0
9250,349,17,3,35,2565.0,1804.97,760.03,5,0.0,1
9251,754,24,10,49,1848.0,1125.02,722.98,4,0.0,0
9252,952,10,5,30,1064.0,667.04,396.96,4,0.0,0
9253,422,8,6,32,4672.5,3147.3,1525.2,5,0.0,0
9254,318,9,5,9,768.0,541.38,226.62,2,0.0,0
9255,1059,10,4,49,1680.0,1122.42,557.58,5,0.0,0
9256,798,1,7,45,1632.0,1035.43,596.57,2,0.2,0
9257,303,8,10,8,5117.5,3413.65,1703.85,5,0.0,0
9258,1029,22,8,18,77.28,46.47,30.81,3,0.2,0
9259,31,28,4,43,35.53,24.06,11.47,1,0.15,1
9260,843,17,7,24,1520.0,980.34,539.66,5,0.0,0
9261,637,30,9,8,237.6,161.13,76.47,2,0.1,0
9262,583,17,3,30,1444.0,957.65,486.35,4,0.0,0
9263,166,21,2,40,213.75,122.29,91.46,5,0.0,0
9264,818,10,5,44,633.08,368.55,264.53,4,0.05,0
9265,1030,10,5,3,257.6,154.86,102.74,1,0.2,0
9266,4,18,3,13,607.75,406.16,201.59,1,0.15,0
9267,967,21,3,23,171.0,112.72,58.28,5,0.2,0
9268,1058,9,5,47,729.6,543.24,186.36,2,0.05,0
9269,1039,28,1,17,136.8,91.98,44.82,3,0.0,0
9270,360,30,9,39,810.0,464.27,345.73,5,0.0,0
9271,978,29,5,49,145.2,92.74,52.46,3,0.2,0
9272,868,25,4,26,105.0,75.65,29.35,3,0.0,0
9273,962,1,5,30,969.0,564.74,404.26,1,0.15,0
9274,253,21,3,24,47.03,33.26,13.77,1,0.05,0
9275,282,1,4,24,6900.0,4872.14,2027.86,5,0.0,1
9276,911,20,6,6,1710.0,1233.74,476.26,5,0.2,1
9277,886,21,3,45,128.25,74.38,53.87,3,0.0,0
9278,742,17,10,30,836.0,597.0,239.0,2,0.0,0
9279,130,26,10,43,99.0,70.35,28.65,5,0.1,1
9280,734,6,3,39,950.4,606.14,344.26,2,0.1,0
9281,373,12,10,36,21450.0,14201.2,7248.8,3,0.0,0
9282,644,27,5,9,119.6,66.69,52.91,2,0.2,0
9283,1029,24,8,12,2415.0,1418.0,997.0,5,0.0,0
9284,824,15,4,16,3141.6,2271.5,870.1,3,0.15,0
9285,59,28,7,48,79.8,47.18,32.62,2,0.0,0
9286,153,15,2,39,6270.0,4546.12,1723.88,3,0.0,0
9287,881,7,3,39,13260.0,9495.21,3764.79,3,0.15,0
9288,848,5,2,23,9520.0,6849.4,2670.6,4,0.15,0
9289,771,7,8,19,21840.0,13046.19,8793.81,4,0.0,0
9290,848,13,4,34,408.0,281.99,126.01,4,0.15,0
9291,1048,15,2,44,10560.0,7782.62,2777.38,4,0.0,0
9292,41,11,4,49,1701.0,1148.79,552.21,1,0.1,0
9293,668,6,3,33,2346.0,1510.39,835.61,5,0.15,0
9294,914,6,8,18,1728.0,954.01,773.99,4,0.0,0
9295,185,1,6,36,5400.0,3838.57,1561.43,5,0.0,0
9296,483,12,2,31,4680.0,3124.61,1555.39,1,0.1,0
9297,912,9,6,1,273.6,176.57,97.03,1,0.1,0
9298,529,2,8,43,2261.0,1322.07,938.93,1,0.15,0
9299,590,14,2,7,216.6,155.8,60.8,3,0.2,0
9300,374,27,5,41,57.2,33.03,24.17,1,0.2,0
9301,378,2,2,24,15400.0,8822.73,6577.27,5,0.0,1
9302,1053,21,4,39,162.0,92.7,69.3,3,0.0,0
9303,663,21,2,23,103.5,75.24,28.26,2,0.0,1
9304,421,9,6,50,268.8,191.64,77.16,1,0.2,0
9305,60,22,8,5,45.22,32.63,12.59,2,0.05,0
9306,785,26,8,1,115.5,72.4,43.1,5,0.0,0
9307,109,30,6,46,57.12,36.21,20.91,1,0.15,0
9308,196,3,9,15,1053.0,732.89,320.11,2,0.1,0
9309,200,22,5,47,75.6,48.45,27.15,3,0.0,0
9310,414,30,9,37,252.0,149.95,102.05,2,0.0,0
9311,300,28,5,28,43.7,31.92,11.78,1,0.0,0
9312,318,10,2,5,672.0,380.21,291.79,2,0.0,0
9313,213,5,7,47,14962.5,8628.11,6334.39,5,0.1,0
9314,758,18,4,21,1358.5,812.35,546.15,2,0.05,0
9315,840,26,9,35,50.16,27.86,22.3,3,0.05,1
9316,550,11,7,33,4617.0,2587.03,2029.97,3,0.05,0
9317,441,29,2,40,133.24,88.41,44.83,3,0.05,0
9318,677,19,2,12,2592.0,1813.05,778.95,2,0.1,0
9319,523,20,4,1,1453.5,1001.42,452.08,4,0.15,0
9320,931,28,9,17,92.34,62.81,29.53,3,0.1,0
9321,346,26,4,4,95.04,68.91,26.13,4,0.2,0
9322,635,21,7,22,42.08,31.55,10.53,1,0.15,1
9323,865,1,2,5,6000.0,3833.49,2166.51,5,0.0,0
9324,138,2,9,5,11900.0,7974.16,3925.84,5,0.15,0
9325,449,16,9,4,833.0,465.47,367.53,1,0.0,0
9326,1042,21,5,18,162.0,99.34,62.66,3,0.0,0
9327,275,12,7,31,14950.0,11132.47,3817.53,2,0.0,1
9328,132,19,6,5,1200.0,796.38,403.62,1,0.0,0
9329,271,13,6,49,701.25,516.94,184.31,5,0.15,0
9330,700,12,2,20,35100.0,24081.65,11018.35,4,0.0,0
9331,1,1,9,33,5610.0,3670.14,1939.86,5,0.15,1
9332,966,21,7,20,42.75,25.56,17.19,1,0.0,1
9333,340,6,3,33,1944.0,1435.49,508.51,3,0.0,0
9334,389,3,5,37,1430.0,868.68,561.32,2,0.0,0
9335,92,24,8,13,446.88,282.98,163.9,2,0.05,1
9336,148,19,10,47,1200.0,767.41,432.59,1,0.0,0
9337,506,3,2,1,1040.0,745.34,294.66,2,0.2,0
9338,396,26,8,43,58.08,42.55,15.53,3,0.2,0
9339,677,18,6,8,1989.0,1121.01,867.99,3,0.15,0
9340,562,2,1,32,6048.0,3848.44,2199.56,3,0.2,0
9341,276,8,10,30,4094.0,2933.83,1160.17,5,0.2,1
9342,167,4,9,33,2090.0,1465.74,624.26,2,0.0,0
9343,97,15,7,50,1232.0,841.73,390.27,1,0.0,0
9344,745,29,6,35,193.6,108.23,85.37,4,0.2,0
9345,458,23,8,30,171.36,118.79,52.57,4,0.1,0
9346,512,5,6,18,16625.0,10414.21,6210.79,5,0.05,1
9347,996,26,1,12,102.85,66.23,36.62,5,0.15,1
9348,1015,27,3,14,373.75,232.53,141.22,5,0.0,0
9349,320,4,7,48,5280.0,3540.77,1739.23,4,0.0,0
9350,791,17,3,31,646.0,377.15,268.85,2,0.0,0
9351,121,21,5,11,113.4,69.73,43.67,4,0.1,0
9352,596,13,1,41,513.0,336.23,176.77,4,0.1,0
9353,1038,20,10,16,1080.0,728.67,351.33,2,0.0,0
9354,470,7,1,18,8736.0,4970.7,3765.3,3,0.0,0
9355,431,10,9,50,678.3,407.22,271.08,3,0.05,0
9356,29,10,5,27,616.0,341.85,274.15,2,0.0,0
9357,597,29,2,26,104.5,66.35,38.15,2,0.0,0
9358,792,25,5,7,119.0,66.71,52.29,4,0.0,0
9359,903,19,1,17,4560.0,3235.63,1324.37,4,0.0,0
9360,81,14,7,2,193.8,132.72,61.08,3,0.2,0
9361,668,14,10,1,185.72,122.92,62.8,2,0.15,0
9362,1020,2,9,33,16100.0,10268.38,5831.62,5,0.0,0
9363,308,2,8,22,6720.0,4988.36,1731.64,2,0.0,0
9364,911,28,8,10,68.59,49.17,19.42,2,0.05,0
9365,802,30,8,15,192.78,118.18,74.6,3,0.1,0
9366,894,2,2,48,6783.0,3779.22,3003.78,3,0.15,0
9367,661,25,5,37,34.21,20.81,13.4,1,0.15,0
9368,139,14,8,38,190.0,109.93,80.07,2,0.0,0
9369,656,5,7,6,16100.0,10507.58,5592.42,4,0.0,0
9370,882,17,4,45,1520.0,1104.14,415.86,4,0.0,1
9371,896,9,9,42,912.0,585.98,326.02,3,0.0,0
9372,275,22,6,36,27.37,18.26,9.11,1,0.15,0
9373,520,18,2,15,494.0,275.21,218.79,1,0.2,0
9374,496,29,7,10,140.25,102.95,37.3,3,0.15,0
9375,683,8,10,44,2136.0,1321.59,814.41,2,0.0,0
9376,165,30,9,32,456.0,334.54,121.46,4,0.0,0
9377,878,13,2,2,150.0,95.54,54.46,1,0.0,0
9378,134,19,6,48,4800.0,2705.34,2094.66,5,0.2,0
9379,1084,20,4,46,1093.5,753.68,339.82,2,0.1,0
9380,396,14,7,50,104.5,64.93,39.57,1,0.0,0
9381,147,18,8,36,1560.0,875.76,684.24,3,0.2,0
9382,951,10,4,25,266.0,164.35,101.65,1,0.0,0
9383,793,29,2,34,198.69,112.44,86.25,5,0.15,0
9384,672,27,3,5,156.0,110.58,45.42,2,0.0,0
9385,492,26,4,35,88.0,48.7,39.3,4,0.0,0
9386,80,26,4,42,29.92,22.03,7.89,2,0.2,0
9387,910,20,6,30,812.25,567.38,244.87,2,0.05,0
9388,893,24,5,42,399.0,263.35,135.65,1,0.0,0
9389,758,5,1,31,6160.0,3803.81,2356.19,2,0.2,1
9390,13,7,8,25,15444.0,9417.47,6026.53,3,0.1,0
9391,485,1,10,33,2448.0,1502.75,945.25,3,0.15,0
9392,277,27,6,21,179.4,120.97,58.43,3,0.2,0
9393,257,6,9,22,528.0,300.02,227.98,1,0.0,0
9394,803,24,4,10,749.7,491.49,258.21,3,0.0,0
9395,223,8,4,48,1437.35,851.93,585.42,2,0.15,0
9396,204,26,4,7,19.8,13.55,6.25,1,0.0,0
9397,1009,5,4,45,15295.0,10605.49,4689.51,4,0.05,0
9398,1048,6,2,14,1468.8,993.52,475.28,3,0.15,0
9399,311,3,2,5,702.0,468.35,233.65,1,0.1,1
9400,443,22,1,33,85.68,56.89,28.79,4,0.1,1
9401,424,2,10,42,2940.0,1920.57,1019.43,1,0.0,0
9402,169,21,10,36,136.8,100.65,36.15,4,0.2,0
9403,1045,5,9,37,14280.0,10481.21,3798.79,4,0.15,0
9404,243,18,2,18,1235.0,868.06,366.94,2,0.0,1
9405,1064,14,3,35,228.0,148.45,79.55,2,0.0,0
9406,743,18,9,50,2717.0,1852.45,864.55,4,0.05,0
9407,893,17,1,30,1299.6,843.42,456.18,4,0.1,0
9408,573,10,7,17,756.0,556.12,199.88,3,0.0,0
9409,1085,24,7,18,2835.0,1575.27,1259.73,5,0.0,0
9410,381,22,8,2,55.44,30.94,24.5,2,0.1,0
9411,764,9,3,10,907.2,604.71,302.49,3,0.1,0
9412,617,15,7,35,10890.0,7678.47,3211.53,5,0.1,0
9413,823,7,10,49,2912.0,2123.17,788.83,1,0.0,0
9414,1044,13,7,44,765.0,565.7,199.3,5,0.15,0
9415,505,27,5,35,195.0,144.81,50.19,3,0.0,0
9416,863,15,10,13,4180.0,2457.89,1722.11,2,0.05,0
9417,912,2,9,43,2660.0,1953.21,706.79,1,0.0,0
9418,774,14,2,46,299.25,204.08,95.17,3,0.0,0
9419,1064,22,5,38,30.24,20.83,9.41,1,0.1,0
9420,718,16,2,4,7560.0,4738.83,2821.17,4,0.0,0
9421,30,6,3,43,844.8,572.85,271.95,2,0.2,1
9422,856,1,7,23,6000.0,4324.83,1675.17,5,0.0,0
9423,742,1,10,43,3960.0,2347.86,1612.14,3,0.0,0
9424,556,18,9,19,2486.25,1716.96,769.29,5,0.15,0
9425,136,18,2,32,1950.0,1243.96,706.04,3,0.0,0
9426,825,17,3,28,340.48,216.79,123.69,2,0.2,0
9427,25,21,1,33,210.38,135.76,74.62,5,0.15,1
9428,480,21,1,15,144.0,107.03,36.97,4,0.0,0
9429,72,15,8,18,7106.0,5058.78,2047.22,4,0.05,0
9430,400,10,1,37,1176.0,722.18,453.82,4,0.0,0
9431,61,4,4,14,1496.0,1114.24,381.76,2,0.2,0
9432,466,24,2,50,799.68,461.27,338.41,4,0.15,0
9433,592,20,7,45,855.0,555.92,299.08,2,0.0,0
9434,481,24,5,2,638.4,465.31,173.09,2,0.05,0
9435,100,4,6,48,2464.0,1512.83,951.17,5,0.2,0
9436,781,7,3,14,5460.0,3488.87,1971.13,1,0.0,1
9437,1066,28,6,31,184.68,126.97,57.71,4,0.1,0
9438,289,2,6,19,6440.0,4507.61,1932.39,2,0.0,0
9439,1062,14,7,33,216.6,126.27,90.33,2,0.05,0
9440,622,2,2,50,13860.0,7877.66,5982.34,5,0.1,0
9441,901,24,5,7,1995.0,1425.08,569.92,5,0.0,0
9442,259,15,2,42,5808.0,4063.53,1744.47,3,0.2,0
9443,397,25,2,38,99.23,57.94,41.29,3,0.1,0
9444,288,15,7,45,5060.0,2995.44,2064.56,2,0.0,0
9445,886,8,6,29,760.95,539.95,221.0,1,0.1,0
9446,824,21,9,49,50.4,37.71,12.69,2,0.0,0
9447,473,27,8,19,103.74,59.36,44.38,3,0.05,0
9448,916,6,8,17,1555.2,1142.57,412.63,4,0.1,0
9449,53,15,2,9,4620.0,2932.74,1687.26,2,0.0,0
9450,297,24,2,22,1449.0,1068.54,380.46,3,0.0,0
9451,450,15,4,38,6217.75,3981.95,2235.8,5,0.05,0
9452,42,9,2,17,907.2,595.73,311.47,3,0.1,0
9453,444,13,5,13,255.0,159.01,95.99,2,0.0,0
9454,67,13,4,9,605.62,387.81,217.81,5,0.05,0
9455,533,24,9,19,319.2,176.55,142.65,1,0.2,0
9456,8,26,10,37,87.12,60.04,27.08,4,0.1,0
9457,941,14,1,5,406.13,281.57,124.56,5,0.05,1
9458,800,22,8,37,38.08,25.37,12.71,2,0.2,0
9459,1011,30,9,44,262.2,177.68,84.52,2,0.05,0
9460,1012,19,9,39,1173.0,844.6,328.4,1,0.15,0
9461,1093,20,3,2,2065.5,1509.84,555.66,4,0.15,0
9462,481,23,4,34,68.0,38.87,29.13,1,0.0,0
9463,828,29,3,18,27.72,19.37,8.35,1,0.1,0
9464,685,26,3,46,105.6,74.46,31.14,4,0.0,0
9465,517,30,6,27,193.8,134.64,59.16,2,0.15,0
9466,674,1,6,20,5472.0,3815.72,1656.28,4,0.05,0
9467,590,17,9,1,974.7,600.66,374.04,3,0.1,0
9468,371,1,1,9,5940.0,4140.93,1799.07,5,0.1,0
9469,453,22,8,7,39.98,23.39,16.59,3,0.2,0
9470,395,22,9,43,154.0,109.0,45.0,5,0.0,0
9471,945,28,3,43,97.47,56.67,40.8,3,0.1,0
9472,607,27,1,48,293.31,196.92,96.39,5,0.05,0
9473,1007,8,9,44,3070.5,2074.03,996.47,3,0.0,0
9474,224,6,3,1,1824.0,1034.53,789.47,4,0.0,0
9475,98,11,7,1,2016.0,1169.33,846.67,2,0.0,0
9476,73,8,3,42,756.5,534.35,222.15,1,0.0,0
9477,391,15,9,2,2299.0,1511.56,787.44,1,0.05,0
9478,838,9,3,37,460.8,341.44,119.36,2,0.1,0
9479,751,2,8,41,15400.0,9009.81,6390.19,5,0.0,1
9480,16,2,9,9,4928.0,3581.37,1346.63,2,0.2,0
9481,249,8,1,41,3132.8,1786.33,1346.47,4,0.2,0
9482,651,22,8,4,96.6,64.31,32.29,3,0.0,0
9483,4,26,7,18,24.2,17.38,6.82,1,0.0,1
9484,254,17,3,12,836.0,478.64,357.36,2,0.0,0
9485,339,24,10,24,567.0,314.74,252.26,1,0.0,0
9486,399,29,3,47,57.75,38.34,19.41,1,0.0,0
9487,279,30,9,21,690.0,418.57,271.43,5,0.0,0
9488,479,11,1,12,2880.0,1994.82,885.18,2,0.0,0
9489,174,13,2,4,128.25,91.64,36.61,1,0.1,0
9490,459,22,3,6,15.68,10.54,5.14,1,0.0,0
9491,609,22,3,43,154.0,109.29,44.71,5,0.0,1
9492,506,21,6,8,191.25,116.84,74.41,5,0.15,0
9493,960,20,9,6,1624.5,971.96,652.54,4,0.05,0
9494,211,4,6,18,1683.0,964.01,718.99,2,0.15,0
9495,914,2,2,43,7560.0,5584.66,1975.34,3,0.0,0
9496,618,22,9,34,49.28,27.37,21.91,2,0.2,0
9497,713,13,3,42,172.12,95.55,76.57,1,0.15,0
9498,362,23,8,13,367.2,228.99,138.21,4,0.2,0
9499,419,20,8,9,1204.88,838.5,366.38,3,0.15,0
9500,646,13,6,27,621.0,430.57,190.43,4,0.1,1
9501,872,15,2,10,7040.0,5009.18,2030.82,4,0.2,1
9502,637,26,5,46,24.2,14.41,9.79,1,0.0,0
9503,923,5,6,13,5355.0,3745.51,1609.49,2,0.15,0
9504,932,26,1,30,39.6,24.92,14.68,2,0.0,0
9505,1044,16,9,28,1512.0,886.92,625.08,1,0.1,1
9506,125,23,3,45,153.0,105.62,47.38,2,0.1,0
9507,550,1,3,26,1026.0,741.59,284.41,1,0.05,0
9508,1065,22,5,21,33.6,20.63,12.97,1,0.0,0
9509,267,6,6,35,1425.6,816.88,608.72,3,0.1,0
9510,835,1,5,22,4320.0,2536.56,1783.44,5,0.1,0
9511,134,10,8,3,714.0,498.71,215.29,3,0.15,0
9512,945,22,2,31,47.88,27.52,20.36,2,0.1,0
9513,1052,4,6,16,2640.0,1955.95,684.05,2,0.0,0
9514,394,18,5,14,643.5,435.89,207.61,1,0.1,0
9515,930,17,9,42,684.0,392.33,291.67,2,0.0,1
9516,362,30,1,33,413.1,239.83,173.27,3,0.15,0
9517,820,9,6,40,952.0,710.61,241.39,5,0.0,0
9518,107,11,9,23,4032.0,2809.68,1222.32,4,0.0,0
9519,162,19,8,48,2907.0,1740.53,1166.47,3,0.15,0
9520,708,2,5,19,9072.0,6568.91,2503.09,3,0.2,1
9521,287,25,1,38,120.75,74.14,46.61,3,0.0,0
9522,178,6,9,14,364.8,207.78,157.02,1,0.2,0
9523,584,30,10,19,342.0,200.67,141.33,3,0.0,0
9524,289,20,10,22,2458.12,1838.57,619.55,5,0.05,0
9525,898,30,10,27,228.0,164.26,63.74,2,0.0,0
9526,657,27,6,2,299.0,216.49,82.51,5,0.2,1
9527,1089,21,7,46,182.25,132.37,49.88,3,0.0,0
9528,346,17,2,1,1308.15,938.35,369.8,3,0.15,0
9529,713,4,3,7,1188.0,869.59,318.41,1,0.2,0
9530,579,13,3,16,142.5,90.75,51.75,1,0.0,1
9531,757,27,6,25,121.55,77.21,44.34,2,0.15,0
9532,100,30,5,44,134.4,82.51,51.89,2,0.0,0
9533,84,3,6,26,1657.5,1063.6,593.9,3,0.0,1
9534,748,27,6,46,257.4,156.28,101.12,4,0.1,0
9535,799,24,8,14,963.9,714.25,249.65,3,0.1,0
9536,1034,7,10,25,11960.0,8383.11,3576.89,2,0.0,0
9537,537,23,2,43,323.0,229.81,93.19,4,0.0,1
9538,746,14,7,49,297.83,187.75,110.08,3,0.05,0
9539,436,8,7,23,2042.55,1283.55,759.0,3,0.1,0
9540,173,2,7,37,10108.0,6713.32,3394.68,4,0.05,0
9541,377,9,10,42,1408.0,838.21,569.79,4,0.0,0
9542,867,20,3,33,1350.0,835.56,514.44,3,0.0,0
9543,1079,7,8,39,20007.0,12793.83,7213.17,3,0.05,0
9544,1024,24,4,15,917.7,640.45,277.25,2,0.05,0
9545,109,16,9,28,2979.2,2098.85,880.35,4,0.05,0
9546,440,10,6,3,476.0,350.42,125.58,2,0.0,0
9547,205,14,6,20,363.38,264.29,99.09,5,0.15,0
9548,114,21,7,7,100.8,61.72,39.08,5,0.2,0
9549,1012,13,1,34,414.0,265.11,148.89,3,0.2,0
9550,879,26,1,14,88.0,60.04,27.96,4,0.0,1
9551,267,18,7,26,1430.0,929.31,500.69,2,0.0,1
9552,291,3,8,15,2840.5,1987.09,853.41,4,0.05,0
9553,892,14,8,15,451.25,282.29,168.96,5,0.0,0
9554,91,30,8,11,326.4,211.82,114.58,4,0.15,0
9555,400,14,6,46,379.05,214.18,164.87,4,0.05,0
9556,886,14,6,45,306.85,176.02,130.83,4,0.15,0
9557,321,6,7,8,921.6,542.97,378.63,2,0.2,0
9558,523,27,6,47,247.0,149.02,97.98,4,0.0,0
9559,179,15,7,18,8882.5,6499.13,2383.37,5,0.15,0
9560,617,26,9,41,24.2,16.11,8.09,1,0.0,1
9561,697,30,8,33,129.6,77.61,51.99,1,0.1,0
9562,35,16,1,15,2499.0,1432.36,1066.64,2,0.15,0
9563,856,16,1,22,2240.0,1343.3,896.7,2,0.2,1
9564,83,18,6,6,2486.25,1466.52,1019.73,5,0.1,0
9565,118,13,10,26,168.0,125.81,42.19,2,0.0,0
9566,746,14,10,6,104.5,75.08,29.42,1,0.0,0
9567,903,28,6,34,144.4,95.46,48.94,4,0.0,0
9568,58,30,5,4,302.4,182.52,119.88,3,0.2,1
9569,153,13,7,41,142.5,101.16,41.34,1,0.0,0
9570,672,10,9,23,604.8,445.81,158.99,2,0.1,0
9571,27,10,9,2,1386.0,1016.74,369.26,5,0.1,0
9572,980,29,5,44,272.25,188.35,83.9,5,0.1,0
9573,1086,23,5,47,114.75,70.0,44.75,1,0.0,0
9574,1028,15,2,14,11385.0,7624.24,3760.76,5,0.1,0
9575,471,11,5,49,2570.4,1551.87,1018.53,3,0.15,0
9576,48,11,8,13,1890.0,1263.07,626.93,1,0.0,0
9577,271,13,2,50,420.75,261.08,159.67,3,0.15,0
9578,1061,6,5,24,2188.8,1303.79,885.01,4,0.05,0
9579,735,4,3,34,1149.5,677.15,472.35,1,0.05,0
9580,892,8,2,30,1691.0,1185.12,505.88,2,0.0,0
9581,722,13,9,41,384.75,255.56,129.19,2,0.05,0
9582,917,2,1,8,6426.0,3577.85,2848.15,3,0.15,0
9583,554,7,2,28,8424.0,4931.76,3492.24,2,0.1,0
9584,830,6,2,16,645.12,379.89,265.23,3,0.2,0
9585,916,3,3,2,1667.25,1020.39,646.86,3,0.05,0
9586,142,8,9,28,845.5,550.29,295.21,1,0.05,0
9587,924,25,3,43,149.62,83.29,66.33,5,0.05,1
9588,758,13,5,45,396.0,236.27,159.73,3,0.2,0
9589,103,16,7,41,3332.0,1869.69,1462.31,5,0.15,0
9590,790,2,9,37,11172.0,6828.37,4343.63,4,0.05,0
9591,662,26,10,50,50.6,31.51,19.09,2,0.0,0
9592,1010,30,2,27,110.4,68.73,41.67,1,0.2,0
9593,872,7,4,25,4940.0,3387.75,1552.25,1,0.05,0
9594,162,28,4,44,72.2,40.71,31.49,2,0.0,0
9595,467,29,7,32,58.52,38.08,20.44,2,0.05,0
9596,81,18,2,27,2762.5,1628.62,1133.88,5,0.0,0
9597,557,5,1,26,5670.0,3933.95,1736.05,2,0.1,0
9598,1080,24,1,18,1134.0,826.16,307.84,2,0.0,0
9599,205,21,2,43,145.8,101.17,44.63,4,0.1,0
9600,328,3,2,20,1326.0,829.4,496.6,2,0.15,0
9601,1082,15,4,13,8464.5,5296.29,3168.21,3,0.05,1
9602,989,14,7,34,188.1,111.27,76.83,2,0.1,1
9603,1000,7,8,1,10296.0,7634.16,2661.84,2,0.1,0
9604,596,28,7,18,64.98,44.36,20.62,2,0.1,0
9605,1062,28,3,24,182.4,110.62,71.78,4,0.0,1
9606,691,25,6,17,75.6,45.3,30.3,2,0.1,0
9607,982,21,5,12,49.5,32.98,16.52,1,0.0,0
9608,92,12,5,44,11648.0,8272.66,3375.34,4,0.2,0
9609,541,24,9,38,1995.0,1099.88,895.12,5,0.0,0
9610,872,27,1,35,52.0,36.04,15.96,1,0.2,0
9611,451,19,4,43,3213.0,2326.69,886.31,5,0.1,0
9612,925,25,7,1,25.2,17.68,7.52,1,0.2,0
9613,982,2,10,33,5544.0,4136.21,1407.79,2,0.1,0
9614,688,10,9,41,1680.0,1136.33,543.67,5,0.0,0
9615,443,26,9,42,15.89,9.91,5.98,1,0.15,1
9616,842,8,5,29,605.2,379.73,225.47,1,0.15,0
9617,528,25,8,42,166.25,102.9,63.35,5,0.0,0
9618,635,9,6,9,1760.0,1098.46,661.54,5,0.0,0
9619,537,19,2,19,5700.0,3771.61,1928.39,5,0.0,0
9620,355,4,9,37,2970.0,2093.7,876.3,2,0.0,0
9621,1068,29,8,25,352.69,250.94,101.75,5,0.05,0
9622,779,3,9,18,648.38,398.4,249.98,1,0.05,0
9623,533,4,8,36,3344.0,2048.0,1296.0,4,0.2,1
9624,243,1,6,26,4560.0,3310.29,1249.71,4,0.0,0
9625,366,28,5,28,83.6,48.99,34.61,2,0.0,0
9626,1010,18,7,22,1495.0,965.94,529.06,2,0.0,0
9627,801,15,4,28,1309.0,961.05,347.95,1,0.0,0
9628,228,21,3,18,115.43,73.4,42.03,3,0.1,0
9629,563,16,10,37,5040.0,3666.25,1373.75,5,0.2,1
9630,208,18,6,5,2632.5,1664.31,968.19,5,0.1,0
9631,325,16,7,10,7560.0,5112.59,2447.41,5,0.1,0
9632,450,16,2,2,2249.1,1425.38,823.72,3,0.1,1
9633,405,8,10,33,934.5,597.28,337.22,1,0.0,1
9634,312,30,8,12,288.0,169.35,118.65,2,0.0,1
9635,1003,30,6,35,132.0,83.85,48.15,1,0.0,0
9636,800,30,10,48,408.0,265.49,142.51,4,0.0,0
9637,550,22,8,29,80.64,46.27,34.37,4,0.2,0
9638,647,20,4,34,465.75,330.13,135.62,1,0.1,0
9639,952,17,7,50,361.0,235.98,125.02,1,0.0,0
9640,338,18,4,44,2106.0,1482.66,623.34,3,0.2,0
9641,550,2,3,28,2142.0,1397.8,744.2,1,0.15,1
9642,682,22,9,47,142.8,94.72,48.08,5,0.15,0
9643,435,12,5,4,22100.0,13547.5,8552.5,5,0.2,1
9644,595,6,1,20,1824.0,1135.4,688.6,5,0.2,0
9645,367,17,8,25,1421.2,878.03,543.17,4,0.15,0
9646,466,25,9,27,70.56,46.1,24.46,4,0.1,0
9647,702,21,4,49,243.0,139.97,103.03,5,0.2,0
9648,179,28,4,48,68.59,40.52,28.07,2,0.05,0
9649,810,22,5,4,83.3,55.82,27.48,5,0.0,0
9650,587,18,10,4,1235.0,807.92,427.08,2,0.0,0
9651,958,8,6,40,4227.5,2808.51,1418.99,5,0.0,0
9652,647,16,9,28,4105.5,2484.71,1620.79,3,0.15,0
9653,335,19,7,6,3240.0,2293.7,946.3,2,0.0,0
9654,1046,15,1,3,2376.0,1329.45,1046.55,1,0.1,0
9655,586,14,6,10,76.71,52.38,24.33,1,0.15,0
9656,311,12,7,10,23400.0,13894.44,9505.56,3,0.0,0
9657,314,27,10,10,74.1,46.96,27.14,1,0.05,0
9658,752,30,7,42,422.4,274.17,148.23,4,0.2,1
9659,902,2,8,4,2128.0,1192.14,935.86,1,0.2,1
9660,768,23,6,31,267.75,195.91,71.84,3,0.0,1
9661,265,11,8,36,5049.0,2984.84,2064.16,3,0.15,0
9662,211,16,2,44,6300.0,4540.69,1759.31,5,0.0,0
9663,827,20,2,45,214.2,148.63,65.57,1,0.15,0
9664,166,17,9,32,866.4,564.01,302.39,3,0.2,0
9665,245,17,7,9,752.4,444.73,307.67,2,0.1,0
9666,117,17,8,5,1064.0,686.67,377.33,5,0.0,0
9667,824,27,3,49,36.4,26.96,9.44,1,0.0,0
9668,530,29,8,46,41.8,27.77,14.03,1,0.2,0
9669,890,21,6,28,213.75,151.91,61.84,5,0.0,0
9670,113,7,8,1,13832.0,10357.84,3474.16,5,0.05,0
9671,620,14,4,38,104.5,60.44,44.06,1,0.0,0
9672,601,6,4,31,2280.0,1457.43,822.57,5,0.0,0
9673,283,29,4,8,180.26,99.29,80.97,3,0.05,0
9674,299,13,1,48,491.62,359.27,132.35,3,0.05,0
9675,322,20,3,26,1944.0,1132.33,811.67,4,0.1,0
9676,275,2,2,15,9660.0,6991.17,2668.83,3,0.0,0
9677,1044,27,8,28,156.0,90.39,65.61,2,0.0,0
9678,807,5,9,8,1874.25,1037.52,836.73,1,0.1,0
9679,801,23,9,35,151.72,94.51,57.21,3,0.0,0
9680,716,30,9,12,648.0,420.92,227.08,4,0.0,1
9681,578,15,9,34,10450.0,6368.26,4081.74,5,0.0,0
9682,256,20,9,32,2475.0,1719.52,755.48,5,0.0,0
9683,247,26,8,10,38.72,22.3,16.42,2,0.2,0
9684,461,20,3,46,1008.0,616.13,391.87,4,0.0,0
9685,1086,16,1,24,5670.0,4032.27,1637.73,3,0.0,0
9686,688,23,5,32,306.0,180.06,125.94,3,0.0,0
9687,231,30,4,27,570.0,406.12,163.88,5,0.0,0
9688,324,24,5,38,2520.0,1525.82,994.18,5,0.0,0
9689,963,28,2,31,171.48,111.95,59.53,5,0.05,0
9690,730,24,4,45,2268.0,1247.65,1020.35,4,0.0,0
9691,642,25,5,22,144.9,87.87,57.03,4,0.1,0
9692,758,8,8,14,3916.0,2283.95,1632.05,4,0.0,0
9693,708,7,8,10,21060.0,12736.99,8323.01,3,0.0,1
9694,247,6,3,25,2640.0,1946.05,693.95,5,0.0,0
9695,496,14,10,11,95.0,63.27,31.73,1,0.0,0
9696,709,23,9,24,183.6,112.44,71.16,2,0.2,1
9697,276,20,8,2,2328.75,1445.98,882.77,5,0.1,0
9698,967,1,7,43,3420.0,1933.4,1486.6,3,0.0,1
9699,1012,9,9,37,1177.6,765.38,412.22,4,0.2,0
9700,878,27,4,32,234.0,134.61,99.39,4,0.1,0
9701,13,11,10,41,8415.0,5038.32,3376.68,5,0.15,0
9702,48,10,5,50,1058.4,642.45,415.95,4,0.1,0
9703,78,26,6,7,50.49,30.53,19.96,3,0.1,0
9704,125,8,6,27,1691.0,1260.74,430.26,2,0.05,1
9705,155,1,6,3,912.0,610.9,301.1,1,0.2,0
9706,215,30,10,41,342.0,218.25,123.75,3,0.0,0
9707,197,15,8,48,5940.0,3929.9,2010.1,3,0.0,0
9708,638,16,10,29,3927.0,2326.52,1600.48,3,0.15,0
9709,241,12,5,21,5866.25,3577.2,2289.05,1,0.05,0
9710,1083,5,9,35,8977.5,6453.5,2524.0,2,0.05,0
9711,4,2,10,30,7392.0,4220.9,3171.1,3,0.2,0
9712,851,18,3,50,2210.0,1607.9,602.1,5,0.15,1
9713,1006,24,6,32,434.7,297.69,137.01,1,0.1,0
9714,942,27,3,41,117.0,80.42,36.58,2,0.0,0
9715,711,27,8,36,280.8,190.96,89.84,4,0.2,0
9716,517,4,4,1,888.25,639.0,249.25,1,0.15,0
9717,330,6,1,27,1641.6,961.29,680.31,3,0.05,0
9718,877,16,3,40,7000.0,4433.44,2566.56,5,0.0,0
9719,626,23,2,47,93.5,67.46,26.04,1,0.0,0
9720,364,20,7,13,2581.88,1422.39,1159.49,5,0.15,0
9721,315,27,9,4,156.0,96.61,59.39,2,0.0,0
9722,331,6,7,21,2880.0,1987.29,892.71,5,0.0,0
9723,358,19,3,23,5832.0,3437.61,2394.39,4,0.1,0
9724,851,17,2,9,608.0,373.97,234.03,2,0.0,0
9725,671,5,7,4,4200.0,2843.48,1356.52,1,0.0,0
9726,220,29,3,16,49.64,29.41,20.23,1,0.05,0
9727,126,30,2,41,240.0,136.19,103.81,2,0.0,0
9728,408,24,7,23,705.6,401.51,304.09,2,0.2,0
9729,908,26,5,22,33.44,18.71,14.73,2,0.2,0
9730,105,2,10,37,1568.0,1053.0,515.0,1,0.0,0
9731,240,11,9,2,6840.0,4270.18,2569.82,5,0.2,0
9732,130,27,6,2,195.0,113.71,81.29,3,0.0,0
9733,704,2,2,8,6804.0,4362.21,2441.79,2,0.1,0
9734,679,2,9,12,12768.0,9070.6,3697.4,4,0.05,0
9735,113,19,8,16,3360.0,2142.89,1217.11,5,0.0,0
9736,583,20,4,32,384.75,218.79,165.96,1,0.1,0
9737,227,10,2,17,904.4,594.75,309.65,4,0.15,0
9738,248,26,8,21,96.8,54.06,42.74,4,0.0,0
9739,466,26,5,35,24.64,18.14,6.5,2,0.0,0
9740,327,15,6,15,8976.0,5268.68,3707.32,4,0.15,1
9741,969,20,10,48,427.5,250.79,176.71,1,0.0,0
9742,396,24,5,31,1386.0,985.47,400.53,3,0.0,0
9743,144,29,8,36,110.0,76.59,33.41,2,0.0,0
9744,773,30,5,3,340.2,251.05,89.15,3,0.1,0
9745,150,4,9,24,3135.0,2022.17,1112.83,3,0.05,0
9746,48,15,8,24,8778.0,6578.22,2199.78,4,0.05,0
9747,270,30,8,5,105.6,75.22,30.38,1,0.2,0
9748,70,10,3,50,238.0,131.9,106.1,1,0.0,0
9749,715,8,9,25,6007.5,4336.65,1670.85,5,0.0,0
9750,957,18,1,1,1976.0,1344.4,631.6,4,0.2,0
9751,239,30,7,39,114.0,81.43,32.57,1,0.0,0
9752,534,23,8,21,242.25,169.4,72.85,3,0.0,0
9753,1075,4,5,20,4455.0,3129.83,1325.17,3,0.0,0
9754,842,24,10,11,1276.8,746.81,529.99,4,0.05,0
9755,705,4,10,45,7425.0,5144.9,2280.1,5,0.0,0
9756,478,7,5,45,17680.0,10799.83,6880.17,5,0.15,0
9757,691,29,3,37,330.0,212.0,118.0,5,0.0,0
9758,930,3,4,24,2632.5,1766.29,866.21,5,0.1,0
9759,843,4,7,2,880.0,520.09,359.91,1,0.0,0
9760,1009,17,8,5,2075.75,1415.01,660.74,5,0.05,0
9761,1075,21,10,11,243.0,145.39,97.61,5,0.2,0
9762,924,16,3,21,6300.0,3526.29,2773.71,5,0.0,0
9763,11,28,7,12,125.4,83.66,41.74,3,0.0,0
9764,837,23,7,43,272.0,167.78,104.22,4,0.0,1
9765,4,14,9,37,83.6,61.0,22.6,1,0.2,0
9766,758,24,3,33,1848.0,1293.8,554.2,5,0.2,0
9767,943,21,9,17,38.48,26.24,12.24,1,0.05,0
9768,236,19,1,12,2736.0,1570.82,1165.18,3,0.2,1
9769,214,16,8,9,2527.0,1677.97,849.03,2,0.05,0
9770,470,2,10,1,4704.0,3349.13,1354.87,3,0.0,0
9771,115,4,10,11,1848.0,1329.8,518.2,3,0.0,0
9772,876,10,8,2,756.0,472.15,283.85,3,0.1,0
9773,94,6,4,6,430.08,275.23,154.85,2,0.2,1
9774,602,23,5,32,64.6,39.98,24.62,1,0.2,0
9775,107,7,8,7,7425.6,5135.07,2290.53,3,0.15,0
9776,992,9,9,33,633.6,367.36,266.24,2,0.1,0
9777,114,3,3,3,618.8,461.59,157.21,2,0.15,1
9778,653,26,3,26,50.6,32.73,17.87,2,0.0,1
9779,872,22,8,37,71.4,50.85,20.55,3,0.15,0
9780,948,4,9,28,4180.0,3125.59,1054.41,5,0.2,0
9781,33,26,1,28,109.72,65.72,44.0,5,0.05,0
9782,1055,15,10,17,11220.0,6503.13,4716.87,5,0.15,1
9783,432,4,6,7,935.0,678.17,256.83,1,0.0,1
9784,161,26,8,33,41.8,31.32,10.48,2,0.0,0
9785,940,3,10,4,2486.25,1465.45,1020.8,5,0.15,0
9786,871,24,2,31,1680.0,1094.39,585.61,4,0.0,0
9787,1077,26,9,16,95.04,59.45,35.59,4,0.2,0
9788,139,21,8,5,90.0,55.64,34.36,2,0.0,0
9789,924,12,9,17,29250.0,19652.65,9597.35,5,0.0,0
9790,981,18,3,27,2145.0,1516.13,628.87,3,0.0,1
9791,553,30,5,20,216.0,121.45,94.55,2,0.0,1
9792,1069,11,6,38,12150.0,6819.71,5330.29,5,0.0,0
9793,222,16,6,28,4522.0,3103.92,1418.08,4,0.15,0
9794,3,27,4,48,357.5,235.16,122.34,5,0.0,0
9795,414,6,1,1,1713.6,1012.35,701.25,4,0.15,0
9796,805,11,5,15,4284.0,2446.63,1837.37,4,0.0,0
9797,807,26,10,38,23.56,15.83,7.73,2,0.1,0
9798,274,9,10,29,1472.0,1090.22,381.78,4,0.0,0
9799,449,10,9,32,566.44,388.69,177.75,4,0.15,0
9800,455,4,1,46,2945.25,2163.4,781.85,5,0.1,0
9801,745,7,2,8,13728.0,8902.45,4825.55,3,0.2,0
9802,286,25,7,22,80.5,58.22,22.28,2,0.0,0
9803,20,13,9,17,627.0,450.4,176.6,4,0.05,1
9804,732,28,7,24,209.0,116.31,92.69,5,0.0,0
9805,172,21,1,14,171.0,113.99,57.01,4,0.0,0
9806,869,10,6,27,1120.0,651.75,468.25,4,0.0,0
9807,332,10,10,36,1276.8,865.65,411.15,4,0.05,0
9808,659,12,8,48,14950.0,10251.07,4698.93,2,0.0,1
9809,134,23,10,6,153.0,114.2,38.8,2,0.1,0
9810,496,26,10,45,22.0,15.56,6.44,1,0.0,0
9811,925,14,8,47,171.0,120.53,50.47,2,0.0,0
9812,173,25,2,14,99.75,71.09,28.66,3,0.0,0
9813,387,14,7,34,522.5,372.98,149.52,5,0.0,0
9814,289,16,9,14,6118.0,3953.81,2164.19,4,0.05,0
9815,385,6,5,22,2112.0,1563.2,548.8,4,0.0,0
9816,677,28,6,18,182.4,134.57,47.83,5,0.2,0
9817,975,6,8,44,2112.0,1271.65,840.35,4,0.0,1
9818,357,29,9,6,282.15,161.41,120.74,4,0.05,0
9819,588,9,5,12,1520.0,1013.1,506.9,5,0.0,0
9820,356,9,8,3,432.0,252.08,179.92,1,0.0,0
9821,761,11,5,31,1980.0,1108.66,871.34,1,0.0,0
9822,181,13,9,3,712.5,446.12,266.38,5,0.0,0
9823,553,5,4,40,14962.5,10140.27,4822.23,5,0.05,0
9824,987,11,4,9,8910.0,5910.03,2999.97,5,0.1,0
9825,208,18,8,45,1579.5,1049.94,529.56,3,0.1,0
9826,1085,10,2,38,1020.6,598.77,421.83,3,0.1,0
9827,606,22,2,5,119.7,65.93,53.77,5,0.1,0
9828,553,13,8,3,128.25,73.28,54.97,1,0.05,0
9829,440,18,5,32,994.5,561.48,433.02,2,0.1,0
9830,812,8,8,1,2118.2,1194.87,923.33,4,0.0,0
9831,262,5,7,5,15400.0,9414.69,5985.31,4,0.0,0
9832,799,10,10,33,642.6,356.04,286.56,3,0.1,0
9833,712,6,5,4,648.0,415.28,232.72,1,0.0,0
9834,600,19,4,21,4104.0,2351.69,1752.31,4,0.1,0
9835,967,16,1,5,3990.0,2348.96,1641.04,3,0.0,0
9836,1014,20,3,43,2587.5,1858.2,729.3,5,0.0,0
9837,255,30,3,16,561.0,322.44,238.56,5,0.15,1
9838,1005,9,1,4,1472.0,875.39,596.61,4,0.0,0
9839,337,18,5,14,1755.0,1197.09,557.91,2,0.0,0
9840,437,11,7,31,2754.0,1668.51,1085.49,2,0.1,1
9841,586,27,8,12,123.5,90.22,33.28,2,0.0,0
9842,981,5,9,16,7700.0,4704.22,2995.78,2,0.0,0
9843,776,2,4,12,5880.0,4008.42,1871.58,2,0.0,0
9844,206,16,6,34,2520.0,1729.62,790.38,2,0.0,0
9845,147,27,8,15,58.5,41.68,16.82,1,0.1,0
9846,172,24,9,49,339.15,236.98,102.17,1,0.15,0
9847,294,10,3,18,257.6,185.45,72.15,1,0.2,0
9848,464,12,10,32,10920.0,6306.01,4613.99,3,0.0,0
9849,467,5,1,49,9800.0,6543.81,3256.19,5,0.0,0
9850,74,27,1,39,99.45,59.28,40.17,2,0.1,0
9851,1093,12,2,18,26325.0,15898.37,10426.63,3,0.0,0
9852,639,10,5,47,966.0,682.98,283.02,3,0.0,0
9853,949,30,4,32,216.6,143.48,73.12,2,0.05,0
9854,474,7,5,35,5824.0,3768.34,2055.66,2,0.0,0
9855,917,21,4,32,202.5,115.12,87.38,5,0.0,1
9856,402,29,2,7,231.0,137.01,93.99,4,0.0,0
9857,861,9,6,25,1520.0,971.22,548.78,5,0.05,0
9858,908,2,6,31,2128.0,1539.63,588.37,1,0.2,0
9859,178,21,9,15,68.4,49.97,18.43,2,0.2,0
9860,810,6,6,22,285.6,168.84,116.76,1,0.0,0
9861,625,4,1,46,2057.0,1238.47,818.53,2,0.15,0
9862,478,15,4,43,3520.0,2594.1,925.9,2,0.0,0
9863,263,5,1,6,15400.0,11438.47,3961.53,4,0.0,0
9864,359,28,3,41,164.16,122.13,42.03,4,0.2,1
9865,813,18,7,41,1643.69,1149.13,494.56,5,0.15,0
9866,472,1,8,2,3024.0,2250.86,773.14,5,0.1,0
9867,835,26,4,39,79.2,57.1,22.1,5,0.1,0
9868,880,18,2,37,1170.0,776.72,393.28,2,0.1,0
9869,166,3,1,9,2778.75,1697.92,1080.83,5,0.1,0
9870,1078,28,4,21,41.04,27.24,13.8,1,0.2,0
9871,908,12,4,9,26243.75,16473.52,9770.23,5,0.15,0
9872,1026,24,7,13,966.0,665.92,300.08,2,0.0,0
9873,497,24,1,26,1008.0,594.15,413.85,3,0.2,0
9874,803,30,10,5,60.69,40.15,20.54,1,0.15,0
9875,228,3,6,6,2470.0,1767.98,702.02,4,0.0,0
9876,517,30,7,22,456.0,264.23,191.77,5,0.2,0
9877,768,30,10,31,630.0,401.0,229.0,5,0.0,0
9878,1080,1,1,19,6480.0,3822.05,2657.95,4,0.0,0
9879,83,24,1,34,1428.0,1031.2,396.8,5,0.2,0
9880,389,30,10,6,224.4,167.65,56.75,2,0.15,0
9881,503,4,1,24,1980.0,1294.03,685.97,2,0.1,0
9882,454,4,3,40,654.5,474.3,180.2,1,0.0,0
9883,331,17,3,16,1824.0,1160.56,663.44,4,0.0,0
9884,43,22,10,32,49.98,37.37,12.61,2,0.15,0
9885,424,23,9,11,89.25,64.19,25.06,1,0.0,0
9886,194,2,2,24,2520.0,1847.05,672.95,1,0.0,1
9887,1004,26,9,20,114.95,78.77,36.18,5,0.05,0
9888,317,23,1,38,346.8,250.08,96.72,4,0.15,0
9889,831,28,7,43,60.8,45.26,15.54,2,0.0,0
9890,635,11,4,5,8415.0,6072.47,2342.53,5,0.15,1
9891,571,5,3,14,12600.0,8803.66,3796.34,4,0.0,0
9892,969,3,5,31,1049.75,719.8,329.95,2,0.15,0
9893,775,26,3,13,36.96,21.27,15.69,2,0.2,0
9894,763,2,10,43,8820.0,6293.75,2526.25,3,0.0,1
9895,1054,8,2,32,2723.4,1814.38,909.02,3,0.15,0
9896,851,1,2,26,912.0,631.99,280.01,1,0.05,0
9897,786,8,1,32,1775.55,1034.31,741.24,2,0.05,0
9898,648,16,6,35,4347.0,2600.37,1746.63,3,0.1,0
9899,244,15,1,7,3872.0,2527.13,1344.87,2,0.2,0
9900,209,1,3,37,2592.0,1654.55,937.45,3,0.2,0
9901,355,22,4,15,102.06,64.9,37.16,3,0.1,0
9902,291,22,3,15,77.28,44.53,32.75,3,0.2,0
9903,156,1,2,17,2736.0,1582.02,1153.98,3,0.2,1
9904,744,13,7,22,627.0,397.67,229.33,4,0.05,0
9905,828,4,3,23,585.2,352.07,233.13,1,0.05,0
9906,256,1,9,20,2376.0,1561.76,814.24,2,0.1,0
9907,410,23,10,2,151.72,86.49,65.23,2,0.15,0
9908,536,13,7,34,114.0,84.41,29.59,1,0.2,0
9909,804,22,9,31,42.48,28.12,14.36,3,0.15,0
9910,211,15,7,43,7920.0,4589.43,3330.57,4,0.0,0
9911,770,30,9,21,598.5,374.43,224.07,5,0.05,0
9912,877,19,3,28,3240.0,2221.05,1018.95,3,0.1,0
9913,83,6,9,11,1305.6,963.82,341.78,4,0.2,0
9914,841,20,5,46,1800.0,1109.54,690.46,5,0.0,0
9915,642,15,7,16,7590.0,5406.21,2183.79,3,0.0,0
9916,351,2,1,7,7182.0,4902.31,2279.69,2,0.05,0
9917,742,30,3,47,660.0,393.96,266.04,5,0.0,0
9918,541,6,1,19,1550.4,966.42,583.98,4,0.15,1
9919,642,6,2,42,1876.8,1055.43,821.37,4,0.15,0
9920,974,5,7,32,11970.0,7901.69,4068.31,4,0.1,1
9921,98,5,1,13,1960.0,1152.82,807.18,1,0.0,0
9922,995,15,10,2,2057.0,1169.23,887.77,1,0.15,1
9923,739,29,4,12,108.9,71.73,37.17,2,0.1,0
9924,694,12,6,1,24960.0,14533.4,10426.6,4,0.2,0
9925,253,2,7,13,2772.0,1820.92,951.08,1,0.1,0
9926,111,14,7,29,212.8,147.09,65.71,4,0.0,0
9927,68,22,7,21,22.61,14.01,8.6,1,0.05,0
9928,822,11,5,31,1915.2,1067.62,847.58,2,0.05,0
9929,133,26,5,8,66.0,39.41,26.59,3,0.0,0
9930,1083,16,1,50,1890.0,1254.01,635.99,1,0.0,0
9931,709,2,7,41,18900.0,13440.43,5459.57,5,0.0,0
9932,817,8,4,33,529.55,311.82,217.73,1,0.0,0
9933,609,21,4,42,94.05,52.61,41.44,2,0.05,0
9934,12,7,8,27,5720.0,3875.82,1844.18,1,0.0,0
9935,1021,2,8,16,12880.0,9403.38,3476.62,4,0.0,0
9936,89,8,2,28,3215.12,2052.68,1162.44,5,0.15,0
9937,29,9,7,42,1408.0,786.88,621.12,4,0.0,0
9938,485,24,2,38,1680.0,1116.76,563.24,5,0.0,0
9939,561,9,10,46,1440.0,980.06,459.94,5,0.0,0
9940,746,20,1,12,2351.25,1579.81,771.44,5,0.05,0
9941,312,14,3,9,342.0,250.94,91.06,3,0.0,0
9942,624,29,2,40,154.28,95.49,58.79,3,0.15,0
9943,90,17,10,3,1227.4,681.22,546.18,4,0.05,0
9944,545,1,10,42,969.0,679.44,289.56,1,0.15,0
9945,161,30,7,37,228.0,136.59,91.41,2,0.0,1
9946,405,8,7,13,2803.5,1987.03,816.47,3,0.0,0
9947,64,9,4,13,462.4,324.58,137.82,2,0.15,0
9948,547,27,6,33,55.58,33.93,21.65,1,0.05,1
9949,852,30,2,22,204.0,132.78,71.22,2,0.15,0
9950,672,30,10,7,410.4,264.0,146.4,3,0.05,0
9951,38,21,8,45,236.25,156.92,79.33,5,0.0,0
9952,60,14,1,43,403.75,233.3,170.45,5,0.0,0
9953,128,13,1,10,675.0,468.69,206.31,5,0.1,1
9954,544,30,9,38,456.0,279.26,176.74,4,0.0,0
9955,840,16,6,39,3584.0,2207.27,1376.73,4,0.2,1
9956,38,25,1,12,31.24,20.74,10.5,1,0.15,0
9957,913,30,7,20,432.0,293.88,138.12,4,0.0,0
9958,839,22,1,6,89.6,56.42,33.18,4,0.0,0
9959,894,14,3,22,324.9,201.23,123.67,4,0.1,0
9960,762,3,7,9,2900.62,1960.63,939.99,5,0.15,0
9961,224,26,5,12,33.44,21.91,11.53,2,0.2,1
9962,599,16,5,25,6317.5,4133.49,2184.01,5,0.05,1
9963,432,14,9,5,403.75,294.7,109.05,5,0.0,0
9964,564,9,7,15,734.4,484.73,249.67,3,0.15,0
9965,88,24,3,29,642.6,365.46,277.14,2,0.1,0
9966,255,4,3,7,2178.0,1215.62,962.38,2,0.1,1
9967,1070,17,9,19,461.7,346.1,115.6,1,0.1,1
9968,345,13,4,6,344.25,210.09,134.16,2,0.15,0
9969,57,15,9,5,11550.0,7793.66,3756.34,5,0.0,1
9970,263,4,10,43,2178.0,1613.9,564.1,2,0.1,0
9971,341,30,10,14,162.0,99.18,62.82,1,0.0,0
9972,461,3,2,24,1037.4,740.23,297.17,3,0.05,0
9973,926,21,1,17,172.13,116.22,55.91,5,0.15,0
9974,1093,22,9,43,75.6,53.53,22.07,2,0.0,0
9975,357,1,7,43,1620.0,1158.52,461.48,1,0.0,0
9976,635,8,3,33,2937.0,2109.77,827.23,3,0.0,0
9977,267,27,10,43,357.5,234.93,122.57,5,0.0,0
9978,1046,9,4,5,364.8,221.99,142.81,1,0.05,1
9979,539,17,8,27,1083.0,691.35,391.65,3,0.0,0
9980,13,19,3,4,1188.0,786.81,401.19,1,0.1,0
9981,857,21,10,48,225.0,130.4,94.6,5,0.0,0
9982,557,2,2,8,10080.0,7243.0,2837.0,4,0.0,1
9983,180,25,7,35,31.59,18.9,12.69,1,0.05,0
9984,1063,4,10,30,3366.0,2285.96,1080.04,3,0.15,0
9985,932,16,3,5,5040.0,3333.01,1706.99,5,0.2,1
9986,883,14,6,42,76.71,47.32,29.39,1,0.15,0
9987,759,8,5,2,783.2,454.26,328.94,1,0.2,0
9988,1010,3,7,5,2990.0,2123.38,866.62,4,0.0,0
9989,480,22,10,37,67.2,48.76,18.44,3,0.0,0
9990,877,4,2,35,3960.0,2587.61,1372.39,4,0.1,1
9991,353,21,2,33,164.03,96.13,67.9,3,0.1,1
9992,106,30,1,19,181.44,105.05,76.39,3,0.1,1
9993,546,14,9,40,342.95,231.78,111.17,4,0.05,0
9994,842,25,2,8,140.0,89.97,50.03,5,0.0,0
9995,192,27,1,37,117.0,86.12,30.88,2,0.0,0
9996,473,15,9,45,4681.6,2876.01,1805.59,4,0.05,0
9997,970,29,2,39,156.75,101.34,55.41,3,0.0,0
9998,391,9,2,42,633.6,401.48,232.12,2,0.1,0
9999,951,13,8,44,242.25,156.37,85.88,2,0.15,0
10000,349,12,10,46,8336.25,6156.13,2180.12,1,0.05,0
